2026-04-22 01:02:09.395 +02:00 [INF] Environment: Development
2026-04-22 01:02:09.623 +02:00 [INF] Initializing database
2026-04-22 01:02:10.732 +02:00 [ERR] An error occurred using the connection to database 'hotel_booking' on server 'tcp://localhost:5432'.
2026-04-22 01:02:11.784 +02:00 [INF] Executed DbCommand (604ms) [Parameters=[], CommandType='"Text"', CommandTimeout='30']
CREATE DATABASE hotel_booking;
2026-04-22 01:02:12.099 +02:00 [INF] Executed DbCommand (11ms) [Parameters=[], CommandType='"Text"', CommandTimeout='30']
CREATE TABLE IF NOT EXISTS "__EFMigrationsHistory" (
    "MigrationId" character varying(150) NOT NULL,
    "ProductVersion" character varying(32) NOT NULL,
    CONSTRAINT "PK___EFMigrationsHistory" PRIMARY KEY ("MigrationId")
);
2026-04-22 01:02:12.122 +02:00 [INF] Executed DbCommand (2ms) [Parameters=[], CommandType='"Text"', CommandTimeout='30']
LOCK TABLE "__EFMigrationsHistory" IN ACCESS EXCLUSIVE MODE
2026-04-22 01:02:12.131 +02:00 [INF] Executed DbCommand (4ms) [Parameters=[], CommandType='"Text"', CommandTimeout='30']
SELECT "MigrationId", "ProductVersion"
FROM "__EFMigrationsHistory"
ORDER BY "MigrationId";
2026-04-22 01:02:12.146 +02:00 [INF] Applying migration '20260421124954_InitialCreate'.
2026-04-22 01:02:12.201 +02:00 [INF] Executed DbCommand (8ms) [Parameters=[], CommandType='"Text"', CommandTimeout='30']
CREATE TABLE "Rooms" (
    "Id" uuid NOT NULL,
    "Number" character varying(10) NOT NULL,
    "Floor" integer NOT NULL,
    "Type" integer NOT NULL,
    "Status" integer NOT NULL,
    "PricePerNight" numeric(10,2) NOT NULL,
    "Capacity" integer NOT NULL,
    "Description" character varying(1000) NOT NULL,
    "CreatedAt" timestamp with time zone NOT NULL,
    "UpdatedAt" timestamp with time zone,
    CONSTRAINT "PK_Rooms" PRIMARY KEY ("Id")
);
2026-04-22 01:02:12.210 +02:00 [INF] Executed DbCommand (5ms) [Parameters=[], CommandType='"Text"', CommandTimeout='30']
CREATE TABLE "Users" (
    "Id" uuid NOT NULL,
    "FirstName" character varying(100) NOT NULL,
    "LastName" character varying(100) NOT NULL,
    "Email" character varying(200) NOT NULL,
    "PasswordHash" text NOT NULL,
    "PhoneNumber" character varying(20) NOT NULL,
    "Role" integer NOT NULL,
    "IsActive" boolean NOT NULL,
    "CreatedAt" timestamp with time zone NOT NULL,
    "UpdatedAt" timestamp with time zone,
    CONSTRAINT "PK_Users" PRIMARY KEY ("Id")
);
2026-04-22 01:02:12.227 +02:00 [INF] Executed DbCommand (10ms) [Parameters=[], CommandType='"Text"', CommandTimeout='30']
CREATE TABLE "Bookings" (
    "Id" uuid NOT NULL,
    "UserId" uuid NOT NULL,
    "RoomId" uuid NOT NULL,
    "CheckInDate" date NOT NULL,
    "CheckOutDate" date NOT NULL,
    "ActualCheckIn" timestamp with time zone,
    "ActualCheckOut" timestamp with time zone,
    "Status" integer NOT NULL,
    "GuestCount" integer NOT NULL,
    "SpecialRequests" character varying(500),
    "TotalAmount" numeric(10,2) NOT NULL,
    "CreatedAt" timestamp with time zone NOT NULL,
    "UpdatedAt" timestamp with time zone,
    CONSTRAINT "PK_Bookings" PRIMARY KEY ("Id"),
    CONSTRAINT "FK_Bookings_Rooms_RoomId" FOREIGN KEY ("RoomId") REFERENCES "Rooms" ("Id") ON DELETE RESTRICT,
    CONSTRAINT "FK_Bookings_Users_UserId" FOREIGN KEY ("UserId") REFERENCES "Users" ("Id") ON DELETE RESTRICT
);
2026-04-22 01:02:12.247 +02:00 [INF] Executed DbCommand (7ms) [Parameters=[], CommandType='"Text"', CommandTimeout='30']
CREATE TABLE "HousekeepingTasks" (
    "Id" uuid NOT NULL,
    "RoomId" uuid NOT NULL,
    "AssignedToUserId" uuid,
    "Status" integer NOT NULL,
    "Notes" character varying(500) NOT NULL,
    "CompletedAt" timestamp with time zone,
    "ScheduledDate" timestamp with time zone NOT NULL,
    "CreatedAt" timestamp with time zone NOT NULL,
    "UpdatedAt" timestamp with time zone,
    CONSTRAINT "PK_HousekeepingTasks" PRIMARY KEY ("Id"),
    CONSTRAINT "FK_HousekeepingTasks_Rooms_RoomId" FOREIGN KEY ("RoomId") REFERENCES "Rooms" ("Id") ON DELETE CASCADE,
    CONSTRAINT "FK_HousekeepingTasks_Users_AssignedToUserId" FOREIGN KEY ("AssignedToUserId") REFERENCES "Users" ("Id") ON DELETE SET NULL
);
2026-04-22 01:02:12.253 +02:00 [INF] Executed DbCommand (4ms) [Parameters=[], CommandType='"Text"', CommandTimeout='30']
CREATE TABLE "Invoices" (
    "Id" uuid NOT NULL,
    "BookingId" uuid NOT NULL,
    "InvoiceNumber" character varying(50) NOT NULL,
    "RoomCharges" numeric(10,2) NOT NULL,
    "TaxAmount" numeric(10,2) NOT NULL,
    "TotalAmount" numeric(10,2) NOT NULL,
    "TaxRate" numeric(5,4) NOT NULL,
    "IssuedAt" timestamp with time zone NOT NULL,
    "CreatedAt" timestamp with time zone NOT NULL,
    "UpdatedAt" timestamp with time zone,
    CONSTRAINT "PK_Invoices" PRIMARY KEY ("Id"),
    CONSTRAINT "FK_Invoices_Bookings_BookingId" FOREIGN KEY ("BookingId") REFERENCES "Bookings" ("Id") ON DELETE CASCADE
);
2026-04-22 01:02:12.260 +02:00 [INF] Executed DbCommand (3ms) [Parameters=[], CommandType='"Text"', CommandTimeout='30']
CREATE TABLE "Payments" (
    "Id" uuid NOT NULL,
    "BookingId" uuid NOT NULL,
    "Amount" numeric(10,2) NOT NULL,
    "Status" integer NOT NULL,
    "Method" character varying(50) NOT NULL,
    "TransactionReference" character varying(200),
    "PaidAt" timestamp with time zone,
    "CreatedAt" timestamp with time zone NOT NULL,
    "UpdatedAt" timestamp with time zone,
    CONSTRAINT "PK_Payments" PRIMARY KEY ("Id"),
    CONSTRAINT "FK_Payments_Bookings_BookingId" FOREIGN KEY ("BookingId") REFERENCES "Bookings" ("Id") ON DELETE CASCADE
);
2026-04-22 01:02:12.265 +02:00 [INF] Executed DbCommand (2ms) [Parameters=[], CommandType='"Text"', CommandTimeout='30']
CREATE INDEX "IX_Bookings_RoomId" ON "Bookings" ("RoomId");
2026-04-22 01:02:12.270 +02:00 [INF] Executed DbCommand (2ms) [Parameters=[], CommandType='"Text"', CommandTimeout='30']
CREATE INDEX "IX_Bookings_UserId" ON "Bookings" ("UserId");
2026-04-22 01:02:12.274 +02:00 [INF] Executed DbCommand (2ms) [Parameters=[], CommandType='"Text"', CommandTimeout='30']
CREATE INDEX "IX_HousekeepingTasks_AssignedToUserId" ON "HousekeepingTasks" ("AssignedToUserId");
2026-04-22 01:02:12.280 +02:00 [INF] Executed DbCommand (2ms) [Parameters=[], CommandType='"Text"', CommandTimeout='30']
CREATE INDEX "IX_HousekeepingTasks_RoomId" ON "HousekeepingTasks" ("RoomId");
2026-04-22 01:02:12.285 +02:00 [INF] Executed DbCommand (2ms) [Parameters=[], CommandType='"Text"', CommandTimeout='30']
CREATE UNIQUE INDEX "IX_Invoices_BookingId" ON "Invoices" ("BookingId");
2026-04-22 01:02:12.290 +02:00 [INF] Executed DbCommand (2ms) [Parameters=[], CommandType='"Text"', CommandTimeout='30']
CREATE UNIQUE INDEX "IX_Invoices_InvoiceNumber" ON "Invoices" ("InvoiceNumber");
2026-04-22 01:02:12.295 +02:00 [INF] Executed DbCommand (2ms) [Parameters=[], CommandType='"Text"', CommandTimeout='30']
CREATE UNIQUE INDEX "IX_Payments_BookingId" ON "Payments" ("BookingId");
2026-04-22 01:02:12.300 +02:00 [INF] Executed DbCommand (2ms) [Parameters=[], CommandType='"Text"', CommandTimeout='30']
CREATE UNIQUE INDEX "IX_Rooms_Number" ON "Rooms" ("Number");
2026-04-22 01:02:12.304 +02:00 [INF] Executed DbCommand (2ms) [Parameters=[], CommandType='"Text"', CommandTimeout='30']
CREATE UNIQUE INDEX "IX_Users_Email" ON "Users" ("Email");
2026-04-22 01:02:12.309 +02:00 [INF] Executed DbCommand (2ms) [Parameters=[], CommandType='"Text"', CommandTimeout='30']
INSERT INTO "__EFMigrationsHistory" ("MigrationId", "ProductVersion")
VALUES ('20260421124954_InitialCreate', '9.0.4');
2026-04-22 01:02:12.314 +02:00 [INF] Applying migration '20260421131052_DatabaseHardening'.
2026-04-22 01:02:12.327 +02:00 [INF] Executed DbCommand (2ms) [Parameters=[], CommandType='"Text"', CommandTimeout='30']
DROP INDEX "IX_HousekeepingTasks_AssignedToUserId";
2026-04-22 01:02:12.330 +02:00 [INF] Executed DbCommand (1ms) [Parameters=[], CommandType='"Text"', CommandTimeout='30']
DROP INDEX "IX_HousekeepingTasks_RoomId";
2026-04-22 01:02:12.333 +02:00 [INF] Executed DbCommand (0ms) [Parameters=[], CommandType='"Text"', CommandTimeout='30']
DROP INDEX "IX_Bookings_RoomId";
2026-04-22 01:02:12.337 +02:00 [INF] Executed DbCommand (1ms) [Parameters=[], CommandType='"Text"', CommandTimeout='30']
DROP INDEX "IX_Bookings_UserId";
2026-04-22 01:02:12.341 +02:00 [INF] Executed DbCommand (2ms) [Parameters=[], CommandType='"Text"', CommandTimeout='30']
CREATE INDEX "IX_Users_Role_IsActive" ON "Users" ("Role", "IsActive");
2026-04-22 01:02:12.346 +02:00 [INF] Executed DbCommand (2ms) [Parameters=[], CommandType='"Text"', CommandTimeout='30']
CREATE INDEX "IX_Rooms_Status_Type" ON "Rooms" ("Status", "Type");
2026-04-22 01:02:12.351 +02:00 [INF] Executed DbCommand (2ms) [Parameters=[], CommandType='"Text"', CommandTimeout='30']
ALTER TABLE "Rooms" ADD CONSTRAINT "CK_Rooms_Capacity_Positive" CHECK ("Capacity" > 0);
2026-04-22 01:02:12.354 +02:00 [INF] Executed DbCommand (1ms) [Parameters=[], CommandType='"Text"', CommandTimeout='30']
ALTER TABLE "Rooms" ADD CONSTRAINT "CK_Rooms_Floor_Positive" CHECK ("Floor" > 0);
2026-04-22 01:02:12.359 +02:00 [INF] Executed DbCommand (1ms) [Parameters=[], CommandType='"Text"', CommandTimeout='30']
ALTER TABLE "Rooms" ADD CONSTRAINT "CK_Rooms_PricePerNight_NonNegative" CHECK ("PricePerNight" >= 0);
2026-04-22 01:02:12.365 +02:00 [INF] Executed DbCommand (2ms) [Parameters=[], CommandType='"Text"', CommandTimeout='30']
CREATE INDEX "IX_Payments_Status_PaidAt" ON "Payments" ("Status", "PaidAt");
2026-04-22 01:02:12.369 +02:00 [INF] Executed DbCommand (1ms) [Parameters=[], CommandType='"Text"', CommandTimeout='30']
ALTER TABLE "Payments" ADD CONSTRAINT "CK_Payments_Amount_NonNegative" CHECK ("Amount" >= 0);
2026-04-22 01:02:12.374 +02:00 [INF] Executed DbCommand (1ms) [Parameters=[], CommandType='"Text"', CommandTimeout='30']
ALTER TABLE "Invoices" ADD CONSTRAINT "CK_Invoices_RoomCharges_NonNegative" CHECK ("RoomCharges" >= 0);
2026-04-22 01:02:12.379 +02:00 [INF] Executed DbCommand (1ms) [Parameters=[], CommandType='"Text"', CommandTimeout='30']
ALTER TABLE "Invoices" ADD CONSTRAINT "CK_Invoices_TaxAmount_NonNegative" CHECK ("TaxAmount" >= 0);
2026-04-22 01:02:12.384 +02:00 [INF] Executed DbCommand (1ms) [Parameters=[], CommandType='"Text"', CommandTimeout='30']
ALTER TABLE "Invoices" ADD CONSTRAINT "CK_Invoices_TaxRate_NonNegative" CHECK ("TaxRate" >= 0);
2026-04-22 01:02:12.389 +02:00 [INF] Executed DbCommand (1ms) [Parameters=[], CommandType='"Text"', CommandTimeout='30']
ALTER TABLE "Invoices" ADD CONSTRAINT "CK_Invoices_TotalAmount_NonNegative" CHECK ("TotalAmount" >= 0);
2026-04-22 01:02:12.395 +02:00 [INF] Executed DbCommand (2ms) [Parameters=[], CommandType='"Text"', CommandTimeout='30']
CREATE INDEX "IX_HousekeepingTasks_AssignedToUserId_Status" ON "HousekeepingTasks" ("AssignedToUserId", "Status");
2026-04-22 01:02:12.400 +02:00 [INF] Executed DbCommand (2ms) [Parameters=[], CommandType='"Text"', CommandTimeout='30']
CREATE INDEX "IX_HousekeepingTasks_RoomId_ScheduledDate" ON "HousekeepingTasks" ("RoomId", "ScheduledDate");
2026-04-22 01:02:12.407 +02:00 [INF] Executed DbCommand (2ms) [Parameters=[], CommandType='"Text"', CommandTimeout='30']
CREATE INDEX "IX_Bookings_RoomId_CheckInDate_CheckOutDate" ON "Bookings" ("RoomId", "CheckInDate", "CheckOutDate");
2026-04-22 01:02:12.413 +02:00 [INF] Executed DbCommand (2ms) [Parameters=[], CommandType='"Text"', CommandTimeout='30']
CREATE INDEX "IX_Bookings_UserId_Status" ON "Bookings" ("UserId", "Status");
2026-04-22 01:02:12.418 +02:00 [INF] Executed DbCommand (2ms) [Parameters=[], CommandType='"Text"', CommandTimeout='30']
ALTER TABLE "Bookings" ADD CONSTRAINT "CK_Bookings_DateRange" CHECK ("CheckOutDate" > "CheckInDate");
2026-04-22 01:02:12.424 +02:00 [INF] Executed DbCommand (1ms) [Parameters=[], CommandType='"Text"', CommandTimeout='30']
ALTER TABLE "Bookings" ADD CONSTRAINT "CK_Bookings_GuestCount_Positive" CHECK ("GuestCount" > 0);
2026-04-22 01:02:12.431 +02:00 [INF] Executed DbCommand (1ms) [Parameters=[], CommandType='"Text"', CommandTimeout='30']
ALTER TABLE "Bookings" ADD CONSTRAINT "CK_Bookings_TotalAmount_NonNegative" CHECK ("TotalAmount" >= 0);
2026-04-22 01:02:12.439 +02:00 [INF] Executed DbCommand (1ms) [Parameters=[], CommandType='"Text"', CommandTimeout='30']
INSERT INTO "__EFMigrationsHistory" ("MigrationId", "ProductVersion")
VALUES ('20260421131052_DatabaseHardening', '9.0.4');
2026-04-22 01:02:12.442 +02:00 [INF] Applying migration '20260421134343_AuthFoundation'.
2026-04-22 01:02:12.491 +02:00 [INF] Executed DbCommand (4ms) [Parameters=[], CommandType='"Text"', CommandTimeout='30']
CREATE TABLE "Roles" (
    "Id" uuid NOT NULL,
    "Name" character varying(100) NOT NULL,
    "CreatedAt" timestamp with time zone NOT NULL,
    "UpdatedAt" timestamp with time zone,
    CONSTRAINT "PK_Roles" PRIMARY KEY ("Id")
);
2026-04-22 01:02:12.496 +02:00 [INF] Executed DbCommand (2ms) [Parameters=[], CommandType='"Text"', CommandTimeout='30']
INSERT INTO "Roles" ("Id", "Name", "CreatedAt", "UpdatedAt")
VALUES ('00000000-0000-0000-0000-000000000001', 'Admin', TIMESTAMPTZ '2026-04-21T00:00:00Z', NULL);
INSERT INTO "Roles" ("Id", "Name", "CreatedAt", "UpdatedAt")
VALUES ('00000000-0000-0000-0000-000000000002', 'Manager', TIMESTAMPTZ '2026-04-21T00:00:00Z', NULL);
INSERT INTO "Roles" ("Id", "Name", "CreatedAt", "UpdatedAt")
VALUES ('00000000-0000-0000-0000-000000000003', 'Receptionist', TIMESTAMPTZ '2026-04-21T00:00:00Z', NULL);
INSERT INTO "Roles" ("Id", "Name", "CreatedAt", "UpdatedAt")
VALUES ('00000000-0000-0000-0000-000000000004', 'Housekeeper', TIMESTAMPTZ '2026-04-21T00:00:00Z', NULL);
INSERT INTO "Roles" ("Id", "Name", "CreatedAt", "UpdatedAt")
VALUES ('00000000-0000-0000-0000-000000000005', 'Guest', TIMESTAMPTZ '2026-04-21T00:00:00Z', NULL);
2026-04-22 01:02:12.500 +02:00 [INF] Executed DbCommand (1ms) [Parameters=[], CommandType='"Text"', CommandTimeout='30']
DROP INDEX "IX_Users_Role_IsActive";
2026-04-22 01:02:12.503 +02:00 [INF] Executed DbCommand (1ms) [Parameters=[], CommandType='"Text"', CommandTimeout='30']
ALTER TABLE "Users" ADD "FullName" character varying(200);
2026-04-22 01:02:12.508 +02:00 [INF] Executed DbCommand (0ms) [Parameters=[], CommandType='"Text"', CommandTimeout='30']
ALTER TABLE "Users" ADD "RoleId" uuid;
2026-04-22 01:02:12.512 +02:00 [INF] Executed DbCommand (2ms) [Parameters=[], CommandType='"Text"', CommandTimeout='30']
UPDATE "Users"
SET "FullName" = TRIM(COALESCE("FirstName", '') || ' ' || COALESCE("LastName", '')),
    "RoleId" = CASE "Role"
        WHEN 5 THEN '00000000-0000-0000-0000-000000000001'::uuid
        WHEN 4 THEN '00000000-0000-0000-0000-000000000002'::uuid
        WHEN 2 THEN '00000000-0000-0000-0000-000000000003'::uuid
        WHEN 3 THEN '00000000-0000-0000-0000-000000000004'::uuid
        ELSE '00000000-0000-0000-0000-000000000005'::uuid
    END;
2026-04-22 01:02:12.515 +02:00 [INF] Executed DbCommand (1ms) [Parameters=[], CommandType='"Text"', CommandTimeout='30']
UPDATE "Users"
SET "FullName" = COALESCE(NULLIF("FullName", ''), SPLIT_PART("Email", '@', 1))
WHERE "FullName" IS NULL OR "FullName" = '';
2026-04-22 01:02:12.520 +02:00 [INF] Executed DbCommand (1ms) [Parameters=[], CommandType='"Text"', CommandTimeout='30']
ALTER TABLE "Users" ALTER COLUMN "FullName" SET NOT NULL;
2026-04-22 01:02:12.523 +02:00 [INF] Executed DbCommand (1ms) [Parameters=[], CommandType='"Text"', CommandTimeout='30']
ALTER TABLE "Users" ALTER COLUMN "RoleId" SET NOT NULL;
2026-04-22 01:02:12.528 +02:00 [INF] Executed DbCommand (2ms) [Parameters=[], CommandType='"Text"', CommandTimeout='30']
ALTER TABLE "Users" DROP COLUMN "FirstName";
2026-04-22 01:02:12.531 +02:00 [INF] Executed DbCommand (1ms) [Parameters=[], CommandType='"Text"', CommandTimeout='30']
ALTER TABLE "Users" DROP COLUMN "LastName";
2026-04-22 01:02:12.536 +02:00 [INF] Executed DbCommand (1ms) [Parameters=[], CommandType='"Text"', CommandTimeout='30']
ALTER TABLE "Users" DROP COLUMN "PhoneNumber";
2026-04-22 01:02:12.539 +02:00 [INF] Executed DbCommand (0ms) [Parameters=[], CommandType='"Text"', CommandTimeout='30']
ALTER TABLE "Users" DROP COLUMN "Role";
2026-04-22 01:02:12.544 +02:00 [INF] Executed DbCommand (2ms) [Parameters=[], CommandType='"Text"', CommandTimeout='30']
CREATE INDEX "IX_Users_RoleId_IsActive" ON "Users" ("RoleId", "IsActive");
2026-04-22 01:02:12.549 +02:00 [INF] Executed DbCommand (2ms) [Parameters=[], CommandType='"Text"', CommandTimeout='30']
CREATE UNIQUE INDEX "IX_Roles_Name" ON "Roles" ("Name");
2026-04-22 01:02:12.556 +02:00 [INF] Executed DbCommand (4ms) [Parameters=[], CommandType='"Text"', CommandTimeout='30']
ALTER TABLE "Users" ADD CONSTRAINT "FK_Users_Roles_RoleId" FOREIGN KEY ("RoleId") REFERENCES "Roles" ("Id") ON DELETE RESTRICT;
2026-04-22 01:02:12.560 +02:00 [INF] Executed DbCommand (1ms) [Parameters=[], CommandType='"Text"', CommandTimeout='30']
INSERT INTO "__EFMigrationsHistory" ("MigrationId", "ProductVersion")
VALUES ('20260421134343_AuthFoundation', '9.0.4');
2026-04-22 01:02:12.564 +02:00 [INF] Applying migration '20260421151856_RoomModule'.
2026-04-22 01:02:12.578 +02:00 [INF] Executed DbCommand (1ms) [Parameters=[], CommandType='"Text"', CommandTimeout='30']
ALTER TABLE "Rooms" DROP CONSTRAINT "CK_Rooms_Capacity_Positive";
2026-04-22 01:02:12.582 +02:00 [INF] Executed DbCommand (0ms) [Parameters=[], CommandType='"Text"', CommandTimeout='30']
ALTER TABLE "Rooms" DROP CONSTRAINT "CK_Rooms_Floor_Positive";
2026-04-22 01:02:12.585 +02:00 [INF] Executed DbCommand (1ms) [Parameters=[], CommandType='"Text"', CommandTimeout='30']
ALTER TABLE "Rooms" DROP CONSTRAINT "CK_Rooms_PricePerNight_NonNegative";
2026-04-22 01:02:12.588 +02:00 [INF] Executed DbCommand (0ms) [Parameters=[], CommandType='"Text"', CommandTimeout='30']
ALTER TABLE "Rooms" DROP COLUMN "Description";
2026-04-22 01:02:12.593 +02:00 [INF] Executed DbCommand (0ms) [Parameters=[], CommandType='"Text"', CommandTimeout='30']
ALTER TABLE "Rooms" RENAME COLUMN "Number" TO "RoomNumber";
2026-04-22 01:02:12.596 +02:00 [INF] Executed DbCommand (1ms) [Parameters=[], CommandType='"Text"', CommandTimeout='30']
ALTER TABLE "Rooms" RENAME COLUMN "Floor" TO "FloorNumber";
2026-04-22 01:02:12.601 +02:00 [INF] Executed DbCommand (0ms) [Parameters=[], CommandType='"Text"', CommandTimeout='30']
ALTER TABLE "Rooms" RENAME COLUMN "Capacity" TO "BedCount";
2026-04-22 01:02:12.605 +02:00 [INF] Executed DbCommand (0ms) [Parameters=[], CommandType='"Text"', CommandTimeout='30']
ALTER INDEX "IX_Rooms_Number" RENAME TO "IX_Rooms_RoomNumber";
2026-04-22 01:02:12.610 +02:00 [INF] Executed DbCommand (3ms) [Parameters=[], CommandType='"Text"', CommandTimeout='30']
ALTER TABLE "Rooms" ADD "Amenities" text[] NOT NULL DEFAULT ARRAY[]::text[];
2026-04-22 01:02:12.615 +02:00 [INF] Executed DbCommand (1ms) [Parameters=[], CommandType='"Text"', CommandTimeout='30']
ALTER TABLE "Rooms" ADD CONSTRAINT "CK_Rooms_BedCount_Positive" CHECK ("BedCount" >= 1);
2026-04-22 01:02:12.618 +02:00 [INF] Executed DbCommand (1ms) [Parameters=[], CommandType='"Text"', CommandTimeout='30']
ALTER TABLE "Rooms" ADD CONSTRAINT "CK_Rooms_FloorNumber_NonNegative" CHECK ("FloorNumber" >= 0);
2026-04-22 01:02:12.623 +02:00 [INF] Executed DbCommand (1ms) [Parameters=[], CommandType='"Text"', CommandTimeout='30']
ALTER TABLE "Rooms" ADD CONSTRAINT "CK_Rooms_PricePerNight_Positive" CHECK ("PricePerNight" > 0);
2026-04-22 01:02:12.626 +02:00 [INF] Executed DbCommand (0ms) [Parameters=[], CommandType='"Text"', CommandTimeout='30']
INSERT INTO "__EFMigrationsHistory" ("MigrationId", "ProductVersion")
VALUES ('20260421151856_RoomModule', '9.0.4');
2026-04-22 01:02:12.630 +02:00 [INF] Applying migration '20260421154802_BookingModule'.
2026-04-22 01:02:12.644 +02:00 [INF] Executed DbCommand (1ms) [Parameters=[], CommandType='"Text"', CommandTimeout='30']
ALTER TABLE "Bookings" ADD "BookingCode" character varying(20) NOT NULL DEFAULT '';
2026-04-22 01:02:12.648 +02:00 [INF] Executed DbCommand (1ms) [Parameters=[], CommandType='"Text"', CommandTimeout='30']
ALTER TABLE "Bookings" ADD "PaymentMethod" integer NOT NULL DEFAULT 0;
2026-04-22 01:02:12.653 +02:00 [INF] Executed DbCommand (2ms) [Parameters=[], CommandType='"Text"', CommandTimeout='30']
CREATE UNIQUE INDEX "IX_Bookings_BookingCode" ON "Bookings" ("BookingCode");
2026-04-22 01:02:12.659 +02:00 [INF] Executed DbCommand (3ms) [Parameters=[], CommandType='"Text"', CommandTimeout='30']
CREATE INDEX "IX_Bookings_Status" ON "Bookings" ("Status");
2026-04-22 01:02:12.662 +02:00 [INF] Executed DbCommand (0ms) [Parameters=[], CommandType='"Text"', CommandTimeout='30']
INSERT INTO "__EFMigrationsHistory" ("MigrationId", "ProductVersion")
VALUES ('20260421154802_BookingModule', '9.0.4');
2026-04-22 01:02:12.665 +02:00 [INF] Applying migration '20260421161226_HousekeepingModule'.
2026-04-22 01:02:12.679 +02:00 [INF] Executed DbCommand (1ms) [Parameters=[], CommandType='"Text"', CommandTimeout='30']
DROP INDEX "IX_HousekeepingTasks_RoomId_ScheduledDate";
2026-04-22 01:02:12.684 +02:00 [INF] Executed DbCommand (2ms) [Parameters=[], CommandType='"Text"', CommandTimeout='30']
ALTER TABLE "HousekeepingTasks" DROP COLUMN "ScheduledDate";
2026-04-22 01:02:12.687 +02:00 [INF] Executed DbCommand (0ms) [Parameters=[], CommandType='"Text"', CommandTimeout='30']
ALTER TABLE "HousekeepingTasks" RENAME COLUMN "CompletedAt" TO "LastCleanedAt";
2026-04-22 01:02:12.692 +02:00 [INF] Executed DbCommand (2ms) [Parameters=[], CommandType='"Text"', CommandTimeout='30']
CREATE INDEX "IX_HousekeepingTasks_RoomId_CreatedAt" ON "HousekeepingTasks" ("RoomId", "CreatedAt");
2026-04-22 01:02:12.696 +02:00 [INF] Executed DbCommand (0ms) [Parameters=[], CommandType='"Text"', CommandTimeout='30']
INSERT INTO "__EFMigrationsHistory" ("MigrationId", "ProductVersion")
VALUES ('20260421161226_HousekeepingModule', '9.0.4');
2026-04-22 01:02:12.700 +02:00 [INF] Applying migration '20260421165812_Phase7PaymentInvoiceAlignment'.
2026-04-22 01:02:12.738 +02:00 [ERR] Failed executing DbCommand (24ms) [Parameters=[], CommandType='"Text"', CommandTimeout='30']
ALTER TABLE "Bookings" DROP CONSTRAINT "FK_Bookings_Payments_PaymentId";
2026-04-22 01:02:12.755 +02:00 [FTL] Hotel Booking API terminated unexpectedly during startup
Npgsql.PostgresException (0x80004005): 42704: constraint "FK_Bookings_Payments_PaymentId" of relation "Bookings" does not exist
   at Npgsql.Internal.NpgsqlConnector.ReadMessageLong(Boolean async, DataRowLoadingMode dataRowLoadingMode, Boolean readingNotifications, Boolean isReadingPrependedMessage)
   at System.Runtime.CompilerServices.PoolingAsyncValueTaskMethodBuilder`1.StateMachineBox`1.System.Threading.Tasks.Sources.IValueTaskSource<TResult>.GetResult(Int16 token)
   at Npgsql.NpgsqlDataReader.NextResult(Boolean async, Boolean isConsuming, CancellationToken cancellationToken)
   at Npgsql.NpgsqlDataReader.NextResult(Boolean async, Boolean isConsuming, CancellationToken cancellationToken)
   at Npgsql.NpgsqlCommand.ExecuteReader(Boolean async, CommandBehavior behavior, CancellationToken cancellationToken)
   at Npgsql.NpgsqlCommand.ExecuteReader(Boolean async, CommandBehavior behavior, CancellationToken cancellationToken)
   at Npgsql.NpgsqlCommand.ExecuteNonQuery(Boolean async, CancellationToken cancellationToken)
   at Microsoft.EntityFrameworkCore.Storage.RelationalCommand.ExecuteNonQueryAsync(RelationalCommandParameterObject parameterObject, CancellationToken cancellationToken)
   at Microsoft.EntityFrameworkCore.Storage.RelationalCommand.ExecuteNonQueryAsync(RelationalCommandParameterObject parameterObject, CancellationToken cancellationToken)
   at Microsoft.EntityFrameworkCore.Storage.RelationalCommand.ExecuteNonQueryAsync(RelationalCommandParameterObject parameterObject, CancellationToken cancellationToken)
   at Microsoft.EntityFrameworkCore.Migrations.Internal.MigrationCommandExecutor.ExecuteAsync(IReadOnlyList`1 migrationCommands, IRelationalConnection connection, MigrationExecutionState executionState, Boolean beginTransaction, Boolean commitTransaction, Nullable`1 isolationLevel, CancellationToken cancellationToken)
   at Microsoft.EntityFrameworkCore.Migrations.Internal.MigrationCommandExecutor.ExecuteAsync(IReadOnlyList`1 migrationCommands, IRelationalConnection connection, MigrationExecutionState executionState, Boolean beginTransaction, Boolean commitTransaction, Nullable`1 isolationLevel, CancellationToken cancellationToken)
   at Microsoft.EntityFrameworkCore.Storage.ExecutionStrategy.ExecuteAsync[TState,TResult](TState state, Func`4 operation, Func`4 verifySucceeded, CancellationToken cancellationToken)
   at Microsoft.EntityFrameworkCore.Migrations.Internal.MigrationCommandExecutor.ExecuteNonQueryAsync(IReadOnlyList`1 migrationCommands, IRelationalConnection connection, MigrationExecutionState executionState, Boolean commitTransaction, Nullable`1 isolationLevel, CancellationToken cancellationToken)
   at Microsoft.EntityFrameworkCore.Migrations.Internal.Migrator.MigrateImplementationAsync(DbContext context, String targetMigration, MigrationExecutionState state, Boolean useTransaction, CancellationToken cancellationToken)
   at Microsoft.EntityFrameworkCore.Migrations.Internal.Migrator.MigrateImplementationAsync(DbContext context, String targetMigration, MigrationExecutionState state, Boolean useTransaction, CancellationToken cancellationToken)
   at Microsoft.EntityFrameworkCore.Migrations.Internal.Migrator.<>c.<<MigrateAsync>b__22_1>d.MoveNext()
--- End of stack trace from previous location ---
   at Microsoft.EntityFrameworkCore.Storage.ExecutionStrategy.<>c__DisplayClass30_0`2.<<ExecuteAsync>b__0>d.MoveNext()
--- End of stack trace from previous location ---
   at Microsoft.EntityFrameworkCore.Storage.ExecutionStrategy.ExecuteImplementationAsync[TState,TResult](Func`4 operation, Func`4 verifySucceeded, TState state, CancellationToken cancellationToken)
   at Microsoft.EntityFrameworkCore.Storage.ExecutionStrategy.ExecuteImplementationAsync[TState,TResult](Func`4 operation, Func`4 verifySucceeded, TState state, CancellationToken cancellationToken)
   at Microsoft.EntityFrameworkCore.Storage.ExecutionStrategy.ExecuteAsync[TState,TResult](TState state, Func`4 operation, Func`4 verifySucceeded, CancellationToken cancellationToken)
   at Microsoft.EntityFrameworkCore.Migrations.Internal.Migrator.MigrateAsync(String targetMigration, CancellationToken cancellationToken)
   at Microsoft.EntityFrameworkCore.Migrations.Internal.Migrator.MigrateAsync(String targetMigration, CancellationToken cancellationToken)
   at Npgsql.EntityFrameworkCore.PostgreSQL.Migrations.Internal.NpgsqlMigrator.MigrateAsync(String targetMigration, CancellationToken cancellationToken)
   at HotelBooking.Persistence.Database.AppDbInitializer.InitializeAsync(CancellationToken cancellationToken) in C:\Users\Flori\Desktop\HBS\src\HotelBooking.Persistence\Database\AppDbInitializer.cs:line 14
   at HotelBooking.Persistence.Database.ServiceProviderExtensions.InitializeDatabaseAsync(IServiceProvider services, CancellationToken cancellationToken) in C:\Users\Flori\Desktop\HBS\src\HotelBooking.Persistence\Database\ServiceProviderExtensions.cs:line 13
   at HotelBooking.Persistence.Database.ServiceProviderExtensions.InitializeDatabaseAsync(IServiceProvider services, CancellationToken cancellationToken) in C:\Users\Flori\Desktop\HBS\src\HotelBooking.Persistence\Database\ServiceProviderExtensions.cs:line 13
   at Program.<Main>$(String[] args) in C:\Users\Flori\Desktop\HBS\src\HotelBooking.API\Program.cs:line 160
  Exception data:
    Severity: ERROR
    SqlState: 42704
    MessageText: constraint "FK_Bookings_Payments_PaymentId" of relation "Bookings" does not exist
    File: tablecmds.c
    Line: 14058
    Routine: ATExecDropConstraint
2026-04-22 01:14:06.404 +02:00 [INF] Environment: Development
2026-04-22 01:14:06.538 +02:00 [INF] Initializing database
2026-04-22 01:14:07.539 +02:00 [INF] Executed DbCommand (17ms) [Parameters=[], CommandType='"Text"', CommandTimeout='30']
SELECT "MigrationId", "ProductVersion"
FROM "__EFMigrationsHistory"
ORDER BY "MigrationId";
2026-04-22 01:14:07.820 +02:00 [INF] Executed DbCommand (7ms) [Parameters=[], CommandType='"Text"', CommandTimeout='30']
CREATE TABLE IF NOT EXISTS "__EFMigrationsHistory" (
    "MigrationId" character varying(150) NOT NULL,
    "ProductVersion" character varying(32) NOT NULL,
    CONSTRAINT "PK___EFMigrationsHistory" PRIMARY KEY ("MigrationId")
);
2026-04-22 01:14:07.839 +02:00 [INF] Executed DbCommand (1ms) [Parameters=[], CommandType='"Text"', CommandTimeout='30']
LOCK TABLE "__EFMigrationsHistory" IN ACCESS EXCLUSIVE MODE
2026-04-22 01:14:07.844 +02:00 [INF] Executed DbCommand (1ms) [Parameters=[], CommandType='"Text"', CommandTimeout='30']
SELECT "MigrationId", "ProductVersion"
FROM "__EFMigrationsHistory"
ORDER BY "MigrationId";
2026-04-22 01:14:07.854 +02:00 [INF] Applying migration '20260421124954_InitialCreate'.
2026-04-22 01:14:07.888 +02:00 [INF] Executed DbCommand (7ms) [Parameters=[], CommandType='"Text"', CommandTimeout='30']
CREATE TABLE "Rooms" (
    "Id" uuid NOT NULL,
    "Number" character varying(10) NOT NULL,
    "Floor" integer NOT NULL,
    "Type" integer NOT NULL,
    "Status" integer NOT NULL,
    "PricePerNight" numeric(10,2) NOT NULL,
    "Capacity" integer NOT NULL,
    "Description" character varying(1000) NOT NULL,
    "CreatedAt" timestamp with time zone NOT NULL,
    "UpdatedAt" timestamp with time zone,
    CONSTRAINT "PK_Rooms" PRIMARY KEY ("Id")
);
2026-04-22 01:14:07.896 +02:00 [INF] Executed DbCommand (5ms) [Parameters=[], CommandType='"Text"', CommandTimeout='30']
CREATE TABLE "Users" (
    "Id" uuid NOT NULL,
    "FirstName" character varying(100) NOT NULL,
    "LastName" character varying(100) NOT NULL,
    "Email" character varying(200) NOT NULL,
    "PasswordHash" text NOT NULL,
    "PhoneNumber" character varying(20) NOT NULL,
    "Role" integer NOT NULL,
    "IsActive" boolean NOT NULL,
    "CreatedAt" timestamp with time zone NOT NULL,
    "UpdatedAt" timestamp with time zone,
    CONSTRAINT "PK_Users" PRIMARY KEY ("Id")
);
2026-04-22 01:14:07.907 +02:00 [INF] Executed DbCommand (7ms) [Parameters=[], CommandType='"Text"', CommandTimeout='30']
CREATE TABLE "Bookings" (
    "Id" uuid NOT NULL,
    "UserId" uuid NOT NULL,
    "RoomId" uuid NOT NULL,
    "CheckInDate" date NOT NULL,
    "CheckOutDate" date NOT NULL,
    "ActualCheckIn" timestamp with time zone,
    "ActualCheckOut" timestamp with time zone,
    "Status" integer NOT NULL,
    "GuestCount" integer NOT NULL,
    "SpecialRequests" character varying(500),
    "TotalAmount" numeric(10,2) NOT NULL,
    "CreatedAt" timestamp with time zone NOT NULL,
    "UpdatedAt" timestamp with time zone,
    CONSTRAINT "PK_Bookings" PRIMARY KEY ("Id"),
    CONSTRAINT "FK_Bookings_Rooms_RoomId" FOREIGN KEY ("RoomId") REFERENCES "Rooms" ("Id") ON DELETE RESTRICT,
    CONSTRAINT "FK_Bookings_Users_UserId" FOREIGN KEY ("UserId") REFERENCES "Users" ("Id") ON DELETE RESTRICT
);
2026-04-22 01:14:07.917 +02:00 [INF] Executed DbCommand (8ms) [Parameters=[], CommandType='"Text"', CommandTimeout='30']
CREATE TABLE "HousekeepingTasks" (
    "Id" uuid NOT NULL,
    "RoomId" uuid NOT NULL,
    "AssignedToUserId" uuid,
    "Status" integer NOT NULL,
    "Notes" character varying(500) NOT NULL,
    "CompletedAt" timestamp with time zone,
    "ScheduledDate" timestamp with time zone NOT NULL,
    "CreatedAt" timestamp with time zone NOT NULL,
    "UpdatedAt" timestamp with time zone,
    CONSTRAINT "PK_HousekeepingTasks" PRIMARY KEY ("Id"),
    CONSTRAINT "FK_HousekeepingTasks_Rooms_RoomId" FOREIGN KEY ("RoomId") REFERENCES "Rooms" ("Id") ON DELETE CASCADE,
    CONSTRAINT "FK_HousekeepingTasks_Users_AssignedToUserId" FOREIGN KEY ("AssignedToUserId") REFERENCES "Users" ("Id") ON DELETE SET NULL
);
2026-04-22 01:14:07.925 +02:00 [INF] Executed DbCommand (5ms) [Parameters=[], CommandType='"Text"', CommandTimeout='30']
CREATE TABLE "Invoices" (
    "Id" uuid NOT NULL,
    "BookingId" uuid NOT NULL,
    "InvoiceNumber" character varying(50) NOT NULL,
    "RoomCharges" numeric(10,2) NOT NULL,
    "TaxAmount" numeric(10,2) NOT NULL,
    "TotalAmount" numeric(10,2) NOT NULL,
    "TaxRate" numeric(5,4) NOT NULL,
    "IssuedAt" timestamp with time zone NOT NULL,
    "CreatedAt" timestamp with time zone NOT NULL,
    "UpdatedAt" timestamp with time zone,
    CONSTRAINT "PK_Invoices" PRIMARY KEY ("Id"),
    CONSTRAINT "FK_Invoices_Bookings_BookingId" FOREIGN KEY ("BookingId") REFERENCES "Bookings" ("Id") ON DELETE CASCADE
);
2026-04-22 01:14:07.933 +02:00 [INF] Executed DbCommand (5ms) [Parameters=[], CommandType='"Text"', CommandTimeout='30']
CREATE TABLE "Payments" (
    "Id" uuid NOT NULL,
    "BookingId" uuid NOT NULL,
    "Amount" numeric(10,2) NOT NULL,
    "Status" integer NOT NULL,
    "Method" character varying(50) NOT NULL,
    "TransactionReference" character varying(200),
    "PaidAt" timestamp with time zone,
    "CreatedAt" timestamp with time zone NOT NULL,
    "UpdatedAt" timestamp with time zone,
    CONSTRAINT "PK_Payments" PRIMARY KEY ("Id"),
    CONSTRAINT "FK_Payments_Bookings_BookingId" FOREIGN KEY ("BookingId") REFERENCES "Bookings" ("Id") ON DELETE CASCADE
);
2026-04-22 01:14:07.938 +02:00 [INF] Executed DbCommand (2ms) [Parameters=[], CommandType='"Text"', CommandTimeout='30']
CREATE INDEX "IX_Bookings_RoomId" ON "Bookings" ("RoomId");
2026-04-22 01:14:07.944 +02:00 [INF] Executed DbCommand (2ms) [Parameters=[], CommandType='"Text"', CommandTimeout='30']
CREATE INDEX "IX_Bookings_UserId" ON "Bookings" ("UserId");
2026-04-22 01:14:07.949 +02:00 [INF] Executed DbCommand (2ms) [Parameters=[], CommandType='"Text"', CommandTimeout='30']
CREATE INDEX "IX_HousekeepingTasks_AssignedToUserId" ON "HousekeepingTasks" ("AssignedToUserId");
2026-04-22 01:14:07.954 +02:00 [INF] Executed DbCommand (2ms) [Parameters=[], CommandType='"Text"', CommandTimeout='30']
CREATE INDEX "IX_HousekeepingTasks_RoomId" ON "HousekeepingTasks" ("RoomId");
2026-04-22 01:14:07.959 +02:00 [INF] Executed DbCommand (2ms) [Parameters=[], CommandType='"Text"', CommandTimeout='30']
CREATE UNIQUE INDEX "IX_Invoices_BookingId" ON "Invoices" ("BookingId");
2026-04-22 01:14:07.964 +02:00 [INF] Executed DbCommand (2ms) [Parameters=[], CommandType='"Text"', CommandTimeout='30']
CREATE UNIQUE INDEX "IX_Invoices_InvoiceNumber" ON "Invoices" ("InvoiceNumber");
2026-04-22 01:14:07.969 +02:00 [INF] Executed DbCommand (2ms) [Parameters=[], CommandType='"Text"', CommandTimeout='30']
CREATE UNIQUE INDEX "IX_Payments_BookingId" ON "Payments" ("BookingId");
2026-04-22 01:14:07.973 +02:00 [INF] Executed DbCommand (2ms) [Parameters=[], CommandType='"Text"', CommandTimeout='30']
CREATE UNIQUE INDEX "IX_Rooms_Number" ON "Rooms" ("Number");
2026-04-22 01:14:07.979 +02:00 [INF] Executed DbCommand (2ms) [Parameters=[], CommandType='"Text"', CommandTimeout='30']
CREATE UNIQUE INDEX "IX_Users_Email" ON "Users" ("Email");
2026-04-22 01:14:07.983 +02:00 [INF] Executed DbCommand (1ms) [Parameters=[], CommandType='"Text"', CommandTimeout='30']
INSERT INTO "__EFMigrationsHistory" ("MigrationId", "ProductVersion")
VALUES ('20260421124954_InitialCreate', '9.0.4');
2026-04-22 01:14:07.986 +02:00 [INF] Applying migration '20260421131052_DatabaseHardening'.
2026-04-22 01:14:07.997 +02:00 [INF] Executed DbCommand (1ms) [Parameters=[], CommandType='"Text"', CommandTimeout='30']
DROP INDEX "IX_HousekeepingTasks_AssignedToUserId";
2026-04-22 01:14:08.002 +02:00 [INF] Executed DbCommand (0ms) [Parameters=[], CommandType='"Text"', CommandTimeout='30']
DROP INDEX "IX_HousekeepingTasks_RoomId";
2026-04-22 01:14:08.006 +02:00 [INF] Executed DbCommand (1ms) [Parameters=[], CommandType='"Text"', CommandTimeout='30']
DROP INDEX "IX_Bookings_RoomId";
2026-04-22 01:14:08.009 +02:00 [INF] Executed DbCommand (0ms) [Parameters=[], CommandType='"Text"', CommandTimeout='30']
DROP INDEX "IX_Bookings_UserId";
2026-04-22 01:14:08.015 +02:00 [INF] Executed DbCommand (2ms) [Parameters=[], CommandType='"Text"', CommandTimeout='30']
CREATE INDEX "IX_Users_Role_IsActive" ON "Users" ("Role", "IsActive");
2026-04-22 01:14:08.020 +02:00 [INF] Executed DbCommand (3ms) [Parameters=[], CommandType='"Text"', CommandTimeout='30']
CREATE INDEX "IX_Rooms_Status_Type" ON "Rooms" ("Status", "Type");
2026-04-22 01:14:08.025 +02:00 [INF] Executed DbCommand (1ms) [Parameters=[], CommandType='"Text"', CommandTimeout='30']
ALTER TABLE "Rooms" ADD CONSTRAINT "CK_Rooms_Capacity_Positive" CHECK ("Capacity" > 0);
2026-04-22 01:14:08.029 +02:00 [INF] Executed DbCommand (1ms) [Parameters=[], CommandType='"Text"', CommandTimeout='30']
ALTER TABLE "Rooms" ADD CONSTRAINT "CK_Rooms_Floor_Positive" CHECK ("Floor" > 0);
2026-04-22 01:14:08.034 +02:00 [INF] Executed DbCommand (1ms) [Parameters=[], CommandType='"Text"', CommandTimeout='30']
ALTER TABLE "Rooms" ADD CONSTRAINT "CK_Rooms_PricePerNight_NonNegative" CHECK ("PricePerNight" >= 0);
2026-04-22 01:14:08.039 +02:00 [INF] Executed DbCommand (2ms) [Parameters=[], CommandType='"Text"', CommandTimeout='30']
CREATE INDEX "IX_Payments_Status_PaidAt" ON "Payments" ("Status", "PaidAt");
2026-04-22 01:14:08.043 +02:00 [INF] Executed DbCommand (1ms) [Parameters=[], CommandType='"Text"', CommandTimeout='30']
ALTER TABLE "Payments" ADD CONSTRAINT "CK_Payments_Amount_NonNegative" CHECK ("Amount" >= 0);
2026-04-22 01:14:08.047 +02:00 [INF] Executed DbCommand (1ms) [Parameters=[], CommandType='"Text"', CommandTimeout='30']
ALTER TABLE "Invoices" ADD CONSTRAINT "CK_Invoices_RoomCharges_NonNegative" CHECK ("RoomCharges" >= 0);
2026-04-22 01:14:08.052 +02:00 [INF] Executed DbCommand (1ms) [Parameters=[], CommandType='"Text"', CommandTimeout='30']
ALTER TABLE "Invoices" ADD CONSTRAINT "CK_Invoices_TaxAmount_NonNegative" CHECK ("TaxAmount" >= 0);
2026-04-22 01:14:08.056 +02:00 [INF] Executed DbCommand (1ms) [Parameters=[], CommandType='"Text"', CommandTimeout='30']
ALTER TABLE "Invoices" ADD CONSTRAINT "CK_Invoices_TaxRate_NonNegative" CHECK ("TaxRate" >= 0);
2026-04-22 01:14:08.060 +02:00 [INF] Executed DbCommand (1ms) [Parameters=[], CommandType='"Text"', CommandTimeout='30']
ALTER TABLE "Invoices" ADD CONSTRAINT "CK_Invoices_TotalAmount_NonNegative" CHECK ("TotalAmount" >= 0);
2026-04-22 01:14:08.065 +02:00 [INF] Executed DbCommand (2ms) [Parameters=[], CommandType='"Text"', CommandTimeout='30']
CREATE INDEX "IX_HousekeepingTasks_AssignedToUserId_Status" ON "HousekeepingTasks" ("AssignedToUserId", "Status");
2026-04-22 01:14:08.069 +02:00 [INF] Executed DbCommand (2ms) [Parameters=[], CommandType='"Text"', CommandTimeout='30']
CREATE INDEX "IX_HousekeepingTasks_RoomId_ScheduledDate" ON "HousekeepingTasks" ("RoomId", "ScheduledDate");
2026-04-22 01:14:08.075 +02:00 [INF] Executed DbCommand (2ms) [Parameters=[], CommandType='"Text"', CommandTimeout='30']
CREATE INDEX "IX_Bookings_RoomId_CheckInDate_CheckOutDate" ON "Bookings" ("RoomId", "CheckInDate", "CheckOutDate");
2026-04-22 01:14:08.137 +02:00 [INF] Executed DbCommand (2ms) [Parameters=[], CommandType='"Text"', CommandTimeout='30']
CREATE INDEX "IX_Bookings_UserId_Status" ON "Bookings" ("UserId", "Status");
2026-04-22 01:14:08.161 +02:00 [INF] Executed DbCommand (1ms) [Parameters=[], CommandType='"Text"', CommandTimeout='30']
ALTER TABLE "Bookings" ADD CONSTRAINT "CK_Bookings_DateRange" CHECK ("CheckOutDate" > "CheckInDate");
2026-04-22 01:14:08.169 +02:00 [INF] Executed DbCommand (1ms) [Parameters=[], CommandType='"Text"', CommandTimeout='30']
ALTER TABLE "Bookings" ADD CONSTRAINT "CK_Bookings_GuestCount_Positive" CHECK ("GuestCount" > 0);
2026-04-22 01:14:08.174 +02:00 [INF] Executed DbCommand (1ms) [Parameters=[], CommandType='"Text"', CommandTimeout='30']
ALTER TABLE "Bookings" ADD CONSTRAINT "CK_Bookings_TotalAmount_NonNegative" CHECK ("TotalAmount" >= 0);
2026-04-22 01:14:08.179 +02:00 [INF] Executed DbCommand (0ms) [Parameters=[], CommandType='"Text"', CommandTimeout='30']
INSERT INTO "__EFMigrationsHistory" ("MigrationId", "ProductVersion")
VALUES ('20260421131052_DatabaseHardening', '9.0.4');
2026-04-22 01:14:08.183 +02:00 [INF] Applying migration '20260421134343_AuthFoundation'.
2026-04-22 01:14:08.237 +02:00 [INF] Executed DbCommand (3ms) [Parameters=[], CommandType='"Text"', CommandTimeout='30']
CREATE TABLE "Roles" (
    "Id" uuid NOT NULL,
    "Name" character varying(100) NOT NULL,
    "CreatedAt" timestamp with time zone NOT NULL,
    "UpdatedAt" timestamp with time zone,
    CONSTRAINT "PK_Roles" PRIMARY KEY ("Id")
);
2026-04-22 01:14:08.242 +02:00 [INF] Executed DbCommand (2ms) [Parameters=[], CommandType='"Text"', CommandTimeout='30']
INSERT INTO "Roles" ("Id", "Name", "CreatedAt", "UpdatedAt")
VALUES ('00000000-0000-0000-0000-000000000001', 'Admin', TIMESTAMPTZ '2026-04-21T00:00:00Z', NULL);
INSERT INTO "Roles" ("Id", "Name", "CreatedAt", "UpdatedAt")
VALUES ('00000000-0000-0000-0000-000000000002', 'Manager', TIMESTAMPTZ '2026-04-21T00:00:00Z', NULL);
INSERT INTO "Roles" ("Id", "Name", "CreatedAt", "UpdatedAt")
VALUES ('00000000-0000-0000-0000-000000000003', 'Receptionist', TIMESTAMPTZ '2026-04-21T00:00:00Z', NULL);
INSERT INTO "Roles" ("Id", "Name", "CreatedAt", "UpdatedAt")
VALUES ('00000000-0000-0000-0000-000000000004', 'Housekeeper', TIMESTAMPTZ '2026-04-21T00:00:00Z', NULL);
INSERT INTO "Roles" ("Id", "Name", "CreatedAt", "UpdatedAt")
VALUES ('00000000-0000-0000-0000-000000000005', 'Guest', TIMESTAMPTZ '2026-04-21T00:00:00Z', NULL);
2026-04-22 01:14:08.246 +02:00 [INF] Executed DbCommand (0ms) [Parameters=[], CommandType='"Text"', CommandTimeout='30']
DROP INDEX "IX_Users_Role_IsActive";
2026-04-22 01:14:08.249 +02:00 [INF] Executed DbCommand (0ms) [Parameters=[], CommandType='"Text"', CommandTimeout='30']
ALTER TABLE "Users" ADD "FullName" character varying(200);
2026-04-22 01:14:08.253 +02:00 [INF] Executed DbCommand (0ms) [Parameters=[], CommandType='"Text"', CommandTimeout='30']
ALTER TABLE "Users" ADD "RoleId" uuid;
2026-04-22 01:14:08.258 +02:00 [INF] Executed DbCommand (1ms) [Parameters=[], CommandType='"Text"', CommandTimeout='30']
UPDATE "Users"
SET "FullName" = TRIM(COALESCE("FirstName", '') || ' ' || COALESCE("LastName", '')),
    "RoleId" = CASE "Role"
        WHEN 5 THEN '00000000-0000-0000-0000-000000000001'::uuid
        WHEN 4 THEN '00000000-0000-0000-0000-000000000002'::uuid
        WHEN 2 THEN '00000000-0000-0000-0000-000000000003'::uuid
        WHEN 3 THEN '00000000-0000-0000-0000-000000000004'::uuid
        ELSE '00000000-0000-0000-0000-000000000005'::uuid
    END;
2026-04-22 01:14:08.263 +02:00 [INF] Executed DbCommand (1ms) [Parameters=[], CommandType='"Text"', CommandTimeout='30']
UPDATE "Users"
SET "FullName" = COALESCE(NULLIF("FullName", ''), SPLIT_PART("Email", '@', 1))
WHERE "FullName" IS NULL OR "FullName" = '';
2026-04-22 01:14:08.266 +02:00 [INF] Executed DbCommand (1ms) [Parameters=[], CommandType='"Text"', CommandTimeout='30']
ALTER TABLE "Users" ALTER COLUMN "FullName" SET NOT NULL;
2026-04-22 01:14:08.271 +02:00 [INF] Executed DbCommand (1ms) [Parameters=[], CommandType='"Text"', CommandTimeout='30']
ALTER TABLE "Users" ALTER COLUMN "RoleId" SET NOT NULL;
2026-04-22 01:14:08.275 +02:00 [INF] Executed DbCommand (1ms) [Parameters=[], CommandType='"Text"', CommandTimeout='30']
ALTER TABLE "Users" DROP COLUMN "FirstName";
2026-04-22 01:14:08.278 +02:00 [INF] Executed DbCommand (1ms) [Parameters=[], CommandType='"Text"', CommandTimeout='30']
ALTER TABLE "Users" DROP COLUMN "LastName";
2026-04-22 01:14:08.283 +02:00 [INF] Executed DbCommand (0ms) [Parameters=[], CommandType='"Text"', CommandTimeout='30']
ALTER TABLE "Users" DROP COLUMN "PhoneNumber";
2026-04-22 01:14:08.287 +02:00 [INF] Executed DbCommand (1ms) [Parameters=[], CommandType='"Text"', CommandTimeout='30']
ALTER TABLE "Users" DROP COLUMN "Role";
2026-04-22 01:14:08.293 +02:00 [INF] Executed DbCommand (3ms) [Parameters=[], CommandType='"Text"', CommandTimeout='30']
CREATE INDEX "IX_Users_RoleId_IsActive" ON "Users" ("RoleId", "IsActive");
2026-04-22 01:14:08.297 +02:00 [INF] Executed DbCommand (2ms) [Parameters=[], CommandType='"Text"', CommandTimeout='30']
CREATE UNIQUE INDEX "IX_Roles_Name" ON "Roles" ("Name");
2026-04-22 01:14:08.304 +02:00 [INF] Executed DbCommand (2ms) [Parameters=[], CommandType='"Text"', CommandTimeout='30']
ALTER TABLE "Users" ADD CONSTRAINT "FK_Users_Roles_RoleId" FOREIGN KEY ("RoleId") REFERENCES "Roles" ("Id") ON DELETE RESTRICT;
2026-04-22 01:14:08.308 +02:00 [INF] Executed DbCommand (0ms) [Parameters=[], CommandType='"Text"', CommandTimeout='30']
INSERT INTO "__EFMigrationsHistory" ("MigrationId", "ProductVersion")
VALUES ('20260421134343_AuthFoundation', '9.0.4');
2026-04-22 01:14:08.311 +02:00 [INF] Applying migration '20260421151856_RoomModule'.
2026-04-22 01:14:08.328 +02:00 [INF] Executed DbCommand (1ms) [Parameters=[], CommandType='"Text"', CommandTimeout='30']
ALTER TABLE "Rooms" DROP CONSTRAINT "CK_Rooms_Capacity_Positive";
2026-04-22 01:14:08.331 +02:00 [INF] Executed DbCommand (1ms) [Parameters=[], CommandType='"Text"', CommandTimeout='30']
ALTER TABLE "Rooms" DROP CONSTRAINT "CK_Rooms_Floor_Positive";
2026-04-22 01:14:08.335 +02:00 [INF] Executed DbCommand (0ms) [Parameters=[], CommandType='"Text"', CommandTimeout='30']
ALTER TABLE "Rooms" DROP CONSTRAINT "CK_Rooms_PricePerNight_NonNegative";
2026-04-22 01:14:08.338 +02:00 [INF] Executed DbCommand (1ms) [Parameters=[], CommandType='"Text"', CommandTimeout='30']
ALTER TABLE "Rooms" DROP COLUMN "Description";
2026-04-22 01:14:08.342 +02:00 [INF] Executed DbCommand (0ms) [Parameters=[], CommandType='"Text"', CommandTimeout='30']
ALTER TABLE "Rooms" RENAME COLUMN "Number" TO "RoomNumber";
2026-04-22 01:14:08.346 +02:00 [INF] Executed DbCommand (1ms) [Parameters=[], CommandType='"Text"', CommandTimeout='30']
ALTER TABLE "Rooms" RENAME COLUMN "Floor" TO "FloorNumber";
2026-04-22 01:14:08.350 +02:00 [INF] Executed DbCommand (0ms) [Parameters=[], CommandType='"Text"', CommandTimeout='30']
ALTER TABLE "Rooms" RENAME COLUMN "Capacity" TO "BedCount";
2026-04-22 01:14:08.354 +02:00 [INF] Executed DbCommand (1ms) [Parameters=[], CommandType='"Text"', CommandTimeout='30']
ALTER INDEX "IX_Rooms_Number" RENAME TO "IX_Rooms_RoomNumber";
2026-04-22 01:14:08.358 +02:00 [INF] Executed DbCommand (2ms) [Parameters=[], CommandType='"Text"', CommandTimeout='30']
ALTER TABLE "Rooms" ADD "Amenities" text[] NOT NULL DEFAULT ARRAY[]::text[];
2026-04-22 01:14:08.364 +02:00 [INF] Executed DbCommand (1ms) [Parameters=[], CommandType='"Text"', CommandTimeout='30']
ALTER TABLE "Rooms" ADD CONSTRAINT "CK_Rooms_BedCount_Positive" CHECK ("BedCount" >= 1);
2026-04-22 01:14:08.367 +02:00 [INF] Executed DbCommand (1ms) [Parameters=[], CommandType='"Text"', CommandTimeout='30']
ALTER TABLE "Rooms" ADD CONSTRAINT "CK_Rooms_FloorNumber_NonNegative" CHECK ("FloorNumber" >= 0);
2026-04-22 01:14:08.372 +02:00 [INF] Executed DbCommand (1ms) [Parameters=[], CommandType='"Text"', CommandTimeout='30']
ALTER TABLE "Rooms" ADD CONSTRAINT "CK_Rooms_PricePerNight_Positive" CHECK ("PricePerNight" > 0);
2026-04-22 01:14:08.375 +02:00 [INF] Executed DbCommand (0ms) [Parameters=[], CommandType='"Text"', CommandTimeout='30']
INSERT INTO "__EFMigrationsHistory" ("MigrationId", "ProductVersion")
VALUES ('20260421151856_RoomModule', '9.0.4');
2026-04-22 01:14:08.379 +02:00 [INF] Applying migration '20260421154802_BookingModule'.
2026-04-22 01:14:08.392 +02:00 [INF] Executed DbCommand (1ms) [Parameters=[], CommandType='"Text"', CommandTimeout='30']
ALTER TABLE "Bookings" ADD "BookingCode" character varying(20) NOT NULL DEFAULT '';
2026-04-22 01:14:08.395 +02:00 [INF] Executed DbCommand (1ms) [Parameters=[], CommandType='"Text"', CommandTimeout='30']
ALTER TABLE "Bookings" ADD "PaymentMethod" integer NOT NULL DEFAULT 0;
2026-04-22 01:14:08.401 +02:00 [INF] Executed DbCommand (3ms) [Parameters=[], CommandType='"Text"', CommandTimeout='30']
CREATE UNIQUE INDEX "IX_Bookings_BookingCode" ON "Bookings" ("BookingCode");
2026-04-22 01:14:08.406 +02:00 [INF] Executed DbCommand (2ms) [Parameters=[], CommandType='"Text"', CommandTimeout='30']
CREATE INDEX "IX_Bookings_Status" ON "Bookings" ("Status");
2026-04-22 01:14:08.409 +02:00 [INF] Executed DbCommand (0ms) [Parameters=[], CommandType='"Text"', CommandTimeout='30']
INSERT INTO "__EFMigrationsHistory" ("MigrationId", "ProductVersion")
VALUES ('20260421154802_BookingModule', '9.0.4');
2026-04-22 01:14:08.412 +02:00 [INF] Applying migration '20260421161226_HousekeepingModule'.
2026-04-22 01:14:08.424 +02:00 [INF] Executed DbCommand (1ms) [Parameters=[], CommandType='"Text"', CommandTimeout='30']
DROP INDEX "IX_HousekeepingTasks_RoomId_ScheduledDate";
2026-04-22 01:14:08.427 +02:00 [INF] Executed DbCommand (0ms) [Parameters=[], CommandType='"Text"', CommandTimeout='30']
ALTER TABLE "HousekeepingTasks" DROP COLUMN "ScheduledDate";
2026-04-22 01:14:08.430 +02:00 [INF] Executed DbCommand (0ms) [Parameters=[], CommandType='"Text"', CommandTimeout='30']
ALTER TABLE "HousekeepingTasks" RENAME COLUMN "CompletedAt" TO "LastCleanedAt";
2026-04-22 01:14:08.435 +02:00 [INF] Executed DbCommand (2ms) [Parameters=[], CommandType='"Text"', CommandTimeout='30']
CREATE INDEX "IX_HousekeepingTasks_RoomId_CreatedAt" ON "HousekeepingTasks" ("RoomId", "CreatedAt");
2026-04-22 01:14:08.439 +02:00 [INF] Executed DbCommand (0ms) [Parameters=[], CommandType='"Text"', CommandTimeout='30']
INSERT INTO "__EFMigrationsHistory" ("MigrationId", "ProductVersion")
VALUES ('20260421161226_HousekeepingModule', '9.0.4');
2026-04-22 01:14:08.441 +02:00 [INF] Applying migration '20260421165812_Phase7PaymentInvoiceAlignment'.
2026-04-22 01:14:08.479 +02:00 [ERR] Failed executing DbCommand (21ms) [Parameters=[], CommandType='"Text"', CommandTimeout='30']
ALTER TABLE "Bookings" DROP CONSTRAINT "FK_Bookings_Payments_PaymentId";
2026-04-22 01:14:08.497 +02:00 [FTL] Hotel Booking API terminated unexpectedly during startup
Npgsql.PostgresException (0x80004005): 42704: constraint "FK_Bookings_Payments_PaymentId" of relation "Bookings" does not exist
   at Npgsql.Internal.NpgsqlConnector.ReadMessageLong(Boolean async, DataRowLoadingMode dataRowLoadingMode, Boolean readingNotifications, Boolean isReadingPrependedMessage)
   at System.Runtime.CompilerServices.PoolingAsyncValueTaskMethodBuilder`1.StateMachineBox`1.System.Threading.Tasks.Sources.IValueTaskSource<TResult>.GetResult(Int16 token)
   at Npgsql.NpgsqlDataReader.NextResult(Boolean async, Boolean isConsuming, CancellationToken cancellationToken)
   at Npgsql.NpgsqlDataReader.NextResult(Boolean async, Boolean isConsuming, CancellationToken cancellationToken)
   at Npgsql.NpgsqlCommand.ExecuteReader(Boolean async, CommandBehavior behavior, CancellationToken cancellationToken)
   at Npgsql.NpgsqlCommand.ExecuteReader(Boolean async, CommandBehavior behavior, CancellationToken cancellationToken)
   at Npgsql.NpgsqlCommand.ExecuteNonQuery(Boolean async, CancellationToken cancellationToken)
   at Microsoft.EntityFrameworkCore.Storage.RelationalCommand.ExecuteNonQueryAsync(RelationalCommandParameterObject parameterObject, CancellationToken cancellationToken)
   at Microsoft.EntityFrameworkCore.Storage.RelationalCommand.ExecuteNonQueryAsync(RelationalCommandParameterObject parameterObject, CancellationToken cancellationToken)
   at Microsoft.EntityFrameworkCore.Storage.RelationalCommand.ExecuteNonQueryAsync(RelationalCommandParameterObject parameterObject, CancellationToken cancellationToken)
   at Microsoft.EntityFrameworkCore.Migrations.Internal.MigrationCommandExecutor.ExecuteAsync(IReadOnlyList`1 migrationCommands, IRelationalConnection connection, MigrationExecutionState executionState, Boolean beginTransaction, Boolean commitTransaction, Nullable`1 isolationLevel, CancellationToken cancellationToken)
   at Microsoft.EntityFrameworkCore.Migrations.Internal.MigrationCommandExecutor.ExecuteAsync(IReadOnlyList`1 migrationCommands, IRelationalConnection connection, MigrationExecutionState executionState, Boolean beginTransaction, Boolean commitTransaction, Nullable`1 isolationLevel, CancellationToken cancellationToken)
   at Microsoft.EntityFrameworkCore.Storage.ExecutionStrategy.ExecuteAsync[TState,TResult](TState state, Func`4 operation, Func`4 verifySucceeded, CancellationToken cancellationToken)
   at Microsoft.EntityFrameworkCore.Migrations.Internal.MigrationCommandExecutor.ExecuteNonQueryAsync(IReadOnlyList`1 migrationCommands, IRelationalConnection connection, MigrationExecutionState executionState, Boolean commitTransaction, Nullable`1 isolationLevel, CancellationToken cancellationToken)
   at Microsoft.EntityFrameworkCore.Migrations.Internal.Migrator.MigrateImplementationAsync(DbContext context, String targetMigration, MigrationExecutionState state, Boolean useTransaction, CancellationToken cancellationToken)
   at Microsoft.EntityFrameworkCore.Migrations.Internal.Migrator.MigrateImplementationAsync(DbContext context, String targetMigration, MigrationExecutionState state, Boolean useTransaction, CancellationToken cancellationToken)
   at Microsoft.EntityFrameworkCore.Migrations.Internal.Migrator.<>c.<<MigrateAsync>b__22_1>d.MoveNext()
--- End of stack trace from previous location ---
   at Microsoft.EntityFrameworkCore.Storage.ExecutionStrategy.<>c__DisplayClass30_0`2.<<ExecuteAsync>b__0>d.MoveNext()
--- End of stack trace from previous location ---
   at Microsoft.EntityFrameworkCore.Storage.ExecutionStrategy.ExecuteImplementationAsync[TState,TResult](Func`4 operation, Func`4 verifySucceeded, TState state, CancellationToken cancellationToken)
   at Microsoft.EntityFrameworkCore.Storage.ExecutionStrategy.ExecuteImplementationAsync[TState,TResult](Func`4 operation, Func`4 verifySucceeded, TState state, CancellationToken cancellationToken)
   at Microsoft.EntityFrameworkCore.Storage.ExecutionStrategy.ExecuteAsync[TState,TResult](TState state, Func`4 operation, Func`4 verifySucceeded, CancellationToken cancellationToken)
   at Microsoft.EntityFrameworkCore.Migrations.Internal.Migrator.MigrateAsync(String targetMigration, CancellationToken cancellationToken)
   at Microsoft.EntityFrameworkCore.Migrations.Internal.Migrator.MigrateAsync(String targetMigration, CancellationToken cancellationToken)
   at Npgsql.EntityFrameworkCore.PostgreSQL.Migrations.Internal.NpgsqlMigrator.MigrateAsync(String targetMigration, CancellationToken cancellationToken)
   at HotelBooking.Persistence.Database.AppDbInitializer.InitializeAsync(CancellationToken cancellationToken) in C:\Users\Flori\Desktop\HBS\backend\src\HotelBooking.Persistence\Database\AppDbInitializer.cs:line 14
   at HotelBooking.Persistence.Database.ServiceProviderExtensions.InitializeDatabaseAsync(IServiceProvider services, CancellationToken cancellationToken) in C:\Users\Flori\Desktop\HBS\backend\src\HotelBooking.Persistence\Database\ServiceProviderExtensions.cs:line 13
   at HotelBooking.Persistence.Database.ServiceProviderExtensions.InitializeDatabaseAsync(IServiceProvider services, CancellationToken cancellationToken) in C:\Users\Flori\Desktop\HBS\backend\src\HotelBooking.Persistence\Database\ServiceProviderExtensions.cs:line 13
   at Program.<Main>$(String[] args) in C:\Users\Flori\Desktop\HBS\backend\src\HotelBooking.API\Program.cs:line 160
  Exception data:
    Severity: ERROR
    SqlState: 42704
    MessageText: constraint "FK_Bookings_Payments_PaymentId" of relation "Bookings" does not exist
    File: tablecmds.c
    Line: 14058
    Routine: ATExecDropConstraint
2026-04-22 01:27:43.759 +02:00 [INF] Environment: Development
2026-04-22 01:27:43.862 +02:00 [INF] Initializing database
2026-04-22 01:27:44.676 +02:00 [INF] Executed DbCommand (16ms) [Parameters=[], CommandType='"Text"', CommandTimeout='30']
SELECT "MigrationId", "ProductVersion"
FROM "__EFMigrationsHistory"
ORDER BY "MigrationId";
2026-04-22 01:27:44.924 +02:00 [INF] Executed DbCommand (5ms) [Parameters=[], CommandType='"Text"', CommandTimeout='30']
CREATE TABLE IF NOT EXISTS "__EFMigrationsHistory" (
    "MigrationId" character varying(150) NOT NULL,
    "ProductVersion" character varying(32) NOT NULL,
    CONSTRAINT "PK___EFMigrationsHistory" PRIMARY KEY ("MigrationId")
);
2026-04-22 01:27:44.941 +02:00 [INF] Executed DbCommand (1ms) [Parameters=[], CommandType='"Text"', CommandTimeout='30']
LOCK TABLE "__EFMigrationsHistory" IN ACCESS EXCLUSIVE MODE
2026-04-22 01:27:44.946 +02:00 [INF] Executed DbCommand (1ms) [Parameters=[], CommandType='"Text"', CommandTimeout='30']
SELECT "MigrationId", "ProductVersion"
FROM "__EFMigrationsHistory"
ORDER BY "MigrationId";
2026-04-22 01:27:44.953 +02:00 [INF] No migrations were applied. The database is already up to date.
2026-04-22 01:27:45.130 +02:00 [INF] Executed DbCommand (1ms) [Parameters=[], CommandType='"Text"', CommandTimeout='30']
SELECT r."Name"
FROM "Roles" AS r
2026-04-22 01:27:45.176 +02:00 [INF] Executed DbCommand (1ms) [Parameters=[], CommandType='"Text"', CommandTimeout='30']
SELECT EXISTS (
    SELECT 1
    FROM "Users" AS u
    WHERE u."Email" = 'admin@hotel.com')
2026-04-22 01:27:45.216 +02:00 [INF] Executed DbCommand (1ms) [Parameters=[], CommandType='"Text"', CommandTimeout='30']
SELECT r."Id", r."CreatedAt", r."Name", r."UpdatedAt"
FROM "Roles" AS r
WHERE r."Name" = 'Admin'
LIMIT 1
2026-04-22 01:27:45.831 +02:00 [INF] Executed DbCommand (11ms) [Parameters=[@p0='?' (DbType = Guid), @p1='?' (DbType = DateTime), @p2='?', @p3='?', @p4='?' (DbType = Boolean), @p5='?', @p6='?' (DbType = Guid), @p7='?' (DbType = DateTime)], CommandType='"Text"', CommandTimeout='30']
INSERT INTO "Users" ("Id", "CreatedAt", "Email", "FullName", "IsActive", "PasswordHash", "RoleId", "UpdatedAt")
VALUES (@p0, @p1, @p2, @p3, @p4, @p5, @p6, @p7);
2026-04-22 01:27:45.848 +02:00 [INF] Executed DbCommand (1ms) [Parameters=[], CommandType='"Text"', CommandTimeout='30']
SELECT EXISTS (
    SELECT 1
    FROM "Rooms" AS r)
2026-04-22 01:27:45.953 +02:00 [INF] Executed DbCommand (51ms) [Parameters=[@p0='?' (DbType = Guid), @p1='?' (DbType = Object), @p2='?' (DbType = Int32), @p3='?' (DbType = DateTime), @p4='?' (DbType = Int32), @p5='?' (DbType = Decimal), @p6='?', @p7='?' (DbType = Int32), @p8='?' (DbType = Int32), @p9='?' (DbType = DateTime), @p10='?' (DbType = Guid), @p11='?' (DbType = Object), @p12='?' (DbType = Int32), @p13='?' (DbType = DateTime), @p14='?' (DbType = Int32), @p15='?' (DbType = Decimal), @p16='?', @p17='?' (DbType = Int32), @p18='?' (DbType = Int32), @p19='?' (DbType = DateTime), @p20='?' (DbType = Guid), @p21='?' (DbType = Object), @p22='?' (DbType = Int32), @p23='?' (DbType = DateTime), @p24='?' (DbType = Int32), @p25='?' (DbType = Decimal), @p26='?', @p27='?' (DbType = Int32), @p28='?' (DbType = Int32), @p29='?' (DbType = DateTime), @p30='?' (DbType = Guid), @p31='?' (DbType = Object), @p32='?' (DbType = Int32), @p33='?' (DbType = DateTime), @p34='?' (DbType = Int32), @p35='?' (DbType = Decimal), @p36='?', @p37='?' (DbType = Int32), @p38='?' (DbType = Int32), @p39='?' (DbType = DateTime), @p40='?' (DbType = Guid), @p41='?' (DbType = Object), @p42='?' (DbType = Int32), @p43='?' (DbType = DateTime), @p44='?' (DbType = Int32), @p45='?' (DbType = Decimal), @p46='?', @p47='?' (DbType = Int32), @p48='?' (DbType = Int32), @p49='?' (DbType = DateTime), @p50='?' (DbType = Guid), @p51='?' (DbType = Object), @p52='?' (DbType = Int32), @p53='?' (DbType = DateTime), @p54='?' (DbType = Int32), @p55='?' (DbType = Decimal), @p56='?', @p57='?' (DbType = Int32), @p58='?' (DbType = Int32), @p59='?' (DbType = DateTime), @p60='?' (DbType = Guid), @p61='?' (DbType = Object), @p62='?' (DbType = Int32), @p63='?' (DbType = DateTime), @p64='?' (DbType = Int32), @p65='?' (DbType = Decimal), @p66='?', @p67='?' (DbType = Int32), @p68='?' (DbType = Int32), @p69='?' (DbType = DateTime)], CommandType='"Text"', CommandTimeout='30']
INSERT INTO "Rooms" ("Id", "Amenities", "BedCount", "CreatedAt", "FloorNumber", "PricePerNight", "RoomNumber", "Status", "Type", "UpdatedAt")
VALUES (@p0, @p1, @p2, @p3, @p4, @p5, @p6, @p7, @p8, @p9);
INSERT INTO "Rooms" ("Id", "Amenities", "BedCount", "CreatedAt", "FloorNumber", "PricePerNight", "RoomNumber", "Status", "Type", "UpdatedAt")
VALUES (@p10, @p11, @p12, @p13, @p14, @p15, @p16, @p17, @p18, @p19);
INSERT INTO "Rooms" ("Id", "Amenities", "BedCount", "CreatedAt", "FloorNumber", "PricePerNight", "RoomNumber", "Status", "Type", "UpdatedAt")
VALUES (@p20, @p21, @p22, @p23, @p24, @p25, @p26, @p27, @p28, @p29);
INSERT INTO "Rooms" ("Id", "Amenities", "BedCount", "CreatedAt", "FloorNumber", "PricePerNight", "RoomNumber", "Status", "Type", "UpdatedAt")
VALUES (@p30, @p31, @p32, @p33, @p34, @p35, @p36, @p37, @p38, @p39);
INSERT INTO "Rooms" ("Id", "Amenities", "BedCount", "CreatedAt", "FloorNumber", "PricePerNight", "RoomNumber", "Status", "Type", "UpdatedAt")
VALUES (@p40, @p41, @p42, @p43, @p44, @p45, @p46, @p47, @p48, @p49);
INSERT INTO "Rooms" ("Id", "Amenities", "BedCount", "CreatedAt", "FloorNumber", "PricePerNight", "RoomNumber", "Status", "Type", "UpdatedAt")
VALUES (@p50, @p51, @p52, @p53, @p54, @p55, @p56, @p57, @p58, @p59);
INSERT INTO "Rooms" ("Id", "Amenities", "BedCount", "CreatedAt", "FloorNumber", "PricePerNight", "RoomNumber", "Status", "Type", "UpdatedAt")
VALUES (@p60, @p61, @p62, @p63, @p64, @p65, @p66, @p67, @p68, @p69);
2026-04-22 01:27:45.970 +02:00 [INF] Executed DbCommand (1ms) [Parameters=[], CommandType='"Text"', CommandTimeout='30']
SELECT r."Id", r."CreatedAt", r."Name", r."UpdatedAt"
FROM "Roles" AS r
WHERE r."Name" = 'Guest'
LIMIT 1
2026-04-22 01:27:46.014 +02:00 [INF] Executed DbCommand (2ms) [Parameters=[@__Select_0='?' (DbType = Object)], CommandType='"Text"', CommandTimeout='30']
SELECT u."Email"
FROM "Users" AS u
WHERE u."Email" = ANY (@__Select_0)
2026-04-22 01:27:47.387 +02:00 [INF] Executed DbCommand (1ms) [Parameters=[@p0='?' (DbType = Guid), @p1='?' (DbType = DateTime), @p2='?', @p3='?', @p4='?' (DbType = Boolean), @p5='?', @p6='?' (DbType = Guid), @p7='?' (DbType = DateTime), @p8='?' (DbType = Guid), @p9='?' (DbType = DateTime), @p10='?', @p11='?', @p12='?' (DbType = Boolean), @p13='?', @p14='?' (DbType = Guid), @p15='?' (DbType = DateTime), @p16='?' (DbType = Guid), @p17='?' (DbType = DateTime), @p18='?', @p19='?', @p20='?' (DbType = Boolean), @p21='?', @p22='?' (DbType = Guid), @p23='?' (DbType = DateTime), @p24='?' (DbType = Guid), @p25='?' (DbType = DateTime), @p26='?', @p27='?', @p28='?' (DbType = Boolean), @p29='?', @p30='?' (DbType = Guid), @p31='?' (DbType = DateTime), @p32='?' (DbType = Guid), @p33='?' (DbType = DateTime), @p34='?', @p35='?', @p36='?' (DbType = Boolean), @p37='?', @p38='?' (DbType = Guid), @p39='?' (DbType = DateTime)], CommandType='"Text"', CommandTimeout='30']
INSERT INTO "Users" ("Id", "CreatedAt", "Email", "FullName", "IsActive", "PasswordHash", "RoleId", "UpdatedAt")
VALUES (@p0, @p1, @p2, @p3, @p4, @p5, @p6, @p7);
INSERT INTO "Users" ("Id", "CreatedAt", "Email", "FullName", "IsActive", "PasswordHash", "RoleId", "UpdatedAt")
VALUES (@p8, @p9, @p10, @p11, @p12, @p13, @p14, @p15);
INSERT INTO "Users" ("Id", "CreatedAt", "Email", "FullName", "IsActive", "PasswordHash", "RoleId", "UpdatedAt")
VALUES (@p16, @p17, @p18, @p19, @p20, @p21, @p22, @p23);
INSERT INTO "Users" ("Id", "CreatedAt", "Email", "FullName", "IsActive", "PasswordHash", "RoleId", "UpdatedAt")
VALUES (@p24, @p25, @p26, @p27, @p28, @p29, @p30, @p31);
INSERT INTO "Users" ("Id", "CreatedAt", "Email", "FullName", "IsActive", "PasswordHash", "RoleId", "UpdatedAt")
VALUES (@p32, @p33, @p34, @p35, @p36, @p37, @p38, @p39);
2026-04-22 01:27:47.398 +02:00 [INF] Executed DbCommand (2ms) [Parameters=[], CommandType='"Text"', CommandTimeout='30']
SELECT EXISTS (
    SELECT 1
    FROM "Bookings" AS b)
2026-04-22 01:27:47.457 +02:00 [INF] Executed DbCommand (4ms) [Parameters=[@p0='?' (DbType = Guid), @p1='?' (DbType = DateTime), @p2='?' (DbType = DateTime), @p3='?', @p4='?' (DbType = Date), @p5='?' (DbType = Date), @p6='?' (DbType = DateTime), @p7='?' (DbType = Int32), @p8='?' (DbType = Int32), @p9='?' (DbType = Guid), @p10='?', @p11='?' (DbType = Int32), @p12='?' (DbType = Decimal), @p13='?' (DbType = DateTime), @p14='?' (DbType = Guid), @p15='?' (DbType = Guid), @p16='?' (DbType = DateTime), @p17='?' (DbType = DateTime), @p18='?', @p19='?' (DbType = Date), @p20='?' (DbType = Date), @p21='?' (DbType = DateTime), @p22='?' (DbType = Int32), @p23='?' (DbType = Int32), @p24='?' (DbType = Guid), @p25='?', @p26='?' (DbType = Int32), @p27='?' (DbType = Decimal), @p28='?' (DbType = DateTime), @p29='?' (DbType = Guid), @p30='?' (DbType = Guid), @p31='?' (DbType = DateTime), @p32='?' (DbType = DateTime), @p33='?', @p34='?' (DbType = Date), @p35='?' (DbType = Date), @p36='?' (DbType = DateTime), @p37='?' (DbType = Int32), @p38='?' (DbType = Int32), @p39='?' (DbType = Guid), @p40='?', @p41='?' (DbType = Int32), @p42='?' (DbType = Decimal), @p43='?' (DbType = DateTime), @p44='?' (DbType = Guid), @p45='?' (DbType = Guid), @p46='?' (DbType = DateTime), @p47='?' (DbType = DateTime), @p48='?', @p49='?' (DbType = Date), @p50='?' (DbType = Date), @p51='?' (DbType = DateTime), @p52='?' (DbType = Int32), @p53='?' (DbType = Int32), @p54='?' (DbType = Guid), @p55='?', @p56='?' (DbType = Int32), @p57='?' (DbType = Decimal), @p58='?' (DbType = DateTime), @p59='?' (DbType = Guid), @p60='?' (DbType = Guid), @p61='?' (DbType = DateTime), @p62='?' (DbType = DateTime), @p63='?', @p64='?' (DbType = Date), @p65='?' (DbType = Date), @p66='?' (DbType = DateTime), @p67='?' (DbType = Int32), @p68='?' (DbType = Int32), @p69='?' (DbType = Guid), @p70='?', @p71='?' (DbType = Int32), @p72='?' (DbType = Decimal), @p73='?' (DbType = DateTime), @p74='?' (DbType = Guid)], CommandType='"Text"', CommandTimeout='30']
INSERT INTO "Bookings" ("Id", "ActualCheckIn", "ActualCheckOut", "BookingCode", "CheckInDate", "CheckOutDate", "CreatedAt", "GuestCount", "PaymentMethod", "RoomId", "SpecialRequests", "Status", "TotalAmount", "UpdatedAt", "UserId")
VALUES (@p0, @p1, @p2, @p3, @p4, @p5, @p6, @p7, @p8, @p9, @p10, @p11, @p12, @p13, @p14);
INSERT INTO "Bookings" ("Id", "ActualCheckIn", "ActualCheckOut", "BookingCode", "CheckInDate", "CheckOutDate", "CreatedAt", "GuestCount", "PaymentMethod", "RoomId", "SpecialRequests", "Status", "TotalAmount", "UpdatedAt", "UserId")
VALUES (@p15, @p16, @p17, @p18, @p19, @p20, @p21, @p22, @p23, @p24, @p25, @p26, @p27, @p28, @p29);
INSERT INTO "Bookings" ("Id", "ActualCheckIn", "ActualCheckOut", "BookingCode", "CheckInDate", "CheckOutDate", "CreatedAt", "GuestCount", "PaymentMethod", "RoomId", "SpecialRequests", "Status", "TotalAmount", "UpdatedAt", "UserId")
VALUES (@p30, @p31, @p32, @p33, @p34, @p35, @p36, @p37, @p38, @p39, @p40, @p41, @p42, @p43, @p44);
INSERT INTO "Bookings" ("Id", "ActualCheckIn", "ActualCheckOut", "BookingCode", "CheckInDate", "CheckOutDate", "CreatedAt", "GuestCount", "PaymentMethod", "RoomId", "SpecialRequests", "Status", "TotalAmount", "UpdatedAt", "UserId")
VALUES (@p45, @p46, @p47, @p48, @p49, @p50, @p51, @p52, @p53, @p54, @p55, @p56, @p57, @p58, @p59);
INSERT INTO "Bookings" ("Id", "ActualCheckIn", "ActualCheckOut", "BookingCode", "CheckInDate", "CheckOutDate", "CreatedAt", "GuestCount", "PaymentMethod", "RoomId", "SpecialRequests", "Status", "TotalAmount", "UpdatedAt", "UserId")
VALUES (@p60, @p61, @p62, @p63, @p64, @p65, @p66, @p67, @p68, @p69, @p70, @p71, @p72, @p73, @p74);
2026-04-22 01:27:47.466 +02:00 [INF] Executed DbCommand (1ms) [Parameters=[], CommandType='"Text"', CommandTimeout='30']
SELECT EXISTS (
    SELECT 1
    FROM "RoomCharges" AS r)
2026-04-22 01:27:47.486 +02:00 [INF] Executed DbCommand (2ms) [Parameters=[@p0='?' (DbType = Guid), @p1='?' (DbType = Decimal), @p2='?' (DbType = Guid), @p3='?' (DbType = DateTime), @p4='?', @p5='?' (DbType = DateTime), @p6='?' (DbType = Guid), @p7='?' (DbType = Decimal), @p8='?' (DbType = Guid), @p9='?' (DbType = DateTime), @p10='?', @p11='?' (DbType = DateTime), @p12='?' (DbType = Guid), @p13='?' (DbType = Decimal), @p14='?' (DbType = Guid), @p15='?' (DbType = DateTime), @p16='?', @p17='?' (DbType = DateTime), @p18='?' (DbType = Guid), @p19='?' (DbType = Decimal), @p20='?' (DbType = Guid), @p21='?' (DbType = DateTime), @p22='?', @p23='?' (DbType = DateTime)], CommandType='"Text"', CommandTimeout='30']
INSERT INTO "RoomCharges" ("Id", "Amount", "BookingId", "CreatedAt", "Description", "UpdatedAt")
VALUES (@p0, @p1, @p2, @p3, @p4, @p5);
INSERT INTO "RoomCharges" ("Id", "Amount", "BookingId", "CreatedAt", "Description", "UpdatedAt")
VALUES (@p6, @p7, @p8, @p9, @p10, @p11);
INSERT INTO "RoomCharges" ("Id", "Amount", "BookingId", "CreatedAt", "Description", "UpdatedAt")
VALUES (@p12, @p13, @p14, @p15, @p16, @p17);
INSERT INTO "RoomCharges" ("Id", "Amount", "BookingId", "CreatedAt", "Description", "UpdatedAt")
VALUES (@p18, @p19, @p20, @p21, @p22, @p23);
2026-04-22 01:27:47.494 +02:00 [INF] Database initialization complete
2026-04-22 01:27:47.508 +02:00 [INF] User profile is available. Using 'C:\Users\Flori\AppData\Local\ASP.NET\DataProtection-Keys' as key repository and Windows DPAPI to encrypt keys at rest.
2026-04-22 01:27:47.609 +02:00 [INF] Now listening on: http://localhost:5259
2026-04-22 01:27:47.610 +02:00 [INF] Application started. Press Ctrl+C to shut down.
2026-04-22 01:27:47.612 +02:00 [INF] Hosting environment: Development
2026-04-22 01:27:47.613 +02:00 [INF] Content root path: C:\Users\Flori\Desktop\HBS\backend\src\HotelBooking.API
2026-04-22 01:29:16.134 +02:00 [INF] Request starting HTTP/1.1 OPTIONS http://localhost:5259/api/auth/login - null null
2026-04-22 01:29:16.191 +02:00 [INF] CORS policy execution successful.
2026-04-22 01:29:16.196 +02:00 [INF] HTTP OPTIONS /api/auth/login responded 204 in 4.1708 ms
2026-04-22 01:29:16.214 +02:00 [INF] Request finished HTTP/1.1 OPTIONS http://localhost:5259/api/auth/login - 204 null null 81.9349ms
2026-04-22 01:29:16.221 +02:00 [INF] Request starting HTTP/1.1 POST http://localhost:5259/api/auth/login - application/json 50
2026-04-22 01:29:16.227 +02:00 [INF] CORS policy execution successful.
2026-04-22 01:29:16.229 +02:00 [WRN] Failed to determine the https port for redirect.
2026-04-22 01:29:16.562 +02:00 [INF] Executing endpoint 'HotelBooking.API.Controllers.AuthController.Login (HotelBooking.API)'
2026-04-22 01:29:16.579 +02:00 [INF] Route matched with {action = "Login", controller = "Auth"}. Executing controller action with signature System.Threading.Tasks.Task`1[Microsoft.AspNetCore.Mvc.ActionResult`1[HotelBooking.Application.Features.Auth.DTOs.AuthResponse]] Login(HotelBooking.Application.Features.Auth.DTOs.LoginRequest, System.Threading.CancellationToken) on controller HotelBooking.API.Controllers.AuthController (HotelBooking.API).
2026-04-22 01:29:16.699 +02:00 [INF] Executed DbCommand (1ms) [Parameters=[@__normalizedEmail_0='?'], CommandType='"Text"', CommandTimeout='30']
SELECT u."Id", u."CreatedAt", u."Email", u."FullName", u."IsActive", u."PasswordHash", u."RoleId", u."UpdatedAt", r."Id", r."CreatedAt", r."Name", r."UpdatedAt"
FROM "Users" AS u
INNER JOIN "Roles" AS r ON u."RoleId" = r."Id"
WHERE u."Email" = @__normalizedEmail_0
LIMIT 1
2026-04-22 01:29:16.967 +02:00 [INF] User logged in. UserId="10000000-0000-0000-0000-000000000001" Email=admin@hotel.com Role=Admin
2026-04-22 01:29:17.065 +02:00 [INF] Executing OkObjectResult, writing value of type 'HotelBooking.API.Common.ApiResponse'.
2026-04-22 01:29:17.086 +02:00 [INF] Executed action HotelBooking.API.Controllers.AuthController.Login (HotelBooking.API) in 502.3965ms
2026-04-22 01:29:17.088 +02:00 [INF] Executed endpoint 'HotelBooking.API.Controllers.AuthController.Login (HotelBooking.API)'
2026-04-22 01:29:17.091 +02:00 [INF] HTTP POST /api/auth/login responded 200 in 864.2522 ms
2026-04-22 01:29:17.095 +02:00 [INF] Request finished HTTP/1.1 POST http://localhost:5259/api/auth/login - 200 null application/json; charset=utf-8 873.6979ms
2026-04-22 01:29:17.901 +02:00 [INF] Request starting HTTP/1.1 OPTIONS http://localhost:5259/api/notifications?pageNumber=1&pageSize=8 - null null
2026-04-22 01:29:17.903 +02:00 [INF] Request starting HTTP/1.1 OPTIONS http://localhost:5259/api/rooms?page=1&pageSize=100 - null null
2026-04-22 01:29:17.904 +02:00 [INF] Request starting HTTP/1.1 OPTIONS http://localhost:5259/api/bookings?page=1&pageSize=100 - null null
2026-04-22 01:29:17.904 +02:00 [INF] Request starting HTTP/1.1 OPTIONS http://localhost:5259/api/notifications?pageNumber=1&pageSize=6 - null null
2026-04-22 01:29:17.906 +02:00 [INF] CORS policy execution successful.
2026-04-22 01:29:17.908 +02:00 [INF] CORS policy execution successful.
2026-04-22 01:29:17.912 +02:00 [INF] CORS policy execution successful.
2026-04-22 01:29:17.915 +02:00 [INF] CORS policy execution successful.
2026-04-22 01:29:17.916 +02:00 [INF] HTTP OPTIONS /api/notifications responded 204 in 10.4269 ms
2026-04-22 01:29:17.917 +02:00 [INF] HTTP OPTIONS /api/rooms responded 204 in 8.8577 ms
2026-04-22 01:29:17.918 +02:00 [INF] HTTP OPTIONS /api/bookings responded 204 in 6.3777 ms
2026-04-22 01:29:17.919 +02:00 [INF] HTTP OPTIONS /api/notifications responded 204 in 4.0912 ms
2026-04-22 01:29:17.922 +02:00 [INF] Request finished HTTP/1.1 OPTIONS http://localhost:5259/api/notifications?pageNumber=1&pageSize=8 - 204 null null 20.7923ms
2026-04-22 01:29:17.924 +02:00 [INF] Request finished HTTP/1.1 OPTIONS http://localhost:5259/api/rooms?page=1&pageSize=100 - 204 null null 21.9411ms
2026-04-22 01:29:17.927 +02:00 [INF] Request finished HTTP/1.1 OPTIONS http://localhost:5259/api/bookings?page=1&pageSize=100 - 204 null null 23.3418ms
2026-04-22 01:29:17.929 +02:00 [INF] Request finished HTTP/1.1 OPTIONS http://localhost:5259/api/notifications?pageNumber=1&pageSize=6 - 204 null null 25.2167ms
2026-04-22 01:29:17.933 +02:00 [INF] Request starting HTTP/1.1 GET http://localhost:5259/api/notifications?pageNumber=1&pageSize=8 - null null
2026-04-22 01:29:17.937 +02:00 [INF] Request starting HTTP/1.1 GET http://localhost:5259/api/rooms?page=1&pageSize=100 - null null
2026-04-22 01:29:17.941 +02:00 [INF] Request starting HTTP/1.1 GET http://localhost:5259/api/bookings?page=1&pageSize=100 - null null
2026-04-22 01:29:17.944 +02:00 [INF] Request starting HTTP/1.1 GET http://localhost:5259/api/notifications?pageNumber=1&pageSize=6 - null null
2026-04-22 01:29:17.950 +02:00 [INF] CORS policy execution successful.
2026-04-22 01:29:17.950 +02:00 [INF] CORS policy execution successful.
2026-04-22 01:29:17.953 +02:00 [INF] CORS policy execution successful.
2026-04-22 01:29:17.956 +02:00 [INF] CORS policy execution successful.
2026-04-22 01:29:17.996 +02:00 [INF] Executing endpoint 'HotelBooking.API.Controllers.NotificationsController.GetNotifications (HotelBooking.API)'
2026-04-22 01:29:17.996 +02:00 [INF] Executing endpoint 'HotelBooking.API.Controllers.RoomsController.GetRooms (HotelBooking.API)'
2026-04-22 01:29:17.996 +02:00 [INF] Executing endpoint 'HotelBooking.API.Controllers.NotificationsController.GetNotifications (HotelBooking.API)'
2026-04-22 01:29:17.997 +02:00 [INF] Executing endpoint 'HotelBooking.API.Controllers.BookingsController.GetBookings (HotelBooking.API)'
2026-04-22 01:29:18.003 +02:00 [INF] Route matched with {action = "GetNotifications", controller = "Notifications"}. Executing controller action with signature System.Threading.Tasks.Task`1[Microsoft.AspNetCore.Mvc.IActionResult] GetNotifications(Boolean, Int32, Int32, System.Threading.CancellationToken) on controller HotelBooking.API.Controllers.NotificationsController (HotelBooking.API).
2026-04-22 01:29:18.003 +02:00 [INF] Route matched with {action = "GetNotifications", controller = "Notifications"}. Executing controller action with signature System.Threading.Tasks.Task`1[Microsoft.AspNetCore.Mvc.IActionResult] GetNotifications(Boolean, Int32, Int32, System.Threading.CancellationToken) on controller HotelBooking.API.Controllers.NotificationsController (HotelBooking.API).
2026-04-22 01:29:18.006 +02:00 [INF] Route matched with {action = "GetRooms", controller = "Rooms"}. Executing controller action with signature System.Threading.Tasks.Task`1[Microsoft.AspNetCore.Mvc.IActionResult] GetRooms(System.Nullable`1[HotelBooking.Domain.Enums.RoomType], System.Nullable`1[HotelBooking.Domain.Enums.RoomStatus], System.Nullable`1[System.Int32], System.String, Int32, Int32, System.Threading.CancellationToken) on controller HotelBooking.API.Controllers.RoomsController (HotelBooking.API).
2026-04-22 01:29:18.006 +02:00 [INF] Route matched with {action = "GetBookings", controller = "Bookings"}. Executing controller action with signature System.Threading.Tasks.Task`1[Microsoft.AspNetCore.Mvc.IActionResult] GetBookings(System.Nullable`1[HotelBooking.Domain.Enums.BookingStatus], System.String, System.String, System.String, System.Nullable`1[System.DateOnly], System.Nullable`1[System.DateOnly], Int32, Int32, System.Threading.CancellationToken) on controller HotelBooking.API.Controllers.BookingsController (HotelBooking.API).
2026-04-22 01:29:18.084 +02:00 [INF] Executed DbCommand (2ms) [Parameters=[], CommandType='"Text"', CommandTimeout='30']
SELECT count(*)::int
FROM "Rooms" AS r
2026-04-22 01:29:18.123 +02:00 [INF] Executed DbCommand (1ms) [Parameters=[@__p_1='?' (DbType = Int32), @__p_0='?' (DbType = Int32)], CommandType='"Text"', CommandTimeout='30']
SELECT r."Id", r."RoomNumber", r."FloorNumber", CASE r."Type"
    WHEN 1 THEN 'Standard'
    WHEN 2 THEN 'Deluxe'
    WHEN 3 THEN 'Family'
    WHEN 4 THEN 'BusinessSuite'
    ELSE r."Type"::text
END, CASE r."Status"
    WHEN 1 THEN 'Available'
    WHEN 2 THEN 'Occupied'
    WHEN 3 THEN 'Cleaning'
    WHEN 4 THEN 'Maintenance'
    ELSE r."Status"::text
END, r."PricePerNight", r."BedCount", r."Amenities", r."CreatedAt"
FROM "Rooms" AS r
ORDER BY r."FloorNumber", r."RoomNumber"
LIMIT @__p_1 OFFSET @__p_0
2026-04-22 01:29:18.137 +02:00 [INF] Executing OkObjectResult, writing value of type 'HotelBooking.API.Common.ApiResponse'.
2026-04-22 01:29:18.144 +02:00 [INF] Executed DbCommand (3ms) [Parameters=[], CommandType='"Text"', CommandTimeout='30']
SELECT count(*)::int
FROM "Bookings" AS b
2026-04-22 01:29:18.149 +02:00 [INF] Executed action HotelBooking.API.Controllers.RoomsController.GetRooms (HotelBooking.API) in 138.5533ms
2026-04-22 01:29:18.151 +02:00 [INF] Executed DbCommand (3ms) [Parameters=[@__userId_0='?' (DbType = Guid)], CommandType='"Text"', CommandTimeout='30']
SELECT count(*)::int
FROM "Notifications" AS n
WHERE n."UserId" = @__userId_0 AND NOT (n."IsRead")
2026-04-22 01:29:18.152 +02:00 [INF] Executed endpoint 'HotelBooking.API.Controllers.RoomsController.GetRooms (HotelBooking.API)'
2026-04-22 01:29:18.156 +02:00 [INF] HTTP GET /api/rooms responded 200 in 205.4783 ms
2026-04-22 01:29:18.158 +02:00 [INF] Executed DbCommand (3ms) [Parameters=[@__userId_0='?' (DbType = Guid)], CommandType='"Text"', CommandTimeout='30']
SELECT count(*)::int
FROM "Notifications" AS n
WHERE n."UserId" = @__userId_0 AND NOT (n."IsRead")
2026-04-22 01:29:18.159 +02:00 [INF] Request finished HTTP/1.1 GET http://localhost:5259/api/rooms?page=1&pageSize=100 - 200 null application/json; charset=utf-8 221.7724ms
2026-04-22 01:29:18.160 +02:00 [INF] Executed DbCommand (2ms) [Parameters=[@__userId_0='?' (DbType = Guid)], CommandType='"Text"', CommandTimeout='30']
SELECT count(*)::int
FROM "Notifications" AS n
WHERE n."UserId" = @__userId_0
2026-04-22 01:29:18.163 +02:00 [INF] Executed DbCommand (2ms) [Parameters=[@__userId_0='?' (DbType = Guid)], CommandType='"Text"', CommandTimeout='30']
SELECT count(*)::int
FROM "Notifications" AS n
WHERE n."UserId" = @__userId_0
2026-04-22 01:29:18.177 +02:00 [INF] Executed DbCommand (1ms) [Parameters=[@__userId_0='?' (DbType = Guid), @__p_2='?' (DbType = Int32), @__p_1='?' (DbType = Int32)], CommandType='"Text"', CommandTimeout='30']
SELECT n."Id", n."Title", n."Message", CASE n."Type"
    WHEN 1 THEN 'BookingCreated'
    WHEN 2 THEN 'BookingCancelled'
    WHEN 3 THEN 'CheckInCompleted'
    WHEN 4 THEN 'CheckOutCompleted'
    WHEN 5 THEN 'PaymentCompleted'
    WHEN 6 THEN 'HousekeepingUpdated'
    WHEN 7 THEN 'MaintenanceAlert'
    ELSE n."Type"::text
END, n."IsRead", n."CreatedAt"
FROM "Notifications" AS n
WHERE n."UserId" = @__userId_0
ORDER BY n."CreatedAt" DESC
LIMIT @__p_2 OFFSET @__p_1
2026-04-22 01:29:18.177 +02:00 [INF] Executed DbCommand (1ms) [Parameters=[@__userId_0='?' (DbType = Guid), @__p_2='?' (DbType = Int32), @__p_1='?' (DbType = Int32)], CommandType='"Text"', CommandTimeout='30']
SELECT n."Id", n."Title", n."Message", CASE n."Type"
    WHEN 1 THEN 'BookingCreated'
    WHEN 2 THEN 'BookingCancelled'
    WHEN 3 THEN 'CheckInCompleted'
    WHEN 4 THEN 'CheckOutCompleted'
    WHEN 5 THEN 'PaymentCompleted'
    WHEN 6 THEN 'HousekeepingUpdated'
    WHEN 7 THEN 'MaintenanceAlert'
    ELSE n."Type"::text
END, n."IsRead", n."CreatedAt"
FROM "Notifications" AS n
WHERE n."UserId" = @__userId_0
ORDER BY n."CreatedAt" DESC
LIMIT @__p_2 OFFSET @__p_1
2026-04-22 01:29:18.178 +02:00 [INF] Executed DbCommand (4ms) [Parameters=[@__p_1='?' (DbType = Int32), @__p_0='?' (DbType = Int32)], CommandType='"Text"', CommandTimeout='30']
SELECT b0."Id", b0."BookingCode", b0."UserId", u."FullName", u."Email", b0."RoomId", r."RoomNumber", CASE r."Type"
    WHEN 1 THEN 'Standard'
    WHEN 2 THEN 'Deluxe'
    WHEN 3 THEN 'Family'
    WHEN 4 THEN 'BusinessSuite'
    ELSE r."Type"::text
END, b0."CheckInDate", b0."CheckOutDate", b0."TotalAmount", CASE b0."PaymentMethod"
    WHEN 1 THEN 'Card'
    WHEN 2 THEN 'Cash'
    WHEN 3 THEN 'Check'
    ELSE b0."PaymentMethod"::text
END, CASE b0."Status"
    WHEN 1 THEN 'Confirmed'
    WHEN 2 THEN 'Active'
    WHEN 3 THEN 'CheckedOut'
    WHEN 4 THEN 'Cancelled'
    ELSE b0."Status"::text
END, b0."CheckOutDate" - b0."CheckInDate", b0."CreatedAt"
FROM (
    SELECT b."Id", b."BookingCode", b."CheckInDate", b."CheckOutDate", b."CreatedAt", b."PaymentMethod", b."RoomId", b."Status", b."TotalAmount", b."UserId"
    FROM "Bookings" AS b
    ORDER BY b."CreatedAt" DESC
    LIMIT @__p_1 OFFSET @__p_0
) AS b0
INNER JOIN "Users" AS u ON b0."UserId" = u."Id"
INNER JOIN "Rooms" AS r ON b0."RoomId" = r."Id"
ORDER BY b0."CreatedAt" DESC
2026-04-22 01:29:18.180 +02:00 [INF] Executing OkObjectResult, writing value of type 'HotelBooking.API.Common.ApiResponse'.
2026-04-22 01:29:18.182 +02:00 [INF] Executing OkObjectResult, writing value of type 'HotelBooking.API.Common.ApiResponse'.
2026-04-22 01:29:18.186 +02:00 [INF] Executing OkObjectResult, writing value of type 'HotelBooking.API.Common.ApiResponse'.
2026-04-22 01:29:18.190 +02:00 [INF] Executed action HotelBooking.API.Controllers.NotificationsController.GetNotifications (HotelBooking.API) in 181.5616ms
2026-04-22 01:29:18.190 +02:00 [INF] Executed action HotelBooking.API.Controllers.NotificationsController.GetNotifications (HotelBooking.API) in 183.677ms
2026-04-22 01:29:18.191 +02:00 [INF] Executed endpoint 'HotelBooking.API.Controllers.NotificationsController.GetNotifications (HotelBooking.API)'
2026-04-22 01:29:18.193 +02:00 [INF] Executed endpoint 'HotelBooking.API.Controllers.NotificationsController.GetNotifications (HotelBooking.API)'
2026-04-22 01:29:18.194 +02:00 [INF] HTTP GET /api/notifications responded 200 in 244.0719 ms
2026-04-22 01:29:18.195 +02:00 [INF] HTTP GET /api/notifications responded 200 in 239.5474 ms
2026-04-22 01:29:18.198 +02:00 [INF] Request finished HTTP/1.1 GET http://localhost:5259/api/notifications?pageNumber=1&pageSize=8 - 200 null application/json; charset=utf-8 264.1738ms
2026-04-22 01:29:18.200 +02:00 [INF] Executed action HotelBooking.API.Controllers.BookingsController.GetBookings (HotelBooking.API) in 187.3456ms
2026-04-22 01:29:18.201 +02:00 [INF] Request finished HTTP/1.1 GET http://localhost:5259/api/notifications?pageNumber=1&pageSize=6 - 200 null application/json; charset=utf-8 256.219ms
2026-04-22 01:29:18.206 +02:00 [INF] Executed endpoint 'HotelBooking.API.Controllers.BookingsController.GetBookings (HotelBooking.API)'
2026-04-22 01:29:18.211 +02:00 [INF] HTTP GET /api/bookings responded 200 in 257.9776 ms
2026-04-22 01:29:18.213 +02:00 [INF] Request finished HTTP/1.1 GET http://localhost:5259/api/bookings?page=1&pageSize=100 - 200 null application/json; charset=utf-8 272.1691ms
2026-04-22 01:29:38.573 +02:00 [INF] Request starting HTTP/1.1 OPTIONS http://localhost:5259/api/rooms?page=1&pageSize=100 - null null
2026-04-22 01:29:38.577 +02:00 [INF] CORS policy execution successful.
2026-04-22 01:29:38.578 +02:00 [INF] HTTP OPTIONS /api/rooms responded 204 in 1.4176 ms
2026-04-22 01:29:38.581 +02:00 [INF] Request finished HTTP/1.1 OPTIONS http://localhost:5259/api/rooms?page=1&pageSize=100 - 204 null null 7.5141ms
2026-04-22 01:29:38.585 +02:00 [INF] Request starting HTTP/1.1 GET http://localhost:5259/api/rooms?page=1&pageSize=100 - null null
2026-04-22 01:29:38.589 +02:00 [INF] CORS policy execution successful.
2026-04-22 01:29:38.592 +02:00 [INF] Executing endpoint 'HotelBooking.API.Controllers.RoomsController.GetRooms (HotelBooking.API)'
2026-04-22 01:29:38.594 +02:00 [INF] Route matched with {action = "GetRooms", controller = "Rooms"}. Executing controller action with signature System.Threading.Tasks.Task`1[Microsoft.AspNetCore.Mvc.IActionResult] GetRooms(System.Nullable`1[HotelBooking.Domain.Enums.RoomType], System.Nullable`1[HotelBooking.Domain.Enums.RoomStatus], System.Nullable`1[System.Int32], System.String, Int32, Int32, System.Threading.CancellationToken) on controller HotelBooking.API.Controllers.RoomsController (HotelBooking.API).
2026-04-22 01:29:38.600 +02:00 [INF] Executed DbCommand (1ms) [Parameters=[], CommandType='"Text"', CommandTimeout='30']
SELECT count(*)::int
FROM "Rooms" AS r
2026-04-22 01:29:38.605 +02:00 [INF] Executed DbCommand (2ms) [Parameters=[@__p_1='?' (DbType = Int32), @__p_0='?' (DbType = Int32)], CommandType='"Text"', CommandTimeout='30']
SELECT r."Id", r."RoomNumber", r."FloorNumber", CASE r."Type"
    WHEN 1 THEN 'Standard'
    WHEN 2 THEN 'Deluxe'
    WHEN 3 THEN 'Family'
    WHEN 4 THEN 'BusinessSuite'
    ELSE r."Type"::text
END, CASE r."Status"
    WHEN 1 THEN 'Available'
    WHEN 2 THEN 'Occupied'
    WHEN 3 THEN 'Cleaning'
    WHEN 4 THEN 'Maintenance'
    ELSE r."Status"::text
END, r."PricePerNight", r."BedCount", r."Amenities", r."CreatedAt"
FROM "Rooms" AS r
ORDER BY r."FloorNumber", r."RoomNumber"
LIMIT @__p_1 OFFSET @__p_0
2026-04-22 01:29:38.609 +02:00 [INF] Executing OkObjectResult, writing value of type 'HotelBooking.API.Common.ApiResponse'.
2026-04-22 01:29:38.611 +02:00 [INF] Executed action HotelBooking.API.Controllers.RoomsController.GetRooms (HotelBooking.API) in 14.1772ms
2026-04-22 01:29:38.612 +02:00 [INF] Executed endpoint 'HotelBooking.API.Controllers.RoomsController.GetRooms (HotelBooking.API)'
2026-04-22 01:29:38.614 +02:00 [INF] HTTP GET /api/rooms responded 200 in 25.0592 ms
2026-04-22 01:29:38.616 +02:00 [INF] Request finished HTTP/1.1 GET http://localhost:5259/api/rooms?page=1&pageSize=100 - 200 null application/json; charset=utf-8 30.9627ms
2026-04-22 01:29:41.425 +02:00 [INF] Request starting HTTP/1.1 OPTIONS http://localhost:5259/api/rooms?type=Standard&page=1&pageSize=100 - null null
2026-04-22 01:29:41.429 +02:00 [INF] CORS policy execution successful.
2026-04-22 01:29:41.430 +02:00 [INF] HTTP OPTIONS /api/rooms responded 204 in 1.1769 ms
2026-04-22 01:29:41.432 +02:00 [INF] Request finished HTTP/1.1 OPTIONS http://localhost:5259/api/rooms?type=Standard&page=1&pageSize=100 - 204 null null 6.4421ms
2026-04-22 01:29:41.436 +02:00 [INF] Request starting HTTP/1.1 GET http://localhost:5259/api/rooms?type=Standard&page=1&pageSize=100 - null null
2026-04-22 01:29:41.439 +02:00 [INF] CORS policy execution successful.
2026-04-22 01:29:41.440 +02:00 [INF] Executing endpoint 'HotelBooking.API.Controllers.RoomsController.GetRooms (HotelBooking.API)'
2026-04-22 01:29:41.441 +02:00 [INF] Route matched with {action = "GetRooms", controller = "Rooms"}. Executing controller action with signature System.Threading.Tasks.Task`1[Microsoft.AspNetCore.Mvc.IActionResult] GetRooms(System.Nullable`1[HotelBooking.Domain.Enums.RoomType], System.Nullable`1[HotelBooking.Domain.Enums.RoomStatus], System.Nullable`1[System.Int32], System.String, Int32, Int32, System.Threading.CancellationToken) on controller HotelBooking.API.Controllers.RoomsController (HotelBooking.API).
2026-04-22 01:29:41.452 +02:00 [INF] Executed DbCommand (0ms) [Parameters=[@__filter_Type_Value_0='?' (DbType = Int32)], CommandType='"Text"', CommandTimeout='30']
SELECT count(*)::int
FROM "Rooms" AS r
WHERE r."Type" = @__filter_Type_Value_0
2026-04-22 01:29:41.460 +02:00 [INF] Executed DbCommand (1ms) [Parameters=[@__filter_Type_Value_0='?' (DbType = Int32), @__p_2='?' (DbType = Int32), @__p_1='?' (DbType = Int32)], CommandType='"Text"', CommandTimeout='30']
SELECT r."Id", r."RoomNumber", r."FloorNumber", CASE r."Type"
    WHEN 1 THEN 'Standard'
    WHEN 2 THEN 'Deluxe'
    WHEN 3 THEN 'Family'
    WHEN 4 THEN 'BusinessSuite'
    ELSE r."Type"::text
END, CASE r."Status"
    WHEN 1 THEN 'Available'
    WHEN 2 THEN 'Occupied'
    WHEN 3 THEN 'Cleaning'
    WHEN 4 THEN 'Maintenance'
    ELSE r."Status"::text
END, r."PricePerNight", r."BedCount", r."Amenities", r."CreatedAt"
FROM "Rooms" AS r
WHERE r."Type" = @__filter_Type_Value_0
ORDER BY r."FloorNumber", r."RoomNumber"
LIMIT @__p_2 OFFSET @__p_1
2026-04-22 01:29:41.462 +02:00 [INF] Executing OkObjectResult, writing value of type 'HotelBooking.API.Common.ApiResponse'.
2026-04-22 01:29:41.464 +02:00 [INF] Executed action HotelBooking.API.Controllers.RoomsController.GetRooms (HotelBooking.API) in 20.6228ms
2026-04-22 01:29:41.466 +02:00 [INF] Executed endpoint 'HotelBooking.API.Controllers.RoomsController.GetRooms (HotelBooking.API)'
2026-04-22 01:29:41.467 +02:00 [INF] HTTP GET /api/rooms responded 200 in 27.7592 ms
2026-04-22 01:29:41.469 +02:00 [INF] Request finished HTTP/1.1 GET http://localhost:5259/api/rooms?type=Standard&page=1&pageSize=100 - 200 null application/json; charset=utf-8 32.4718ms
2026-04-22 01:29:42.243 +02:00 [INF] Request starting HTTP/1.1 OPTIONS http://localhost:5259/api/rooms?type=Deluxe&page=1&pageSize=100 - null null
2026-04-22 01:29:42.246 +02:00 [INF] CORS policy execution successful.
2026-04-22 01:29:42.246 +02:00 [INF] HTTP OPTIONS /api/rooms responded 204 in 0.7548 ms
2026-04-22 01:29:42.249 +02:00 [INF] Request finished HTTP/1.1 OPTIONS http://localhost:5259/api/rooms?type=Deluxe&page=1&pageSize=100 - 204 null null 6.0277ms
2026-04-22 01:29:42.252 +02:00 [INF] Request starting HTTP/1.1 GET http://localhost:5259/api/rooms?type=Deluxe&page=1&pageSize=100 - null null
2026-04-22 01:29:42.255 +02:00 [INF] CORS policy execution successful.
2026-04-22 01:29:42.256 +02:00 [INF] Executing endpoint 'HotelBooking.API.Controllers.RoomsController.GetRooms (HotelBooking.API)'
2026-04-22 01:29:42.257 +02:00 [INF] Route matched with {action = "GetRooms", controller = "Rooms"}. Executing controller action with signature System.Threading.Tasks.Task`1[Microsoft.AspNetCore.Mvc.IActionResult] GetRooms(System.Nullable`1[HotelBooking.Domain.Enums.RoomType], System.Nullable`1[HotelBooking.Domain.Enums.RoomStatus], System.Nullable`1[System.Int32], System.String, Int32, Int32, System.Threading.CancellationToken) on controller HotelBooking.API.Controllers.RoomsController (HotelBooking.API).
2026-04-22 01:29:42.260 +02:00 [INF] Executed DbCommand (1ms) [Parameters=[@__filter_Type_Value_0='?' (DbType = Int32)], CommandType='"Text"', CommandTimeout='30']
SELECT count(*)::int
FROM "Rooms" AS r
WHERE r."Type" = @__filter_Type_Value_0
2026-04-22 01:29:42.263 +02:00 [INF] Executed DbCommand (1ms) [Parameters=[@__filter_Type_Value_0='?' (DbType = Int32), @__p_2='?' (DbType = Int32), @__p_1='?' (DbType = Int32)], CommandType='"Text"', CommandTimeout='30']
SELECT r."Id", r."RoomNumber", r."FloorNumber", CASE r."Type"
    WHEN 1 THEN 'Standard'
    WHEN 2 THEN 'Deluxe'
    WHEN 3 THEN 'Family'
    WHEN 4 THEN 'BusinessSuite'
    ELSE r."Type"::text
END, CASE r."Status"
    WHEN 1 THEN 'Available'
    WHEN 2 THEN 'Occupied'
    WHEN 3 THEN 'Cleaning'
    WHEN 4 THEN 'Maintenance'
    ELSE r."Status"::text
END, r."PricePerNight", r."BedCount", r."Amenities", r."CreatedAt"
FROM "Rooms" AS r
WHERE r."Type" = @__filter_Type_Value_0
ORDER BY r."FloorNumber", r."RoomNumber"
LIMIT @__p_2 OFFSET @__p_1
2026-04-22 01:29:42.266 +02:00 [INF] Executing OkObjectResult, writing value of type 'HotelBooking.API.Common.ApiResponse'.
2026-04-22 01:29:42.268 +02:00 [INF] Executed action HotelBooking.API.Controllers.RoomsController.GetRooms (HotelBooking.API) in 8.937ms
2026-04-22 01:29:42.269 +02:00 [INF] Executed endpoint 'HotelBooking.API.Controllers.RoomsController.GetRooms (HotelBooking.API)'
2026-04-22 01:29:42.270 +02:00 [INF] HTTP GET /api/rooms responded 200 in 15.4322 ms
2026-04-22 01:29:42.272 +02:00 [INF] Request finished HTTP/1.1 GET http://localhost:5259/api/rooms?type=Deluxe&page=1&pageSize=100 - 200 null application/json; charset=utf-8 20.3916ms
2026-04-22 01:29:42.826 +02:00 [INF] Request starting HTTP/1.1 OPTIONS http://localhost:5259/api/rooms?type=Family&page=1&pageSize=100 - null null
2026-04-22 01:29:42.830 +02:00 [INF] CORS policy execution successful.
2026-04-22 01:29:42.831 +02:00 [INF] HTTP OPTIONS /api/rooms responded 204 in 1.1807 ms
2026-04-22 01:29:42.833 +02:00 [INF] Request finished HTTP/1.1 OPTIONS http://localhost:5259/api/rooms?type=Family&page=1&pageSize=100 - 204 null null 7.044ms
2026-04-22 01:29:42.838 +02:00 [INF] Request starting HTTP/1.1 GET http://localhost:5259/api/rooms?type=Family&page=1&pageSize=100 - null null
2026-04-22 01:29:42.842 +02:00 [INF] CORS policy execution successful.
2026-04-22 01:29:42.844 +02:00 [INF] Executing endpoint 'HotelBooking.API.Controllers.RoomsController.GetRooms (HotelBooking.API)'
2026-04-22 01:29:42.845 +02:00 [INF] Route matched with {action = "GetRooms", controller = "Rooms"}. Executing controller action with signature System.Threading.Tasks.Task`1[Microsoft.AspNetCore.Mvc.IActionResult] GetRooms(System.Nullable`1[HotelBooking.Domain.Enums.RoomType], System.Nullable`1[HotelBooking.Domain.Enums.RoomStatus], System.Nullable`1[System.Int32], System.String, Int32, Int32, System.Threading.CancellationToken) on controller HotelBooking.API.Controllers.RoomsController (HotelBooking.API).
2026-04-22 01:29:42.850 +02:00 [INF] Executed DbCommand (0ms) [Parameters=[@__filter_Type_Value_0='?' (DbType = Int32)], CommandType='"Text"', CommandTimeout='30']
SELECT count(*)::int
FROM "Rooms" AS r
WHERE r."Type" = @__filter_Type_Value_0
2026-04-22 01:29:42.854 +02:00 [INF] Executed DbCommand (1ms) [Parameters=[@__filter_Type_Value_0='?' (DbType = Int32), @__p_2='?' (DbType = Int32), @__p_1='?' (DbType = Int32)], CommandType='"Text"', CommandTimeout='30']
SELECT r."Id", r."RoomNumber", r."FloorNumber", CASE r."Type"
    WHEN 1 THEN 'Standard'
    WHEN 2 THEN 'Deluxe'
    WHEN 3 THEN 'Family'
    WHEN 4 THEN 'BusinessSuite'
    ELSE r."Type"::text
END, CASE r."Status"
    WHEN 1 THEN 'Available'
    WHEN 2 THEN 'Occupied'
    WHEN 3 THEN 'Cleaning'
    WHEN 4 THEN 'Maintenance'
    ELSE r."Status"::text
END, r."PricePerNight", r."BedCount", r."Amenities", r."CreatedAt"
FROM "Rooms" AS r
WHERE r."Type" = @__filter_Type_Value_0
ORDER BY r."FloorNumber", r."RoomNumber"
LIMIT @__p_2 OFFSET @__p_1
2026-04-22 01:29:42.857 +02:00 [INF] Executing OkObjectResult, writing value of type 'HotelBooking.API.Common.ApiResponse'.
2026-04-22 01:29:42.859 +02:00 [INF] Executed action HotelBooking.API.Controllers.RoomsController.GetRooms (HotelBooking.API) in 11.0556ms
2026-04-22 01:29:42.861 +02:00 [INF] Executed endpoint 'HotelBooking.API.Controllers.RoomsController.GetRooms (HotelBooking.API)'
2026-04-22 01:29:42.863 +02:00 [INF] HTTP GET /api/rooms responded 200 in 20.5651 ms
2026-04-22 01:29:42.866 +02:00 [INF] Request finished HTTP/1.1 GET http://localhost:5259/api/rooms?type=Family&page=1&pageSize=100 - 200 null application/json; charset=utf-8 27.2412ms
2026-04-22 01:29:43.299 +02:00 [INF] Request starting HTTP/1.1 OPTIONS http://localhost:5259/api/rooms?type=BusinessSuite&page=1&pageSize=100 - null null
2026-04-22 01:29:43.303 +02:00 [INF] CORS policy execution successful.
2026-04-22 01:29:43.305 +02:00 [INF] HTTP OPTIONS /api/rooms responded 204 in 1.6208 ms
2026-04-22 01:29:43.308 +02:00 [INF] Request finished HTTP/1.1 OPTIONS http://localhost:5259/api/rooms?type=BusinessSuite&page=1&pageSize=100 - 204 null null 8.4221ms
2026-04-22 01:29:43.312 +02:00 [INF] Request starting HTTP/1.1 GET http://localhost:5259/api/rooms?type=BusinessSuite&page=1&pageSize=100 - null null
2026-04-22 01:29:43.315 +02:00 [INF] CORS policy execution successful.
2026-04-22 01:29:43.316 +02:00 [INF] Executing endpoint 'HotelBooking.API.Controllers.RoomsController.GetRooms (HotelBooking.API)'
2026-04-22 01:29:43.318 +02:00 [INF] Route matched with {action = "GetRooms", controller = "Rooms"}. Executing controller action with signature System.Threading.Tasks.Task`1[Microsoft.AspNetCore.Mvc.IActionResult] GetRooms(System.Nullable`1[HotelBooking.Domain.Enums.RoomType], System.Nullable`1[HotelBooking.Domain.Enums.RoomStatus], System.Nullable`1[System.Int32], System.String, Int32, Int32, System.Threading.CancellationToken) on controller HotelBooking.API.Controllers.RoomsController (HotelBooking.API).
2026-04-22 01:29:43.322 +02:00 [INF] Executed DbCommand (0ms) [Parameters=[@__filter_Type_Value_0='?' (DbType = Int32)], CommandType='"Text"', CommandTimeout='30']
SELECT count(*)::int
FROM "Rooms" AS r
WHERE r."Type" = @__filter_Type_Value_0
2026-04-22 01:29:43.325 +02:00 [INF] Executed DbCommand (1ms) [Parameters=[@__filter_Type_Value_0='?' (DbType = Int32), @__p_2='?' (DbType = Int32), @__p_1='?' (DbType = Int32)], CommandType='"Text"', CommandTimeout='30']
SELECT r."Id", r."RoomNumber", r."FloorNumber", CASE r."Type"
    WHEN 1 THEN 'Standard'
    WHEN 2 THEN 'Deluxe'
    WHEN 3 THEN 'Family'
    WHEN 4 THEN 'BusinessSuite'
    ELSE r."Type"::text
END, CASE r."Status"
    WHEN 1 THEN 'Available'
    WHEN 2 THEN 'Occupied'
    WHEN 3 THEN 'Cleaning'
    WHEN 4 THEN 'Maintenance'
    ELSE r."Status"::text
END, r."PricePerNight", r."BedCount", r."Amenities", r."CreatedAt"
FROM "Rooms" AS r
WHERE r."Type" = @__filter_Type_Value_0
ORDER BY r."FloorNumber", r."RoomNumber"
LIMIT @__p_2 OFFSET @__p_1
2026-04-22 01:29:43.328 +02:00 [INF] Executing OkObjectResult, writing value of type 'HotelBooking.API.Common.ApiResponse'.
2026-04-22 01:29:43.330 +02:00 [INF] Executed action HotelBooking.API.Controllers.RoomsController.GetRooms (HotelBooking.API) in 9.9763ms
2026-04-22 01:29:43.332 +02:00 [INF] Executed endpoint 'HotelBooking.API.Controllers.RoomsController.GetRooms (HotelBooking.API)'
2026-04-22 01:29:43.333 +02:00 [INF] HTTP GET /api/rooms responded 200 in 17.9356 ms
2026-04-22 01:29:43.335 +02:00 [INF] Request finished HTTP/1.1 GET http://localhost:5259/api/rooms?type=BusinessSuite&page=1&pageSize=100 - 200 null application/json; charset=utf-8 23.3508ms
2026-04-22 01:29:44.777 +02:00 [INF] Request starting HTTP/1.1 OPTIONS http://localhost:5259/api/rooms?status=Available&page=1&pageSize=100 - null null
2026-04-22 01:29:44.780 +02:00 [INF] CORS policy execution successful.
2026-04-22 01:29:44.781 +02:00 [INF] HTTP OPTIONS /api/rooms responded 204 in 0.8030 ms
2026-04-22 01:29:44.783 +02:00 [INF] Request finished HTTP/1.1 OPTIONS http://localhost:5259/api/rooms?status=Available&page=1&pageSize=100 - 204 null null 6.1989ms
2026-04-22 01:29:44.786 +02:00 [INF] Request starting HTTP/1.1 GET http://localhost:5259/api/rooms?status=Available&page=1&pageSize=100 - null null
2026-04-22 01:29:44.789 +02:00 [INF] CORS policy execution successful.
2026-04-22 01:29:44.790 +02:00 [INF] Executing endpoint 'HotelBooking.API.Controllers.RoomsController.GetRooms (HotelBooking.API)'
2026-04-22 01:29:44.791 +02:00 [INF] Route matched with {action = "GetRooms", controller = "Rooms"}. Executing controller action with signature System.Threading.Tasks.Task`1[Microsoft.AspNetCore.Mvc.IActionResult] GetRooms(System.Nullable`1[HotelBooking.Domain.Enums.RoomType], System.Nullable`1[HotelBooking.Domain.Enums.RoomStatus], System.Nullable`1[System.Int32], System.String, Int32, Int32, System.Threading.CancellationToken) on controller HotelBooking.API.Controllers.RoomsController (HotelBooking.API).
2026-04-22 01:29:44.798 +02:00 [INF] Executed DbCommand (1ms) [Parameters=[@__filter_Status_Value_0='?' (DbType = Int32)], CommandType='"Text"', CommandTimeout='30']
SELECT count(*)::int
FROM "Rooms" AS r
WHERE r."Status" = @__filter_Status_Value_0
2026-04-22 01:29:44.806 +02:00 [INF] Executed DbCommand (1ms) [Parameters=[@__filter_Status_Value_0='?' (DbType = Int32), @__p_2='?' (DbType = Int32), @__p_1='?' (DbType = Int32)], CommandType='"Text"', CommandTimeout='30']
SELECT r."Id", r."RoomNumber", r."FloorNumber", CASE r."Type"
    WHEN 1 THEN 'Standard'
    WHEN 2 THEN 'Deluxe'
    WHEN 3 THEN 'Family'
    WHEN 4 THEN 'BusinessSuite'
    ELSE r."Type"::text
END, CASE r."Status"
    WHEN 1 THEN 'Available'
    WHEN 2 THEN 'Occupied'
    WHEN 3 THEN 'Cleaning'
    WHEN 4 THEN 'Maintenance'
    ELSE r."Status"::text
END, r."PricePerNight", r."BedCount", r."Amenities", r."CreatedAt"
FROM "Rooms" AS r
WHERE r."Status" = @__filter_Status_Value_0
ORDER BY r."FloorNumber", r."RoomNumber"
LIMIT @__p_2 OFFSET @__p_1
2026-04-22 01:29:44.808 +02:00 [INF] Executing OkObjectResult, writing value of type 'HotelBooking.API.Common.ApiResponse'.
2026-04-22 01:29:44.809 +02:00 [INF] Executed action HotelBooking.API.Controllers.RoomsController.GetRooms (HotelBooking.API) in 16.4002ms
2026-04-22 01:29:44.811 +02:00 [INF] Executed endpoint 'HotelBooking.API.Controllers.RoomsController.GetRooms (HotelBooking.API)'
2026-04-22 01:29:44.812 +02:00 [INF] HTTP GET /api/rooms responded 200 in 22.7109 ms
2026-04-22 01:29:44.814 +02:00 [INF] Request finished HTTP/1.1 GET http://localhost:5259/api/rooms?status=Available&page=1&pageSize=100 - 200 null application/json; charset=utf-8 27.5522ms
2026-04-22 01:29:45.500 +02:00 [INF] Request starting HTTP/1.1 OPTIONS http://localhost:5259/api/rooms?status=Occupied&page=1&pageSize=100 - null null
2026-04-22 01:29:45.504 +02:00 [INF] CORS policy execution successful.
2026-04-22 01:29:45.505 +02:00 [INF] HTTP OPTIONS /api/rooms responded 204 in 1.0996 ms
2026-04-22 01:29:45.507 +02:00 [INF] Request finished HTTP/1.1 OPTIONS http://localhost:5259/api/rooms?status=Occupied&page=1&pageSize=100 - 204 null null 7.3091ms
2026-04-22 01:29:45.511 +02:00 [INF] Request starting HTTP/1.1 GET http://localhost:5259/api/rooms?status=Occupied&page=1&pageSize=100 - null null
2026-04-22 01:29:45.514 +02:00 [INF] CORS policy execution successful.
2026-04-22 01:29:45.515 +02:00 [INF] Executing endpoint 'HotelBooking.API.Controllers.RoomsController.GetRooms (HotelBooking.API)'
2026-04-22 01:29:45.516 +02:00 [INF] Route matched with {action = "GetRooms", controller = "Rooms"}. Executing controller action with signature System.Threading.Tasks.Task`1[Microsoft.AspNetCore.Mvc.IActionResult] GetRooms(System.Nullable`1[HotelBooking.Domain.Enums.RoomType], System.Nullable`1[HotelBooking.Domain.Enums.RoomStatus], System.Nullable`1[System.Int32], System.String, Int32, Int32, System.Threading.CancellationToken) on controller HotelBooking.API.Controllers.RoomsController (HotelBooking.API).
2026-04-22 01:29:45.520 +02:00 [INF] Executed DbCommand (0ms) [Parameters=[@__filter_Status_Value_0='?' (DbType = Int32)], CommandType='"Text"', CommandTimeout='30']
SELECT count(*)::int
FROM "Rooms" AS r
WHERE r."Status" = @__filter_Status_Value_0
2026-04-22 01:29:45.523 +02:00 [INF] Executed DbCommand (1ms) [Parameters=[@__filter_Status_Value_0='?' (DbType = Int32), @__p_2='?' (DbType = Int32), @__p_1='?' (DbType = Int32)], CommandType='"Text"', CommandTimeout='30']
SELECT r."Id", r."RoomNumber", r."FloorNumber", CASE r."Type"
    WHEN 1 THEN 'Standard'
    WHEN 2 THEN 'Deluxe'
    WHEN 3 THEN 'Family'
    WHEN 4 THEN 'BusinessSuite'
    ELSE r."Type"::text
END, CASE r."Status"
    WHEN 1 THEN 'Available'
    WHEN 2 THEN 'Occupied'
    WHEN 3 THEN 'Cleaning'
    WHEN 4 THEN 'Maintenance'
    ELSE r."Status"::text
END, r."PricePerNight", r."BedCount", r."Amenities", r."CreatedAt"
FROM "Rooms" AS r
WHERE r."Status" = @__filter_Status_Value_0
ORDER BY r."FloorNumber", r."RoomNumber"
LIMIT @__p_2 OFFSET @__p_1
2026-04-22 01:29:45.526 +02:00 [INF] Executing OkObjectResult, writing value of type 'HotelBooking.API.Common.ApiResponse'.
2026-04-22 01:29:45.528 +02:00 [INF] Executed action HotelBooking.API.Controllers.RoomsController.GetRooms (HotelBooking.API) in 9.8448ms
2026-04-22 01:29:45.530 +02:00 [INF] Executed endpoint 'HotelBooking.API.Controllers.RoomsController.GetRooms (HotelBooking.API)'
2026-04-22 01:29:45.531 +02:00 [INF] HTTP GET /api/rooms responded 200 in 17.1890 ms
2026-04-22 01:29:45.533 +02:00 [INF] Request finished HTTP/1.1 GET http://localhost:5259/api/rooms?status=Occupied&page=1&pageSize=100 - 200 null application/json; charset=utf-8 22.4651ms
2026-04-22 01:29:45.975 +02:00 [INF] Request starting HTTP/1.1 OPTIONS http://localhost:5259/api/rooms?status=Cleaning&page=1&pageSize=100 - null null
2026-04-22 01:29:45.979 +02:00 [INF] CORS policy execution successful.
2026-04-22 01:29:45.980 +02:00 [INF] HTTP OPTIONS /api/rooms responded 204 in 0.9200 ms
2026-04-22 01:29:45.982 +02:00 [INF] Request finished HTTP/1.1 OPTIONS http://localhost:5259/api/rooms?status=Cleaning&page=1&pageSize=100 - 204 null null 6.762ms
2026-04-22 01:29:45.985 +02:00 [INF] Request starting HTTP/1.1 GET http://localhost:5259/api/rooms?status=Cleaning&page=1&pageSize=100 - null null
2026-04-22 01:29:45.988 +02:00 [INF] CORS policy execution successful.
2026-04-22 01:29:45.989 +02:00 [INF] Executing endpoint 'HotelBooking.API.Controllers.RoomsController.GetRooms (HotelBooking.API)'
2026-04-22 01:29:45.990 +02:00 [INF] Route matched with {action = "GetRooms", controller = "Rooms"}. Executing controller action with signature System.Threading.Tasks.Task`1[Microsoft.AspNetCore.Mvc.IActionResult] GetRooms(System.Nullable`1[HotelBooking.Domain.Enums.RoomType], System.Nullable`1[HotelBooking.Domain.Enums.RoomStatus], System.Nullable`1[System.Int32], System.String, Int32, Int32, System.Threading.CancellationToken) on controller HotelBooking.API.Controllers.RoomsController (HotelBooking.API).
2026-04-22 01:29:45.993 +02:00 [INF] Executed DbCommand (1ms) [Parameters=[@__filter_Status_Value_0='?' (DbType = Int32)], CommandType='"Text"', CommandTimeout='30']
SELECT count(*)::int
FROM "Rooms" AS r
WHERE r."Status" = @__filter_Status_Value_0
2026-04-22 01:29:45.997 +02:00 [INF] Executed DbCommand (1ms) [Parameters=[@__filter_Status_Value_0='?' (DbType = Int32), @__p_2='?' (DbType = Int32), @__p_1='?' (DbType = Int32)], CommandType='"Text"', CommandTimeout='30']
SELECT r."Id", r."RoomNumber", r."FloorNumber", CASE r."Type"
    WHEN 1 THEN 'Standard'
    WHEN 2 THEN 'Deluxe'
    WHEN 3 THEN 'Family'
    WHEN 4 THEN 'BusinessSuite'
    ELSE r."Type"::text
END, CASE r."Status"
    WHEN 1 THEN 'Available'
    WHEN 2 THEN 'Occupied'
    WHEN 3 THEN 'Cleaning'
    WHEN 4 THEN 'Maintenance'
    ELSE r."Status"::text
END, r."PricePerNight", r."BedCount", r."Amenities", r."CreatedAt"
FROM "Rooms" AS r
WHERE r."Status" = @__filter_Status_Value_0
ORDER BY r."FloorNumber", r."RoomNumber"
LIMIT @__p_2 OFFSET @__p_1
2026-04-22 01:29:45.999 +02:00 [INF] Executing OkObjectResult, writing value of type 'HotelBooking.API.Common.ApiResponse'.
2026-04-22 01:29:46.001 +02:00 [INF] Executed action HotelBooking.API.Controllers.RoomsController.GetRooms (HotelBooking.API) in 9.0586ms
2026-04-22 01:29:46.003 +02:00 [INF] Executed endpoint 'HotelBooking.API.Controllers.RoomsController.GetRooms (HotelBooking.API)'
2026-04-22 01:29:46.004 +02:00 [INF] HTTP GET /api/rooms responded 200 in 16.1900 ms
2026-04-22 01:29:46.006 +02:00 [INF] Request finished HTTP/1.1 GET http://localhost:5259/api/rooms?status=Cleaning&page=1&pageSize=100 - 200 null application/json; charset=utf-8 20.6157ms
2026-04-22 01:29:46.360 +02:00 [INF] Request starting HTTP/1.1 OPTIONS http://localhost:5259/api/rooms?status=Maintenance&page=1&pageSize=100 - null null
2026-04-22 01:29:46.362 +02:00 [INF] CORS policy execution successful.
2026-04-22 01:29:46.363 +02:00 [INF] HTTP OPTIONS /api/rooms responded 204 in 0.7102 ms
2026-04-22 01:29:46.365 +02:00 [INF] Request finished HTTP/1.1 OPTIONS http://localhost:5259/api/rooms?status=Maintenance&page=1&pageSize=100 - 204 null null 5.4477ms
2026-04-22 01:29:46.368 +02:00 [INF] Request starting HTTP/1.1 GET http://localhost:5259/api/rooms?status=Maintenance&page=1&pageSize=100 - null null
2026-04-22 01:29:46.371 +02:00 [INF] CORS policy execution successful.
2026-04-22 01:29:46.372 +02:00 [INF] Executing endpoint 'HotelBooking.API.Controllers.RoomsController.GetRooms (HotelBooking.API)'
2026-04-22 01:29:46.373 +02:00 [INF] Route matched with {action = "GetRooms", controller = "Rooms"}. Executing controller action with signature System.Threading.Tasks.Task`1[Microsoft.AspNetCore.Mvc.IActionResult] GetRooms(System.Nullable`1[HotelBooking.Domain.Enums.RoomType], System.Nullable`1[HotelBooking.Domain.Enums.RoomStatus], System.Nullable`1[System.Int32], System.String, Int32, Int32, System.Threading.CancellationToken) on controller HotelBooking.API.Controllers.RoomsController (HotelBooking.API).
2026-04-22 01:29:46.376 +02:00 [INF] Executed DbCommand (1ms) [Parameters=[@__filter_Status_Value_0='?' (DbType = Int32)], CommandType='"Text"', CommandTimeout='30']
SELECT count(*)::int
FROM "Rooms" AS r
WHERE r."Status" = @__filter_Status_Value_0
2026-04-22 01:29:46.380 +02:00 [INF] Executed DbCommand (1ms) [Parameters=[@__filter_Status_Value_0='?' (DbType = Int32), @__p_2='?' (DbType = Int32), @__p_1='?' (DbType = Int32)], CommandType='"Text"', CommandTimeout='30']
SELECT r."Id", r."RoomNumber", r."FloorNumber", CASE r."Type"
    WHEN 1 THEN 'Standard'
    WHEN 2 THEN 'Deluxe'
    WHEN 3 THEN 'Family'
    WHEN 4 THEN 'BusinessSuite'
    ELSE r."Type"::text
END, CASE r."Status"
    WHEN 1 THEN 'Available'
    WHEN 2 THEN 'Occupied'
    WHEN 3 THEN 'Cleaning'
    WHEN 4 THEN 'Maintenance'
    ELSE r."Status"::text
END, r."PricePerNight", r."BedCount", r."Amenities", r."CreatedAt"
FROM "Rooms" AS r
WHERE r."Status" = @__filter_Status_Value_0
ORDER BY r."FloorNumber", r."RoomNumber"
LIMIT @__p_2 OFFSET @__p_1
2026-04-22 01:29:46.383 +02:00 [INF] Executing OkObjectResult, writing value of type 'HotelBooking.API.Common.ApiResponse'.
2026-04-22 01:29:46.384 +02:00 [INF] Executed action HotelBooking.API.Controllers.RoomsController.GetRooms (HotelBooking.API) in 9.2451ms
2026-04-22 01:29:46.385 +02:00 [INF] Executed endpoint 'HotelBooking.API.Controllers.RoomsController.GetRooms (HotelBooking.API)'
2026-04-22 01:29:46.387 +02:00 [INF] HTTP GET /api/rooms responded 200 in 15.4389 ms
2026-04-22 01:29:46.389 +02:00 [INF] Request finished HTTP/1.1 GET http://localhost:5259/api/rooms?status=Maintenance&page=1&pageSize=100 - 200 null application/json; charset=utf-8 20.266ms
2026-04-22 01:29:50.232 +02:00 [INF] Request starting HTTP/1.1 OPTIONS http://localhost:5259/api/bookings?page=1&pageSize=100 - null null
2026-04-22 01:29:50.236 +02:00 [INF] CORS policy execution successful.
2026-04-22 01:29:50.238 +02:00 [INF] HTTP OPTIONS /api/bookings responded 204 in 1.2825 ms
2026-04-22 01:29:50.242 +02:00 [INF] Request finished HTTP/1.1 OPTIONS http://localhost:5259/api/bookings?page=1&pageSize=100 - 204 null null 9.3868ms
2026-04-22 01:29:50.246 +02:00 [INF] Request starting HTTP/1.1 GET http://localhost:5259/api/bookings?page=1&pageSize=100 - null null
2026-04-22 01:29:50.250 +02:00 [INF] CORS policy execution successful.
2026-04-22 01:29:50.252 +02:00 [INF] Executing endpoint 'HotelBooking.API.Controllers.BookingsController.GetBookings (HotelBooking.API)'
2026-04-22 01:29:50.253 +02:00 [INF] Route matched with {action = "GetBookings", controller = "Bookings"}. Executing controller action with signature System.Threading.Tasks.Task`1[Microsoft.AspNetCore.Mvc.IActionResult] GetBookings(System.Nullable`1[HotelBooking.Domain.Enums.BookingStatus], System.String, System.String, System.String, System.Nullable`1[System.DateOnly], System.Nullable`1[System.DateOnly], Int32, Int32, System.Threading.CancellationToken) on controller HotelBooking.API.Controllers.BookingsController (HotelBooking.API).
2026-04-22 01:29:50.260 +02:00 [INF] Executed DbCommand (1ms) [Parameters=[], CommandType='"Text"', CommandTimeout='30']
SELECT count(*)::int
FROM "Bookings" AS b
2026-04-22 01:29:50.266 +02:00 [INF] Executed DbCommand (2ms) [Parameters=[@__p_1='?' (DbType = Int32), @__p_0='?' (DbType = Int32)], CommandType='"Text"', CommandTimeout='30']
SELECT b0."Id", b0."BookingCode", b0."UserId", u."FullName", u."Email", b0."RoomId", r."RoomNumber", CASE r."Type"
    WHEN 1 THEN 'Standard'
    WHEN 2 THEN 'Deluxe'
    WHEN 3 THEN 'Family'
    WHEN 4 THEN 'BusinessSuite'
    ELSE r."Type"::text
END, b0."CheckInDate", b0."CheckOutDate", b0."TotalAmount", CASE b0."PaymentMethod"
    WHEN 1 THEN 'Card'
    WHEN 2 THEN 'Cash'
    WHEN 3 THEN 'Check'
    ELSE b0."PaymentMethod"::text
END, CASE b0."Status"
    WHEN 1 THEN 'Confirmed'
    WHEN 2 THEN 'Active'
    WHEN 3 THEN 'CheckedOut'
    WHEN 4 THEN 'Cancelled'
    ELSE b0."Status"::text
END, b0."CheckOutDate" - b0."CheckInDate", b0."CreatedAt"
FROM (
    SELECT b."Id", b."BookingCode", b."CheckInDate", b."CheckOutDate", b."CreatedAt", b."PaymentMethod", b."RoomId", b."Status", b."TotalAmount", b."UserId"
    FROM "Bookings" AS b
    ORDER BY b."CreatedAt" DESC
    LIMIT @__p_1 OFFSET @__p_0
) AS b0
INNER JOIN "Users" AS u ON b0."UserId" = u."Id"
INNER JOIN "Rooms" AS r ON b0."RoomId" = r."Id"
ORDER BY b0."CreatedAt" DESC
2026-04-22 01:29:50.270 +02:00 [INF] Executing OkObjectResult, writing value of type 'HotelBooking.API.Common.ApiResponse'.
2026-04-22 01:29:50.273 +02:00 [INF] Executed action HotelBooking.API.Controllers.BookingsController.GetBookings (HotelBooking.API) in 16.4592ms
2026-04-22 01:29:50.274 +02:00 [INF] Executed endpoint 'HotelBooking.API.Controllers.BookingsController.GetBookings (HotelBooking.API)'
2026-04-22 01:29:50.276 +02:00 [INF] HTTP GET /api/bookings responded 200 in 26.2101 ms
2026-04-22 01:29:50.279 +02:00 [INF] Request finished HTTP/1.1 GET http://localhost:5259/api/bookings?page=1&pageSize=100 - 200 null application/json; charset=utf-8 32.8594ms
2026-04-22 01:29:53.170 +02:00 [INF] Request starting HTTP/1.1 OPTIONS http://localhost:5259/api/bookings/40000000-0000-0000-0000-000000000005 - null null
2026-04-22 01:29:53.174 +02:00 [INF] CORS policy execution successful.
2026-04-22 01:29:53.175 +02:00 [INF] HTTP OPTIONS /api/bookings/40000000-0000-0000-0000-000000000005 responded 204 in 1.5863 ms
2026-04-22 01:29:53.178 +02:00 [INF] Request finished HTTP/1.1 OPTIONS http://localhost:5259/api/bookings/40000000-0000-0000-0000-000000000005 - 204 null null 7.7801ms
2026-04-22 01:29:53.182 +02:00 [INF] Request starting HTTP/1.1 GET http://localhost:5259/api/bookings/40000000-0000-0000-0000-000000000005 - null null
2026-04-22 01:29:53.188 +02:00 [INF] CORS policy execution successful.
2026-04-22 01:29:53.189 +02:00 [INF] Executing endpoint 'HotelBooking.API.Controllers.BookingsController.GetBooking (HotelBooking.API)'
2026-04-22 01:29:53.194 +02:00 [INF] Route matched with {action = "GetBooking", controller = "Bookings"}. Executing controller action with signature System.Threading.Tasks.Task`1[Microsoft.AspNetCore.Mvc.IActionResult] GetBooking(System.Guid, System.Threading.CancellationToken) on controller HotelBooking.API.Controllers.BookingsController (HotelBooking.API).
2026-04-22 01:29:53.233 +02:00 [INF] Executed DbCommand (2ms) [Parameters=[@__id_0='?' (DbType = Guid)], CommandType='"Text"', CommandTimeout='30']
SELECT b."Id", b."ActualCheckIn", b."ActualCheckOut", b."BookingCode", b."CheckInDate", b."CheckOutDate", b."CreatedAt", b."GuestCount", b."PaymentMethod", b."RoomId", b."SpecialRequests", b."Status", b."TotalAmount", b."UpdatedAt", b."UserId", u."Id", u."CreatedAt", u."Email", u."FullName", u."IsActive", u."PasswordHash", u."RoleId", u."UpdatedAt", r."Id", r."Amenities", r."BedCount", r."CreatedAt", r."FloorNumber", r."PricePerNight", r."RoomNumber", r."Status", r."Type", r."UpdatedAt"
FROM "Bookings" AS b
INNER JOIN "Users" AS u ON b."UserId" = u."Id"
INNER JOIN "Rooms" AS r ON b."RoomId" = r."Id"
WHERE b."Id" = @__id_0
LIMIT 1
2026-04-22 01:29:53.241 +02:00 [INF] Executing OkObjectResult, writing value of type 'HotelBooking.API.Common.ApiResponse'.
2026-04-22 01:29:53.251 +02:00 [INF] Executed action HotelBooking.API.Controllers.BookingsController.GetBooking (HotelBooking.API) in 54.5029ms
2026-04-22 01:29:53.254 +02:00 [INF] Executed endpoint 'HotelBooking.API.Controllers.BookingsController.GetBooking (HotelBooking.API)'
2026-04-22 01:29:53.255 +02:00 [INF] HTTP GET /api/bookings/40000000-0000-0000-0000-000000000005 responded 200 in 67.6065 ms
2026-04-22 01:29:53.257 +02:00 [INF] Request finished HTTP/1.1 GET http://localhost:5259/api/bookings/40000000-0000-0000-0000-000000000005 - 200 null application/json; charset=utf-8 75.0741ms
2026-04-22 01:29:58.487 +02:00 [INF] Request starting HTTP/1.1 OPTIONS http://localhost:5259/api/bookings/40000000-0000-0000-0000-000000000005/cancel - null null
2026-04-22 01:29:58.491 +02:00 [INF] CORS policy execution successful.
2026-04-22 01:29:58.492 +02:00 [INF] HTTP OPTIONS /api/bookings/40000000-0000-0000-0000-000000000005/cancel responded 204 in 1.1276 ms
2026-04-22 01:29:58.494 +02:00 [INF] Request finished HTTP/1.1 OPTIONS http://localhost:5259/api/bookings/40000000-0000-0000-0000-000000000005/cancel - 204 null null 7.2615ms
2026-04-22 01:29:58.498 +02:00 [INF] Request starting HTTP/1.1 PUT http://localhost:5259/api/bookings/40000000-0000-0000-0000-000000000005/cancel - null 0
2026-04-22 01:29:58.506 +02:00 [INF] CORS policy execution successful.
2026-04-22 01:29:58.508 +02:00 [INF] Executing endpoint 'HotelBooking.API.Controllers.BookingsController.CancelBooking (HotelBooking.API)'
2026-04-22 01:29:58.513 +02:00 [INF] Route matched with {action = "CancelBooking", controller = "Bookings"}. Executing controller action with signature System.Threading.Tasks.Task`1[Microsoft.AspNetCore.Mvc.IActionResult] CancelBooking(System.Guid, System.Threading.CancellationToken) on controller HotelBooking.API.Controllers.BookingsController (HotelBooking.API).
2026-04-22 01:29:58.543 +02:00 [INF] Executed DbCommand (3ms) [Parameters=[@__id_0='?' (DbType = Guid)], CommandType='"Text"', CommandTimeout='30']
SELECT b."Id", b."ActualCheckIn", b."ActualCheckOut", b."BookingCode", b."CheckInDate", b."CheckOutDate", b."CreatedAt", b."GuestCount", b."PaymentMethod", b."RoomId", b."SpecialRequests", b."Status", b."TotalAmount", b."UpdatedAt", b."UserId", u."Id", u."CreatedAt", u."Email", u."FullName", u."IsActive", u."PasswordHash", u."RoleId", u."UpdatedAt", r."Id", r."Amenities", r."BedCount", r."CreatedAt", r."FloorNumber", r."PricePerNight", r."RoomNumber", r."Status", r."Type", r."UpdatedAt"
FROM "Bookings" AS b
INNER JOIN "Users" AS u ON b."UserId" = u."Id"
INNER JOIN "Rooms" AS r ON b."RoomId" = r."Id"
WHERE b."Id" = @__id_0
LIMIT 1
2026-04-22 01:29:58.553 +02:00 [INF] Executed DbCommand (2ms) [Parameters=[@p2='?' (DbType = Guid), @p0='?' (DbType = Int32), @p1='?' (DbType = DateTime)], CommandType='"Text"', CommandTimeout='30']
UPDATE "Bookings" SET "Status" = @p0, "UpdatedAt" = @p1
WHERE "Id" = @p2;
2026-04-22 01:29:58.560 +02:00 [INF] NOTIFICATION [BookingCancelled] BookingId="40000000-0000-0000-0000-000000000005" Guest=Liam Chen <liam.chen@example.com> Room=301 CheckIn="2026-04-23"
2026-04-22 01:29:58.588 +02:00 [INF] Executed DbCommand (2ms) [Parameters=[@p0='?' (DbType = Guid), @p1='?' (DbType = DateTime), @p2='?', @p3='?', @p4='?' (DbType = Int32), @p5='?' (DbType = DateTime), @p6='?' (DbType = Guid)], CommandType='"Text"', CommandTimeout='30']
INSERT INTO "Notifications" ("Id", "CreatedAt", "Message", "Title", "Type", "UpdatedAt", "UserId")
VALUES (@p0, @p1, @p2, @p3, @p4, @p5, @p6)
RETURNING "IsRead";
2026-04-22 01:29:58.598 +02:00 [INF] Booking cancelled. BookingId="40000000-0000-0000-0000-000000000005" BookingCode=BK-2405 UserId="30000000-0000-0000-0000-000000000005" CancelledBy="10000000-0000-0000-0000-000000000001" CallerRole=Admin
2026-04-22 01:29:58.601 +02:00 [INF] Executing OkObjectResult, writing value of type 'HotelBooking.API.Common.ApiResponse'.
2026-04-22 01:29:58.603 +02:00 [INF] Executed action HotelBooking.API.Controllers.BookingsController.CancelBooking (HotelBooking.API) in 88.188ms
2026-04-22 01:29:58.605 +02:00 [INF] Executed endpoint 'HotelBooking.API.Controllers.BookingsController.CancelBooking (HotelBooking.API)'
2026-04-22 01:29:58.607 +02:00 [INF] HTTP PUT /api/bookings/40000000-0000-0000-0000-000000000005/cancel responded 200 in 101.0461 ms
2026-04-22 01:29:58.609 +02:00 [INF] Request finished HTTP/1.1 PUT http://localhost:5259/api/bookings/40000000-0000-0000-0000-000000000005/cancel - 200 null application/json; charset=utf-8 111.6562ms
2026-04-22 01:29:58.612 +02:00 [INF] Request starting HTTP/1.1 OPTIONS http://localhost:5259/api/bookings/40000000-0000-0000-0000-000000000005 - null null
2026-04-22 01:29:58.613 +02:00 [INF] Request starting HTTP/1.1 OPTIONS http://localhost:5259/api/notifications?pageNumber=1&pageSize=8 - null null
2026-04-22 01:29:58.614 +02:00 [INF] Request starting HTTP/1.1 OPTIONS http://localhost:5259/api/bookings?page=1&pageSize=100 - null null
2026-04-22 01:29:58.617 +02:00 [INF] CORS policy execution successful.
2026-04-22 01:29:58.621 +02:00 [INF] CORS policy execution successful.
2026-04-22 01:29:58.624 +02:00 [INF] CORS policy execution successful.
2026-04-22 01:29:58.624 +02:00 [INF] HTTP OPTIONS /api/bookings/40000000-0000-0000-0000-000000000005 responded 204 in 7.3733 ms
2026-04-22 01:29:58.626 +02:00 [INF] HTTP OPTIONS /api/notifications responded 204 in 4.9107 ms
2026-04-22 01:29:58.627 +02:00 [INF] HTTP OPTIONS /api/bookings responded 204 in 2.9773 ms
2026-04-22 01:29:58.629 +02:00 [INF] Request finished HTTP/1.1 OPTIONS http://localhost:5259/api/bookings/40000000-0000-0000-0000-000000000005 - 204 null null 16.5654ms
2026-04-22 01:29:58.631 +02:00 [INF] Request finished HTTP/1.1 OPTIONS http://localhost:5259/api/notifications?pageNumber=1&pageSize=8 - 204 null null 18.6315ms
2026-04-22 01:29:58.634 +02:00 [INF] Request finished HTTP/1.1 OPTIONS http://localhost:5259/api/bookings?page=1&pageSize=100 - 204 null null 19.9006ms
2026-04-22 01:29:58.638 +02:00 [INF] Request starting HTTP/1.1 GET http://localhost:5259/api/bookings/40000000-0000-0000-0000-000000000005 - null null
2026-04-22 01:29:58.641 +02:00 [INF] Request starting HTTP/1.1 GET http://localhost:5259/api/notifications?pageNumber=1&pageSize=8 - null null
2026-04-22 01:29:58.645 +02:00 [INF] Request starting HTTP/1.1 GET http://localhost:5259/api/bookings?page=1&pageSize=100 - null null
2026-04-22 01:29:58.648 +02:00 [INF] CORS policy execution successful.
2026-04-22 01:29:58.652 +02:00 [INF] CORS policy execution successful.
2026-04-22 01:29:58.656 +02:00 [INF] CORS policy execution successful.
2026-04-22 01:29:58.657 +02:00 [INF] Executing endpoint 'HotelBooking.API.Controllers.BookingsController.GetBooking (HotelBooking.API)'
2026-04-22 01:29:58.657 +02:00 [INF] Executing endpoint 'HotelBooking.API.Controllers.NotificationsController.GetNotifications (HotelBooking.API)'
2026-04-22 01:29:58.658 +02:00 [INF] Executing endpoint 'HotelBooking.API.Controllers.BookingsController.GetBookings (HotelBooking.API)'
2026-04-22 01:29:58.660 +02:00 [INF] Route matched with {action = "GetBooking", controller = "Bookings"}. Executing controller action with signature System.Threading.Tasks.Task`1[Microsoft.AspNetCore.Mvc.IActionResult] GetBooking(System.Guid, System.Threading.CancellationToken) on controller HotelBooking.API.Controllers.BookingsController (HotelBooking.API).
2026-04-22 01:29:58.661 +02:00 [INF] Route matched with {action = "GetNotifications", controller = "Notifications"}. Executing controller action with signature System.Threading.Tasks.Task`1[Microsoft.AspNetCore.Mvc.IActionResult] GetNotifications(Boolean, Int32, Int32, System.Threading.CancellationToken) on controller HotelBooking.API.Controllers.NotificationsController (HotelBooking.API).
2026-04-22 01:29:58.662 +02:00 [INF] Route matched with {action = "GetBookings", controller = "Bookings"}. Executing controller action with signature System.Threading.Tasks.Task`1[Microsoft.AspNetCore.Mvc.IActionResult] GetBookings(System.Nullable`1[HotelBooking.Domain.Enums.BookingStatus], System.String, System.String, System.String, System.Nullable`1[System.DateOnly], System.Nullable`1[System.DateOnly], Int32, Int32, System.Threading.CancellationToken) on controller HotelBooking.API.Controllers.BookingsController (HotelBooking.API).
2026-04-22 01:29:58.666 +02:00 [INF] Executed DbCommand (1ms) [Parameters=[@__id_0='?' (DbType = Guid)], CommandType='"Text"', CommandTimeout='30']
SELECT b."Id", b."ActualCheckIn", b."ActualCheckOut", b."BookingCode", b."CheckInDate", b."CheckOutDate", b."CreatedAt", b."GuestCount", b."PaymentMethod", b."RoomId", b."SpecialRequests", b."Status", b."TotalAmount", b."UpdatedAt", b."UserId", u."Id", u."CreatedAt", u."Email", u."FullName", u."IsActive", u."PasswordHash", u."RoleId", u."UpdatedAt", r."Id", r."Amenities", r."BedCount", r."CreatedAt", r."FloorNumber", r."PricePerNight", r."RoomNumber", r."Status", r."Type", r."UpdatedAt"
FROM "Bookings" AS b
INNER JOIN "Users" AS u ON b."UserId" = u."Id"
INNER JOIN "Rooms" AS r ON b."RoomId" = r."Id"
WHERE b."Id" = @__id_0
LIMIT 1
2026-04-22 01:29:58.667 +02:00 [INF] Executed DbCommand (0ms) [Parameters=[@__userId_0='?' (DbType = Guid)], CommandType='"Text"', CommandTimeout='30']
SELECT count(*)::int
FROM "Notifications" AS n
WHERE n."UserId" = @__userId_0 AND NOT (n."IsRead")
2026-04-22 01:29:58.669 +02:00 [INF] Executed DbCommand (0ms) [Parameters=[], CommandType='"Text"', CommandTimeout='30']
SELECT count(*)::int
FROM "Bookings" AS b
2026-04-22 01:29:58.671 +02:00 [INF] Executing OkObjectResult, writing value of type 'HotelBooking.API.Common.ApiResponse'.
2026-04-22 01:29:58.673 +02:00 [INF] Executed DbCommand (0ms) [Parameters=[@__userId_0='?' (DbType = Guid)], CommandType='"Text"', CommandTimeout='30']
SELECT count(*)::int
FROM "Notifications" AS n
WHERE n."UserId" = @__userId_0
2026-04-22 01:29:58.676 +02:00 [INF] Executed action HotelBooking.API.Controllers.BookingsController.GetBooking (HotelBooking.API) in 11.9214ms
2026-04-22 01:29:58.676 +02:00 [INF] Executed DbCommand (1ms) [Parameters=[@__p_1='?' (DbType = Int32), @__p_0='?' (DbType = Int32)], CommandType='"Text"', CommandTimeout='30']
SELECT b0."Id", b0."BookingCode", b0."UserId", u."FullName", u."Email", b0."RoomId", r."RoomNumber", CASE r."Type"
    WHEN 1 THEN 'Standard'
    WHEN 2 THEN 'Deluxe'
    WHEN 3 THEN 'Family'
    WHEN 4 THEN 'BusinessSuite'
    ELSE r."Type"::text
END, b0."CheckInDate", b0."CheckOutDate", b0."TotalAmount", CASE b0."PaymentMethod"
    WHEN 1 THEN 'Card'
    WHEN 2 THEN 'Cash'
    WHEN 3 THEN 'Check'
    ELSE b0."PaymentMethod"::text
END, CASE b0."Status"
    WHEN 1 THEN 'Confirmed'
    WHEN 2 THEN 'Active'
    WHEN 3 THEN 'CheckedOut'
    WHEN 4 THEN 'Cancelled'
    ELSE b0."Status"::text
END, b0."CheckOutDate" - b0."CheckInDate", b0."CreatedAt"
FROM (
    SELECT b."Id", b."BookingCode", b."CheckInDate", b."CheckOutDate", b."CreatedAt", b."PaymentMethod", b."RoomId", b."Status", b."TotalAmount", b."UserId"
    FROM "Bookings" AS b
    ORDER BY b."CreatedAt" DESC
    LIMIT @__p_1 OFFSET @__p_0
) AS b0
INNER JOIN "Users" AS u ON b0."UserId" = u."Id"
INNER JOIN "Rooms" AS r ON b0."RoomId" = r."Id"
ORDER BY b0."CreatedAt" DESC
2026-04-22 01:29:58.679 +02:00 [INF] Executed DbCommand (1ms) [Parameters=[@__userId_0='?' (DbType = Guid), @__p_2='?' (DbType = Int32), @__p_1='?' (DbType = Int32)], CommandType='"Text"', CommandTimeout='30']
SELECT n."Id", n."Title", n."Message", CASE n."Type"
    WHEN 1 THEN 'BookingCreated'
    WHEN 2 THEN 'BookingCancelled'
    WHEN 3 THEN 'CheckInCompleted'
    WHEN 4 THEN 'CheckOutCompleted'
    WHEN 5 THEN 'PaymentCompleted'
    WHEN 6 THEN 'HousekeepingUpdated'
    WHEN 7 THEN 'MaintenanceAlert'
    ELSE n."Type"::text
END, n."IsRead", n."CreatedAt"
FROM "Notifications" AS n
WHERE n."UserId" = @__userId_0
ORDER BY n."CreatedAt" DESC
LIMIT @__p_2 OFFSET @__p_1
2026-04-22 01:29:58.680 +02:00 [INF] Executed endpoint 'HotelBooking.API.Controllers.BookingsController.GetBooking (HotelBooking.API)'
2026-04-22 01:29:58.683 +02:00 [INF] Executing OkObjectResult, writing value of type 'HotelBooking.API.Common.ApiResponse'.
2026-04-22 01:29:58.685 +02:00 [INF] Executing OkObjectResult, writing value of type 'HotelBooking.API.Common.ApiResponse'.
2026-04-22 01:29:58.686 +02:00 [INF] HTTP GET /api/bookings/40000000-0000-0000-0000-000000000005 responded 200 in 37.1037 ms
2026-04-22 01:29:58.687 +02:00 [INF] Executed action HotelBooking.API.Controllers.BookingsController.GetBookings (HotelBooking.API) in 18.8564ms
2026-04-22 01:29:58.688 +02:00 [INF] Executed action HotelBooking.API.Controllers.NotificationsController.GetNotifications (HotelBooking.API) in 22.157ms
2026-04-22 01:29:58.690 +02:00 [INF] Request finished HTTP/1.1 GET http://localhost:5259/api/bookings/40000000-0000-0000-0000-000000000005 - 200 null application/json; charset=utf-8 52.5525ms
2026-04-22 01:29:58.691 +02:00 [INF] Executed endpoint 'HotelBooking.API.Controllers.BookingsController.GetBookings (HotelBooking.API)'
2026-04-22 01:29:58.693 +02:00 [INF] Executed endpoint 'HotelBooking.API.Controllers.NotificationsController.GetNotifications (HotelBooking.API)'
2026-04-22 01:29:58.697 +02:00 [INF] HTTP GET /api/bookings responded 200 in 41.4455 ms
2026-04-22 01:29:58.698 +02:00 [INF] HTTP GET /api/notifications responded 200 in 45.8866 ms
2026-04-22 01:29:58.700 +02:00 [INF] Request finished HTTP/1.1 GET http://localhost:5259/api/bookings?page=1&pageSize=100 - 200 null application/json; charset=utf-8 54.4471ms
2026-04-22 01:29:58.702 +02:00 [INF] Request finished HTTP/1.1 GET http://localhost:5259/api/notifications?pageNumber=1&pageSize=8 - 200 null application/json; charset=utf-8 60.412ms
2026-04-22 01:30:07.436 +02:00 [INF] Request starting HTTP/1.1 OPTIONS http://localhost:5259/api/bookings?page=1&pageSize=100 - null null
2026-04-22 01:30:07.440 +02:00 [INF] CORS policy execution successful.
2026-04-22 01:30:07.442 +02:00 [INF] HTTP OPTIONS /api/bookings responded 204 in 1.4898 ms
2026-04-22 01:30:07.445 +02:00 [INF] Request finished HTTP/1.1 OPTIONS http://localhost:5259/api/bookings?page=1&pageSize=100 - 204 null null 8.7536ms
2026-04-22 01:30:07.450 +02:00 [INF] Request starting HTTP/1.1 GET http://localhost:5259/api/bookings?page=1&pageSize=100 - null null
2026-04-22 01:30:07.454 +02:00 [INF] CORS policy execution successful.
2026-04-22 01:30:07.455 +02:00 [INF] Executing endpoint 'HotelBooking.API.Controllers.BookingsController.GetBookings (HotelBooking.API)'
2026-04-22 01:30:07.457 +02:00 [INF] Route matched with {action = "GetBookings", controller = "Bookings"}. Executing controller action with signature System.Threading.Tasks.Task`1[Microsoft.AspNetCore.Mvc.IActionResult] GetBookings(System.Nullable`1[HotelBooking.Domain.Enums.BookingStatus], System.String, System.String, System.String, System.Nullable`1[System.DateOnly], System.Nullable`1[System.DateOnly], Int32, Int32, System.Threading.CancellationToken) on controller HotelBooking.API.Controllers.BookingsController (HotelBooking.API).
2026-04-22 01:30:07.462 +02:00 [INF] Executed DbCommand (1ms) [Parameters=[], CommandType='"Text"', CommandTimeout='30']
SELECT count(*)::int
FROM "Bookings" AS b
2026-04-22 01:30:07.467 +02:00 [INF] Executed DbCommand (1ms) [Parameters=[@__p_1='?' (DbType = Int32), @__p_0='?' (DbType = Int32)], CommandType='"Text"', CommandTimeout='30']
SELECT b0."Id", b0."BookingCode", b0."UserId", u."FullName", u."Email", b0."RoomId", r."RoomNumber", CASE r."Type"
    WHEN 1 THEN 'Standard'
    WHEN 2 THEN 'Deluxe'
    WHEN 3 THEN 'Family'
    WHEN 4 THEN 'BusinessSuite'
    ELSE r."Type"::text
END, b0."CheckInDate", b0."CheckOutDate", b0."TotalAmount", CASE b0."PaymentMethod"
    WHEN 1 THEN 'Card'
    WHEN 2 THEN 'Cash'
    WHEN 3 THEN 'Check'
    ELSE b0."PaymentMethod"::text
END, CASE b0."Status"
    WHEN 1 THEN 'Confirmed'
    WHEN 2 THEN 'Active'
    WHEN 3 THEN 'CheckedOut'
    WHEN 4 THEN 'Cancelled'
    ELSE b0."Status"::text
END, b0."CheckOutDate" - b0."CheckInDate", b0."CreatedAt"
FROM (
    SELECT b."Id", b."BookingCode", b."CheckInDate", b."CheckOutDate", b."CreatedAt", b."PaymentMethod", b."RoomId", b."Status", b."TotalAmount", b."UserId"
    FROM "Bookings" AS b
    ORDER BY b."CreatedAt" DESC
    LIMIT @__p_1 OFFSET @__p_0
) AS b0
INNER JOIN "Users" AS u ON b0."UserId" = u."Id"
INNER JOIN "Rooms" AS r ON b0."RoomId" = r."Id"
ORDER BY b0."CreatedAt" DESC
2026-04-22 01:30:07.470 +02:00 [INF] Executing OkObjectResult, writing value of type 'HotelBooking.API.Common.ApiResponse'.
2026-04-22 01:30:07.472 +02:00 [INF] Executed action HotelBooking.API.Controllers.BookingsController.GetBookings (HotelBooking.API) in 12.1821ms
2026-04-22 01:30:07.475 +02:00 [INF] Executed endpoint 'HotelBooking.API.Controllers.BookingsController.GetBookings (HotelBooking.API)'
2026-04-22 01:30:07.476 +02:00 [INF] HTTP GET /api/bookings responded 200 in 22.6941 ms
2026-04-22 01:30:07.479 +02:00 [INF] Request finished HTTP/1.1 GET http://localhost:5259/api/bookings?page=1&pageSize=100 - 200 null application/json; charset=utf-8 29.3216ms
2026-04-22 01:30:13.812 +02:00 [INF] Request starting HTTP/1.1 OPTIONS http://localhost:5259/api/housekeeping?page=1&pageSize=100 - null null
2026-04-22 01:30:13.812 +02:00 [INF] Request starting HTTP/1.1 OPTIONS http://localhost:5259/api/rooms?page=1&pageSize=100 - null null
2026-04-22 01:30:13.815 +02:00 [INF] CORS policy execution successful.
2026-04-22 01:30:13.819 +02:00 [INF] CORS policy execution successful.
2026-04-22 01:30:13.820 +02:00 [INF] HTTP OPTIONS /api/housekeeping responded 204 in 4.2852 ms
2026-04-22 01:30:13.821 +02:00 [INF] HTTP OPTIONS /api/rooms responded 204 in 2.1242 ms
2026-04-22 01:30:13.823 +02:00 [INF] Request finished HTTP/1.1 OPTIONS http://localhost:5259/api/housekeeping?page=1&pageSize=100 - 204 null null 11.1061ms
2026-04-22 01:30:13.825 +02:00 [INF] Request finished HTTP/1.1 OPTIONS http://localhost:5259/api/rooms?page=1&pageSize=100 - 204 null null 13.092ms
2026-04-22 01:30:13.830 +02:00 [INF] Request starting HTTP/1.1 GET http://localhost:5259/api/housekeeping?page=1&pageSize=100 - null null
2026-04-22 01:30:13.834 +02:00 [INF] Request starting HTTP/1.1 GET http://localhost:5259/api/rooms?page=1&pageSize=100 - null null
2026-04-22 01:30:13.838 +02:00 [INF] CORS policy execution successful.
2026-04-22 01:30:13.843 +02:00 [INF] CORS policy execution successful.
2026-04-22 01:30:13.844 +02:00 [INF] Executing endpoint 'HotelBooking.API.Controllers.HousekeepingController.GetTasks (HotelBooking.API)'
2026-04-22 01:30:13.846 +02:00 [INF] Executing endpoint 'HotelBooking.API.Controllers.RoomsController.GetRooms (HotelBooking.API)'
2026-04-22 01:30:13.848 +02:00 [INF] Route matched with {action = "GetRooms", controller = "Rooms"}. Executing controller action with signature System.Threading.Tasks.Task`1[Microsoft.AspNetCore.Mvc.IActionResult] GetRooms(System.Nullable`1[HotelBooking.Domain.Enums.RoomType], System.Nullable`1[HotelBooking.Domain.Enums.RoomStatus], System.Nullable`1[System.Int32], System.String, Int32, Int32, System.Threading.CancellationToken) on controller HotelBooking.API.Controllers.RoomsController (HotelBooking.API).
2026-04-22 01:30:13.851 +02:00 [INF] Route matched with {action = "GetTasks", controller = "Housekeeping"}. Executing controller action with signature System.Threading.Tasks.Task`1[Microsoft.AspNetCore.Mvc.IActionResult] GetTasks(System.Nullable`1[HotelBooking.Domain.Enums.HousekeepingStatus], System.Nullable`1[System.Guid], Int32, Int32, System.Threading.CancellationToken) on controller HotelBooking.API.Controllers.HousekeepingController (HotelBooking.API).
2026-04-22 01:30:13.854 +02:00 [INF] Executed DbCommand (1ms) [Parameters=[], CommandType='"Text"', CommandTimeout='30']
SELECT count(*)::int
FROM "Rooms" AS r
2026-04-22 01:30:13.860 +02:00 [INF] Executed DbCommand (1ms) [Parameters=[@__p_1='?' (DbType = Int32), @__p_0='?' (DbType = Int32)], CommandType='"Text"', CommandTimeout='30']
SELECT r."Id", r."RoomNumber", r."FloorNumber", CASE r."Type"
    WHEN 1 THEN 'Standard'
    WHEN 2 THEN 'Deluxe'
    WHEN 3 THEN 'Family'
    WHEN 4 THEN 'BusinessSuite'
    ELSE r."Type"::text
END, CASE r."Status"
    WHEN 1 THEN 'Available'
    WHEN 2 THEN 'Occupied'
    WHEN 3 THEN 'Cleaning'
    WHEN 4 THEN 'Maintenance'
    ELSE r."Status"::text
END, r."PricePerNight", r."BedCount", r."Amenities", r."CreatedAt"
FROM "Rooms" AS r
ORDER BY r."FloorNumber", r."RoomNumber"
LIMIT @__p_1 OFFSET @__p_0
2026-04-22 01:30:13.864 +02:00 [INF] Executing OkObjectResult, writing value of type 'HotelBooking.API.Common.ApiResponse'.
2026-04-22 01:30:13.866 +02:00 [INF] Executed action HotelBooking.API.Controllers.RoomsController.GetRooms (HotelBooking.API) in 13.8584ms
2026-04-22 01:30:13.868 +02:00 [INF] Executed endpoint 'HotelBooking.API.Controllers.RoomsController.GetRooms (HotelBooking.API)'
2026-04-22 01:30:13.870 +02:00 [INF] HTTP GET /api/rooms responded 200 in 27.3509 ms
2026-04-22 01:30:13.873 +02:00 [INF] Request finished HTTP/1.1 GET http://localhost:5259/api/rooms?page=1&pageSize=100 - 200 null application/json; charset=utf-8 38.4626ms
2026-04-22 01:30:13.875 +02:00 [INF] Executed DbCommand (1ms) [Parameters=[], CommandType='"Text"', CommandTimeout='30']
SELECT count(*)::int
FROM "HousekeepingTasks" AS h
2026-04-22 01:30:13.895 +02:00 [INF] Executed DbCommand (2ms) [Parameters=[@__p_1='?' (DbType = Int32), @__p_0='?' (DbType = Int32)], CommandType='"Text"', CommandTimeout='30']
SELECT h0."Id", r."RoomNumber", CASE h0."Status"
    WHEN 1 THEN 'Clean'
    WHEN 2 THEN 'Dirty'
    WHEN 3 THEN 'InProgress'
    WHEN 4 THEN 'Maintenance'
    ELSE h0."Status"::text
END, u."FullName", h0."Notes", h0."LastCleanedAt"
FROM (
    SELECT h."Id", h."AssignedToUserId", h."CreatedAt", h."LastCleanedAt", h."Notes", h."RoomId", h."Status"
    FROM "HousekeepingTasks" AS h
    ORDER BY h."CreatedAt" DESC
    LIMIT @__p_1 OFFSET @__p_0
) AS h0
INNER JOIN "Rooms" AS r ON h0."RoomId" = r."Id"
LEFT JOIN "Users" AS u ON h0."AssignedToUserId" = u."Id"
ORDER BY h0."CreatedAt" DESC
2026-04-22 01:30:13.898 +02:00 [INF] Executing OkObjectResult, writing value of type 'HotelBooking.API.Common.ApiResponse'.
2026-04-22 01:30:13.902 +02:00 [INF] Executed action HotelBooking.API.Controllers.HousekeepingController.GetTasks (HotelBooking.API) in 48.2113ms
2026-04-22 01:30:13.904 +02:00 [INF] Executed endpoint 'HotelBooking.API.Controllers.HousekeepingController.GetTasks (HotelBooking.API)'
2026-04-22 01:30:13.906 +02:00 [INF] HTTP GET /api/housekeeping responded 200 in 67.6484 ms
2026-04-22 01:30:13.908 +02:00 [INF] Request finished HTTP/1.1 GET http://localhost:5259/api/housekeeping?page=1&pageSize=100 - 200 null application/json; charset=utf-8 78.1779ms
2026-04-22 01:30:26.527 +02:00 [INF] Request starting HTTP/1.1 OPTIONS http://localhost:5259/api/bookings?page=1&pageSize=100 - null null
2026-04-22 01:30:26.532 +02:00 [INF] CORS policy execution successful.
2026-04-22 01:30:26.534 +02:00 [INF] HTTP OPTIONS /api/bookings responded 204 in 1.6472 ms
2026-04-22 01:30:26.541 +02:00 [INF] Request finished HTTP/1.1 OPTIONS http://localhost:5259/api/bookings?page=1&pageSize=100 - 204 null null 13.4363ms
2026-04-22 01:30:26.549 +02:00 [INF] Request starting HTTP/1.1 GET http://localhost:5259/api/bookings?page=1&pageSize=100 - null null
2026-04-22 01:30:26.556 +02:00 [INF] CORS policy execution successful.
2026-04-22 01:30:26.558 +02:00 [INF] Executing endpoint 'HotelBooking.API.Controllers.BookingsController.GetBookings (HotelBooking.API)'
2026-04-22 01:30:26.559 +02:00 [INF] Route matched with {action = "GetBookings", controller = "Bookings"}. Executing controller action with signature System.Threading.Tasks.Task`1[Microsoft.AspNetCore.Mvc.IActionResult] GetBookings(System.Nullable`1[HotelBooking.Domain.Enums.BookingStatus], System.String, System.String, System.String, System.Nullable`1[System.DateOnly], System.Nullable`1[System.DateOnly], Int32, Int32, System.Threading.CancellationToken) on controller HotelBooking.API.Controllers.BookingsController (HotelBooking.API).
2026-04-22 01:30:26.564 +02:00 [INF] Executed DbCommand (1ms) [Parameters=[], CommandType='"Text"', CommandTimeout='30']
SELECT count(*)::int
FROM "Bookings" AS b
2026-04-22 01:30:26.569 +02:00 [INF] Executed DbCommand (1ms) [Parameters=[@__p_1='?' (DbType = Int32), @__p_0='?' (DbType = Int32)], CommandType='"Text"', CommandTimeout='30']
SELECT b0."Id", b0."BookingCode", b0."UserId", u."FullName", u."Email", b0."RoomId", r."RoomNumber", CASE r."Type"
    WHEN 1 THEN 'Standard'
    WHEN 2 THEN 'Deluxe'
    WHEN 3 THEN 'Family'
    WHEN 4 THEN 'BusinessSuite'
    ELSE r."Type"::text
END, b0."CheckInDate", b0."CheckOutDate", b0."TotalAmount", CASE b0."PaymentMethod"
    WHEN 1 THEN 'Card'
    WHEN 2 THEN 'Cash'
    WHEN 3 THEN 'Check'
    ELSE b0."PaymentMethod"::text
END, CASE b0."Status"
    WHEN 1 THEN 'Confirmed'
    WHEN 2 THEN 'Active'
    WHEN 3 THEN 'CheckedOut'
    WHEN 4 THEN 'Cancelled'
    ELSE b0."Status"::text
END, b0."CheckOutDate" - b0."CheckInDate", b0."CreatedAt"
FROM (
    SELECT b."Id", b."BookingCode", b."CheckInDate", b."CheckOutDate", b."CreatedAt", b."PaymentMethod", b."RoomId", b."Status", b."TotalAmount", b."UserId"
    FROM "Bookings" AS b
    ORDER BY b."CreatedAt" DESC
    LIMIT @__p_1 OFFSET @__p_0
) AS b0
INNER JOIN "Users" AS u ON b0."UserId" = u."Id"
INNER JOIN "Rooms" AS r ON b0."RoomId" = r."Id"
ORDER BY b0."CreatedAt" DESC
2026-04-22 01:30:26.572 +02:00 [INF] Executing OkObjectResult, writing value of type 'HotelBooking.API.Common.ApiResponse'.
2026-04-22 01:30:26.574 +02:00 [INF] Executed action HotelBooking.API.Controllers.BookingsController.GetBookings (HotelBooking.API) in 11.5007ms
2026-04-22 01:30:26.575 +02:00 [INF] Executed endpoint 'HotelBooking.API.Controllers.BookingsController.GetBookings (HotelBooking.API)'
2026-04-22 01:30:26.577 +02:00 [INF] HTTP GET /api/bookings responded 200 in 20.4030 ms
2026-04-22 01:30:26.579 +02:00 [INF] Request finished HTTP/1.1 GET http://localhost:5259/api/bookings?page=1&pageSize=100 - 200 null application/json; charset=utf-8 30.3961ms
2026-04-22 01:30:26.585 +02:00 [INF] Request starting HTTP/1.1 OPTIONS http://localhost:5259/api/invoices/40000000-0000-0000-0000-000000000004 - null null
2026-04-22 01:30:26.589 +02:00 [INF] CORS policy execution successful.
2026-04-22 01:30:26.590 +02:00 [INF] HTTP OPTIONS /api/invoices/40000000-0000-0000-0000-000000000004 responded 204 in 1.2614 ms
2026-04-22 01:30:26.594 +02:00 [INF] Request finished HTTP/1.1 OPTIONS http://localhost:5259/api/invoices/40000000-0000-0000-0000-000000000004 - 204 null null 8.3228ms
2026-04-22 01:30:26.599 +02:00 [INF] Request starting HTTP/1.1 GET http://localhost:5259/api/invoices/40000000-0000-0000-0000-000000000004 - null null
2026-04-22 01:30:26.603 +02:00 [INF] CORS policy execution successful.
2026-04-22 01:30:26.605 +02:00 [INF] Executing endpoint 'HotelBooking.API.Controllers.InvoicesController.GetInvoice (HotelBooking.API)'
2026-04-22 01:30:26.609 +02:00 [INF] Route matched with {action = "GetInvoice", controller = "Invoices"}. Executing controller action with signature System.Threading.Tasks.Task`1[Microsoft.AspNetCore.Mvc.IActionResult] GetInvoice(System.Guid, System.Threading.CancellationToken) on controller HotelBooking.API.Controllers.InvoicesController (HotelBooking.API).
2026-04-22 01:30:26.675 +02:00 [INF] Executed DbCommand (2ms) [Parameters=[@__bookingId_0='?' (DbType = Guid)], CommandType='"Text"', CommandTimeout='30']
SELECT s."Id", s."ActualCheckIn", s."ActualCheckOut", s."BookingCode", s."CheckInDate", s."CheckOutDate", s."CreatedAt", s."GuestCount", s."PaymentMethod", s."RoomId", s."SpecialRequests", s."Status", s."TotalAmount", s."UpdatedAt", s."UserId", s."Id0", s."CreatedAt0", s."Email", s."FullName", s."IsActive", s."PasswordHash", s."RoleId", s."UpdatedAt0", s."Id1", s."Amenities", s."BedCount", s."CreatedAt1", s."FloorNumber", s."PricePerNight", s."RoomNumber", s."Status0", s."Type", s."UpdatedAt1", s."Id2", r0."Id", r0."Amount", r0."BookingId", r0."CreatedAt", r0."Description", r0."UpdatedAt", s."BookingId", s."CreatedAt2", s."InvoiceNumber", s."IssuedAt", s."Subtotal", s."TaxAmount", s."TaxRate", s."TotalAmount0", s."UpdatedAt2"
FROM (
    SELECT b."Id", b."ActualCheckIn", b."ActualCheckOut", b."BookingCode", b."CheckInDate", b."CheckOutDate", b."CreatedAt", b."GuestCount", b."PaymentMethod", b."RoomId", b."SpecialRequests", b."Status", b."TotalAmount", b."UpdatedAt", b."UserId", u."Id" AS "Id0", u."CreatedAt" AS "CreatedAt0", u."Email", u."FullName", u."IsActive", u."PasswordHash", u."RoleId", u."UpdatedAt" AS "UpdatedAt0", r."Id" AS "Id1", r."Amenities", r."BedCount", r."CreatedAt" AS "CreatedAt1", r."FloorNumber", r."PricePerNight", r."RoomNumber", r."Status" AS "Status0", r."Type", r."UpdatedAt" AS "UpdatedAt1", i."Id" AS "Id2", i."BookingId", i."CreatedAt" AS "CreatedAt2", i."InvoiceNumber", i."IssuedAt", i."Subtotal", i."TaxAmount", i."TaxRate", i."TotalAmount" AS "TotalAmount0", i."UpdatedAt" AS "UpdatedAt2"
    FROM "Bookings" AS b
    INNER JOIN "Users" AS u ON b."UserId" = u."Id"
    INNER JOIN "Rooms" AS r ON b."RoomId" = r."Id"
    LEFT JOIN "Invoices" AS i ON b."Id" = i."BookingId"
    WHERE b."Id" = @__bookingId_0
    LIMIT 1
) AS s
LEFT JOIN "RoomCharges" AS r0 ON s."Id" = r0."BookingId"
ORDER BY s."Id", s."Id0", s."Id1", s."Id2"
2026-04-22 01:30:26.721 +02:00 [INF] Executed DbCommand (3ms) [Parameters=[@p2='?' (DbType = Guid), @p0='?' (DbType = Decimal), @p1='?' (DbType = DateTime), @p3='?' (DbType = Guid), @p4='?' (DbType = Guid), @p5='?' (DbType = DateTime), @p6='?', @p7='?' (DbType = DateTime), @p8='?' (DbType = Decimal), @p9='?' (DbType = Decimal), @p10='?' (DbType = Decimal), @p11='?' (DbType = Decimal), @p12='?' (DbType = DateTime)], CommandType='"Text"', CommandTimeout='30']
UPDATE "Bookings" SET "TotalAmount" = @p0, "UpdatedAt" = @p1
WHERE "Id" = @p2;
INSERT INTO "Invoices" ("Id", "BookingId", "CreatedAt", "InvoiceNumber", "IssuedAt", "Subtotal", "TaxAmount", "TaxRate", "TotalAmount", "UpdatedAt")
VALUES (@p3, @p4, @p5, @p6, @p7, @p8, @p9, @p10, @p11, @p12);
2026-04-22 01:30:26.797 +02:00 [INF] Executed DbCommand (3ms) [Parameters=[@__invoice_Id_0='?' (DbType = Guid)], CommandType='"Text"', CommandTimeout='30']
SELECT s."Id", s."BookingId", s."CreatedAt", s."InvoiceNumber", s."IssuedAt", s."Subtotal", s."TaxAmount", s."TaxRate", s."TotalAmount", s."UpdatedAt", s."Id0", s."ActualCheckIn", s."ActualCheckOut", s."BookingCode", s."CheckInDate", s."CheckOutDate", s."CreatedAt0", s."GuestCount", s."PaymentMethod", s."RoomId", s."SpecialRequests", s."Status", s."TotalAmount0", s."UpdatedAt0", s."UserId", s."Id1", s."CreatedAt1", s."Email", s."FullName", s."IsActive", s."PasswordHash", s."RoleId", s."UpdatedAt1", s."Id2", s."Amenities", s."BedCount", s."CreatedAt2", s."FloorNumber", s."PricePerNight", s."RoomNumber", s."Status0", s."Type", s."UpdatedAt2", r0."Id", r0."Amount", r0."BookingId", r0."CreatedAt", r0."Description", r0."UpdatedAt"
FROM (
    SELECT i."Id", i."BookingId", i."CreatedAt", i."InvoiceNumber", i."IssuedAt", i."Subtotal", i."TaxAmount", i."TaxRate", i."TotalAmount", i."UpdatedAt", b."Id" AS "Id0", b."ActualCheckIn", b."ActualCheckOut", b."BookingCode", b."CheckInDate", b."CheckOutDate", b."CreatedAt" AS "CreatedAt0", b."GuestCount", b."PaymentMethod", b."RoomId", b."SpecialRequests", b."Status", b."TotalAmount" AS "TotalAmount0", b."UpdatedAt" AS "UpdatedAt0", b."UserId", u."Id" AS "Id1", u."CreatedAt" AS "CreatedAt1", u."Email", u."FullName", u."IsActive", u."PasswordHash", u."RoleId", u."UpdatedAt" AS "UpdatedAt1", r."Id" AS "Id2", r."Amenities", r."BedCount", r."CreatedAt" AS "CreatedAt2", r."FloorNumber", r."PricePerNight", r."RoomNumber", r."Status" AS "Status0", r."Type", r."UpdatedAt" AS "UpdatedAt2"
    FROM "Invoices" AS i
    INNER JOIN "Bookings" AS b ON i."BookingId" = b."Id"
    INNER JOIN "Users" AS u ON b."UserId" = u."Id"
    INNER JOIN "Rooms" AS r ON b."RoomId" = r."Id"
    WHERE i."Id" = @__invoice_Id_0
    LIMIT 1
) AS s
LEFT JOIN "RoomCharges" AS r0 ON s."Id0" = r0."BookingId"
ORDER BY s."Id", s."Id0", s."Id1", s."Id2"
2026-04-22 01:30:26.804 +02:00 [INF] Executing OkObjectResult, writing value of type 'HotelBooking.API.Common.ApiResponse'.
2026-04-22 01:30:26.810 +02:00 [INF] Executed action HotelBooking.API.Controllers.InvoicesController.GetInvoice (HotelBooking.API) in 198.2607ms
2026-04-22 01:30:26.812 +02:00 [INF] Executed endpoint 'HotelBooking.API.Controllers.InvoicesController.GetInvoice (HotelBooking.API)'
2026-04-22 01:30:26.813 +02:00 [INF] HTTP GET /api/invoices/40000000-0000-0000-0000-000000000004 responded 200 in 210.3061 ms
2026-04-22 01:30:26.816 +02:00 [INF] Request finished HTTP/1.1 GET http://localhost:5259/api/invoices/40000000-0000-0000-0000-000000000004 - 200 null application/json; charset=utf-8 217.0051ms
2026-04-22 01:30:30.509 +02:00 [INF] Request starting HTTP/1.1 OPTIONS http://localhost:5259/api/payments - null null
2026-04-22 01:30:30.513 +02:00 [INF] CORS policy execution successful.
2026-04-22 01:30:30.514 +02:00 [INF] HTTP OPTIONS /api/payments responded 204 in 0.9750 ms
2026-04-22 01:30:30.516 +02:00 [INF] Request finished HTTP/1.1 OPTIONS http://localhost:5259/api/payments - 204 null null 6.8569ms
2026-04-22 01:30:30.521 +02:00 [INF] Request starting HTTP/1.1 POST http://localhost:5259/api/payments - application/json 91
2026-04-22 01:30:30.524 +02:00 [INF] CORS policy execution successful.
2026-04-22 01:30:30.525 +02:00 [INF] Executing endpoint 'HotelBooking.API.Controllers.PaymentsController.ProcessPayment (HotelBooking.API)'
2026-04-22 01:30:30.529 +02:00 [INF] Route matched with {action = "ProcessPayment", controller = "Payments"}. Executing controller action with signature System.Threading.Tasks.Task`1[Microsoft.AspNetCore.Mvc.IActionResult] ProcessPayment(HotelBooking.Application.Features.Payments.DTOs.ProcessPaymentRequest, System.Threading.CancellationToken) on controller HotelBooking.API.Controllers.PaymentsController (HotelBooking.API).
2026-04-22 01:30:30.570 +02:00 [INF] Executed DbCommand (2ms) [Parameters=[@__request_BookingId_0='?' (DbType = Guid)], CommandType='"Text"', CommandTimeout='30']
SELECT b."Id", b."ActualCheckIn", b."ActualCheckOut", b."BookingCode", b."CheckInDate", b."CheckOutDate", b."CreatedAt", b."GuestCount", b."PaymentMethod", b."RoomId", b."SpecialRequests", b."Status", b."TotalAmount", b."UpdatedAt", b."UserId", i."Id", i."BookingId", i."CreatedAt", i."InvoiceNumber", i."IssuedAt", i."Subtotal", i."TaxAmount", i."TaxRate", i."TotalAmount", i."UpdatedAt", u."Id", u."CreatedAt", u."Email", u."FullName", u."IsActive", u."PasswordHash", u."RoleId", u."UpdatedAt"
FROM "Bookings" AS b
LEFT JOIN "Invoices" AS i ON b."Id" = i."BookingId"
INNER JOIN "Users" AS u ON b."UserId" = u."Id"
WHERE b."Id" = @__request_BookingId_0
LIMIT 1
2026-04-22 01:30:30.576 +02:00 [INF] Executed DbCommand (1ms) [Parameters=[@__bookingId_0='?' (DbType = Guid)], CommandType='"Text"', CommandTimeout='30']
SELECT s."Id", s."ActualCheckIn", s."ActualCheckOut", s."BookingCode", s."CheckInDate", s."CheckOutDate", s."CreatedAt", s."GuestCount", s."PaymentMethod", s."RoomId", s."SpecialRequests", s."Status", s."TotalAmount", s."UpdatedAt", s."UserId", s."Id0", s."CreatedAt0", s."Email", s."FullName", s."IsActive", s."PasswordHash", s."RoleId", s."UpdatedAt0", s."Id1", s."Amenities", s."BedCount", s."CreatedAt1", s."FloorNumber", s."PricePerNight", s."RoomNumber", s."Status0", s."Type", s."UpdatedAt1", s."Id2", r0."Id", r0."Amount", r0."BookingId", r0."CreatedAt", r0."Description", r0."UpdatedAt", s."BookingId", s."CreatedAt2", s."InvoiceNumber", s."IssuedAt", s."Subtotal", s."TaxAmount", s."TaxRate", s."TotalAmount0", s."UpdatedAt2"
FROM (
    SELECT b."Id", b."ActualCheckIn", b."ActualCheckOut", b."BookingCode", b."CheckInDate", b."CheckOutDate", b."CreatedAt", b."GuestCount", b."PaymentMethod", b."RoomId", b."SpecialRequests", b."Status", b."TotalAmount", b."UpdatedAt", b."UserId", u."Id" AS "Id0", u."CreatedAt" AS "CreatedAt0", u."Email", u."FullName", u."IsActive", u."PasswordHash", u."RoleId", u."UpdatedAt" AS "UpdatedAt0", r."Id" AS "Id1", r."Amenities", r."BedCount", r."CreatedAt" AS "CreatedAt1", r."FloorNumber", r."PricePerNight", r."RoomNumber", r."Status" AS "Status0", r."Type", r."UpdatedAt" AS "UpdatedAt1", i."Id" AS "Id2", i."BookingId", i."CreatedAt" AS "CreatedAt2", i."InvoiceNumber", i."IssuedAt", i."Subtotal", i."TaxAmount", i."TaxRate", i."TotalAmount" AS "TotalAmount0", i."UpdatedAt" AS "UpdatedAt2"
    FROM "Bookings" AS b
    INNER JOIN "Users" AS u ON b."UserId" = u."Id"
    INNER JOIN "Rooms" AS r ON b."RoomId" = r."Id"
    LEFT JOIN "Invoices" AS i ON b."Id" = i."BookingId"
    WHERE b."Id" = @__bookingId_0
    LIMIT 1
) AS s
LEFT JOIN "RoomCharges" AS r0 ON s."Id" = r0."BookingId"
ORDER BY s."Id", s."Id0", s."Id1", s."Id2"
2026-04-22 01:30:30.611 +02:00 [INF] Executed DbCommand (2ms) [Parameters=[@__booking_Invoice_Id_0='?' (DbType = Guid)], CommandType='"Text"', CommandTimeout='30']
SELECT s."Id", s."BookingId", s."CreatedAt", s."InvoiceNumber", s."IssuedAt", s."Subtotal", s."TaxAmount", s."TaxRate", s."TotalAmount", s."UpdatedAt", s."Id0", s."ActualCheckIn", s."ActualCheckOut", s."BookingCode", s."CheckInDate", s."CheckOutDate", s."CreatedAt0", s."GuestCount", s."PaymentMethod", s."RoomId", s."SpecialRequests", s."Status", s."TotalAmount0", s."UpdatedAt0", s."UserId", s."Id1", s."CreatedAt1", s."Email", s."FullName", s."IsActive", s."PasswordHash", s."RoleId", s."UpdatedAt1", s."Id2", s."Amenities", s."BedCount", s."CreatedAt2", s."FloorNumber", s."PricePerNight", s."RoomNumber", s."Status0", s."Type", s."UpdatedAt2", r0."Id", r0."Amount", r0."BookingId", r0."CreatedAt", r0."Description", r0."UpdatedAt"
FROM (
    SELECT i."Id", i."BookingId", i."CreatedAt", i."InvoiceNumber", i."IssuedAt", i."Subtotal", i."TaxAmount", i."TaxRate", i."TotalAmount", i."UpdatedAt", b."Id" AS "Id0", b."ActualCheckIn", b."ActualCheckOut", b."BookingCode", b."CheckInDate", b."CheckOutDate", b."CreatedAt" AS "CreatedAt0", b."GuestCount", b."PaymentMethod", b."RoomId", b."SpecialRequests", b."Status", b."TotalAmount" AS "TotalAmount0", b."UpdatedAt" AS "UpdatedAt0", b."UserId", u."Id" AS "Id1", u."CreatedAt" AS "CreatedAt1", u."Email", u."FullName", u."IsActive", u."PasswordHash", u."RoleId", u."UpdatedAt" AS "UpdatedAt1", r."Id" AS "Id2", r."Amenities", r."BedCount", r."CreatedAt" AS "CreatedAt2", r."FloorNumber", r."PricePerNight", r."RoomNumber", r."Status" AS "Status0", r."Type", r."UpdatedAt" AS "UpdatedAt2"
    FROM "Invoices" AS i
    INNER JOIN "Bookings" AS b ON i."BookingId" = b."Id"
    INNER JOIN "Users" AS u ON b."UserId" = u."Id"
    INNER JOIN "Rooms" AS r ON b."RoomId" = r."Id"
    WHERE i."Id" = @__booking_Invoice_Id_0
    LIMIT 1
) AS s
LEFT JOIN "RoomCharges" AS r0 ON s."Id0" = r0."BookingId"
ORDER BY s."Id", s."Id0", s."Id1", s."Id2"
2026-04-22 01:30:30.626 +02:00 [INF] Executed DbCommand (2ms) [Parameters=[@__invoice_InvoiceId_0='?' (DbType = Guid)], CommandType='"Text"', CommandTimeout='30']
SELECT COALESCE(sum(p."Amount"), 0.0)
FROM "Payments" AS p
WHERE p."InvoiceId" = @__invoice_InvoiceId_0 AND p."Status" = 2
2026-04-22 01:30:30.656 +02:00 [INF] Executed DbCommand (3ms) [Parameters=[@p0='?' (DbType = Guid), @p1='?' (DbType = Decimal), @p2='?' (DbType = DateTime), @p3='?' (DbType = Guid), @p4='?', @p5='?' (DbType = DateTime), @p6='?' (DbType = Int32), @p7='?', @p8='?' (DbType = DateTime)], CommandType='"Text"', CommandTimeout='30']
INSERT INTO "Payments" ("Id", "Amount", "CreatedAt", "InvoiceId", "Method", "PaidAt", "Status", "TransactionReference", "UpdatedAt")
VALUES (@p0, @p1, @p2, @p3, @p4, @p5, @p6, @p7, @p8);
2026-04-22 01:30:30.661 +02:00 [INF] Executed DbCommand (2ms) [Parameters=[@p0='?' (DbType = Guid), @p1='?' (DbType = DateTime), @p2='?', @p3='?', @p4='?' (DbType = Int32), @p5='?' (DbType = DateTime), @p6='?' (DbType = Guid)], CommandType='"Text"', CommandTimeout='30']
INSERT INTO "Notifications" ("Id", "CreatedAt", "Message", "Title", "Type", "UpdatedAt", "UserId")
VALUES (@p0, @p1, @p2, @p3, @p4, @p5, @p6)
RETURNING "IsRead";
2026-04-22 01:30:30.665 +02:00 [INF] NOTIFICATION [PaymentCompleted] PaymentId="a05e987a-b443-4aa0-8f98-a31e6e33c8d4" BookingId="40000000-0000-0000-0000-000000000004" Guest=Sofia Reyes <sofia.reyes@example.com> Amount=¤598.08 Invoice=INV-20260421-BK-2404
2026-04-22 01:30:30.669 +02:00 [INF] Payment processed. PaymentId="a05e987a-b443-4aa0-8f98-a31e6e33c8d4" BookingId="40000000-0000-0000-0000-000000000004" InvoiceId="9ba66e36-1fd0-4e84-be3e-014f3a5a2d5b" Amount=598.08
2026-04-22 01:30:30.672 +02:00 [INF] Executing OkObjectResult, writing value of type 'HotelBooking.API.Common.ApiResponse'.
2026-04-22 01:30:30.675 +02:00 [INF] Executed action HotelBooking.API.Controllers.PaymentsController.ProcessPayment (HotelBooking.API) in 144.3394ms
2026-04-22 01:30:30.677 +02:00 [INF] Executed endpoint 'HotelBooking.API.Controllers.PaymentsController.ProcessPayment (HotelBooking.API)'
2026-04-22 01:30:30.678 +02:00 [INF] HTTP POST /api/payments responded 200 in 154.3175 ms
2026-04-22 01:30:30.681 +02:00 [INF] Request finished HTTP/1.1 POST http://localhost:5259/api/payments - 200 null application/json; charset=utf-8 159.3664ms
2026-04-22 01:30:30.683 +02:00 [INF] Request starting HTTP/1.1 OPTIONS http://localhost:5259/api/bookings?page=1&pageSize=100 - null null
2026-04-22 01:30:30.684 +02:00 [INF] Request starting HTTP/1.1 OPTIONS http://localhost:5259/api/notifications?pageNumber=1&pageSize=8 - null null
2026-04-22 01:30:30.685 +02:00 [INF] Request starting HTTP/1.1 OPTIONS http://localhost:5259/api/invoices/40000000-0000-0000-0000-000000000004 - null null
2026-04-22 01:30:30.689 +02:00 [INF] CORS policy execution successful.
2026-04-22 01:30:30.692 +02:00 [INF] CORS policy execution successful.
2026-04-22 01:30:30.696 +02:00 [INF] CORS policy execution successful.
2026-04-22 01:30:30.697 +02:00 [INF] HTTP OPTIONS /api/bookings responded 204 in 8.4575 ms
2026-04-22 01:30:30.698 +02:00 [INF] HTTP OPTIONS /api/notifications responded 204 in 6.0132 ms
2026-04-22 01:30:30.700 +02:00 [INF] HTTP OPTIONS /api/invoices/40000000-0000-0000-0000-000000000004 responded 204 in 3.5965 ms
2026-04-22 01:30:30.702 +02:00 [INF] Request finished HTTP/1.1 OPTIONS http://localhost:5259/api/bookings?page=1&pageSize=100 - 204 null null 19.2195ms
2026-04-22 01:30:30.705 +02:00 [INF] Request finished HTTP/1.1 OPTIONS http://localhost:5259/api/notifications?pageNumber=1&pageSize=8 - 204 null null 20.5389ms
2026-04-22 01:30:30.707 +02:00 [INF] Request finished HTTP/1.1 OPTIONS http://localhost:5259/api/invoices/40000000-0000-0000-0000-000000000004 - 204 null null 21.8277ms
2026-04-22 01:30:30.711 +02:00 [INF] Request starting HTTP/1.1 GET http://localhost:5259/api/bookings?page=1&pageSize=100 - null null
2026-04-22 01:30:30.715 +02:00 [INF] Request starting HTTP/1.1 GET http://localhost:5259/api/notifications?pageNumber=1&pageSize=8 - null null
2026-04-22 01:30:30.719 +02:00 [INF] Request starting HTTP/1.1 GET http://localhost:5259/api/invoices/40000000-0000-0000-0000-000000000004 - null null
2026-04-22 01:30:30.722 +02:00 [INF] CORS policy execution successful.
2026-04-22 01:30:30.725 +02:00 [INF] CORS policy execution successful.
2026-04-22 01:30:30.729 +02:00 [INF] CORS policy execution successful.
2026-04-22 01:30:30.730 +02:00 [INF] Executing endpoint 'HotelBooking.API.Controllers.BookingsController.GetBookings (HotelBooking.API)'
2026-04-22 01:30:30.731 +02:00 [INF] Executing endpoint 'HotelBooking.API.Controllers.NotificationsController.GetNotifications (HotelBooking.API)'
2026-04-22 01:30:30.733 +02:00 [INF] Executing endpoint 'HotelBooking.API.Controllers.InvoicesController.GetInvoice (HotelBooking.API)'
2026-04-22 01:30:30.734 +02:00 [INF] Route matched with {action = "GetBookings", controller = "Bookings"}. Executing controller action with signature System.Threading.Tasks.Task`1[Microsoft.AspNetCore.Mvc.IActionResult] GetBookings(System.Nullable`1[HotelBooking.Domain.Enums.BookingStatus], System.String, System.String, System.String, System.Nullable`1[System.DateOnly], System.Nullable`1[System.DateOnly], Int32, Int32, System.Threading.CancellationToken) on controller HotelBooking.API.Controllers.BookingsController (HotelBooking.API).
2026-04-22 01:30:30.735 +02:00 [INF] Route matched with {action = "GetNotifications", controller = "Notifications"}. Executing controller action with signature System.Threading.Tasks.Task`1[Microsoft.AspNetCore.Mvc.IActionResult] GetNotifications(Boolean, Int32, Int32, System.Threading.CancellationToken) on controller HotelBooking.API.Controllers.NotificationsController (HotelBooking.API).
2026-04-22 01:30:30.736 +02:00 [INF] Route matched with {action = "GetInvoice", controller = "Invoices"}. Executing controller action with signature System.Threading.Tasks.Task`1[Microsoft.AspNetCore.Mvc.IActionResult] GetInvoice(System.Guid, System.Threading.CancellationToken) on controller HotelBooking.API.Controllers.InvoicesController (HotelBooking.API).
2026-04-22 01:30:30.740 +02:00 [INF] Executed DbCommand (1ms) [Parameters=[], CommandType='"Text"', CommandTimeout='30']
SELECT count(*)::int
FROM "Bookings" AS b
2026-04-22 01:30:30.742 +02:00 [INF] Executed DbCommand (1ms) [Parameters=[@__userId_0='?' (DbType = Guid)], CommandType='"Text"', CommandTimeout='30']
SELECT count(*)::int
FROM "Notifications" AS n
WHERE n."UserId" = @__userId_0 AND NOT (n."IsRead")
2026-04-22 01:30:30.747 +02:00 [INF] Executed DbCommand (3ms) [Parameters=[@__bookingId_0='?' (DbType = Guid)], CommandType='"Text"', CommandTimeout='30']
SELECT s."Id", s."ActualCheckIn", s."ActualCheckOut", s."BookingCode", s."CheckInDate", s."CheckOutDate", s."CreatedAt", s."GuestCount", s."PaymentMethod", s."RoomId", s."SpecialRequests", s."Status", s."TotalAmount", s."UpdatedAt", s."UserId", s."Id0", s."CreatedAt0", s."Email", s."FullName", s."IsActive", s."PasswordHash", s."RoleId", s."UpdatedAt0", s."Id1", s."Amenities", s."BedCount", s."CreatedAt1", s."FloorNumber", s."PricePerNight", s."RoomNumber", s."Status0", s."Type", s."UpdatedAt1", s."Id2", r0."Id", r0."Amount", r0."BookingId", r0."CreatedAt", r0."Description", r0."UpdatedAt", s."BookingId", s."CreatedAt2", s."InvoiceNumber", s."IssuedAt", s."Subtotal", s."TaxAmount", s."TaxRate", s."TotalAmount0", s."UpdatedAt2"
FROM (
    SELECT b."Id", b."ActualCheckIn", b."ActualCheckOut", b."BookingCode", b."CheckInDate", b."CheckOutDate", b."CreatedAt", b."GuestCount", b."PaymentMethod", b."RoomId", b."SpecialRequests", b."Status", b."TotalAmount", b."UpdatedAt", b."UserId", u."Id" AS "Id0", u."CreatedAt" AS "CreatedAt0", u."Email", u."FullName", u."IsActive", u."PasswordHash", u."RoleId", u."UpdatedAt" AS "UpdatedAt0", r."Id" AS "Id1", r."Amenities", r."BedCount", r."CreatedAt" AS "CreatedAt1", r."FloorNumber", r."PricePerNight", r."RoomNumber", r."Status" AS "Status0", r."Type", r."UpdatedAt" AS "UpdatedAt1", i."Id" AS "Id2", i."BookingId", i."CreatedAt" AS "CreatedAt2", i."InvoiceNumber", i."IssuedAt", i."Subtotal", i."TaxAmount", i."TaxRate", i."TotalAmount" AS "TotalAmount0", i."UpdatedAt" AS "UpdatedAt2"
    FROM "Bookings" AS b
    INNER JOIN "Users" AS u ON b."UserId" = u."Id"
    INNER JOIN "Rooms" AS r ON b."RoomId" = r."Id"
    LEFT JOIN "Invoices" AS i ON b."Id" = i."BookingId"
    WHERE b."Id" = @__bookingId_0
    LIMIT 1
) AS s
LEFT JOIN "RoomCharges" AS r0 ON s."Id" = r0."BookingId"
ORDER BY s."Id", s."Id0", s."Id1", s."Id2"
2026-04-22 01:30:30.747 +02:00 [INF] Executed DbCommand (1ms) [Parameters=[@__p_1='?' (DbType = Int32), @__p_0='?' (DbType = Int32)], CommandType='"Text"', CommandTimeout='30']
SELECT b0."Id", b0."BookingCode", b0."UserId", u."FullName", u."Email", b0."RoomId", r."RoomNumber", CASE r."Type"
    WHEN 1 THEN 'Standard'
    WHEN 2 THEN 'Deluxe'
    WHEN 3 THEN 'Family'
    WHEN 4 THEN 'BusinessSuite'
    ELSE r."Type"::text
END, b0."CheckInDate", b0."CheckOutDate", b0."TotalAmount", CASE b0."PaymentMethod"
    WHEN 1 THEN 'Card'
    WHEN 2 THEN 'Cash'
    WHEN 3 THEN 'Check'
    ELSE b0."PaymentMethod"::text
END, CASE b0."Status"
    WHEN 1 THEN 'Confirmed'
    WHEN 2 THEN 'Active'
    WHEN 3 THEN 'CheckedOut'
    WHEN 4 THEN 'Cancelled'
    ELSE b0."Status"::text
END, b0."CheckOutDate" - b0."CheckInDate", b0."CreatedAt"
FROM (
    SELECT b."Id", b."BookingCode", b."CheckInDate", b."CheckOutDate", b."CreatedAt", b."PaymentMethod", b."RoomId", b."Status", b."TotalAmount", b."UserId"
    FROM "Bookings" AS b
    ORDER BY b."CreatedAt" DESC
    LIMIT @__p_1 OFFSET @__p_0
) AS b0
INNER JOIN "Users" AS u ON b0."UserId" = u."Id"
INNER JOIN "Rooms" AS r ON b0."RoomId" = r."Id"
ORDER BY b0."CreatedAt" DESC
2026-04-22 01:30:30.749 +02:00 [INF] Executed DbCommand (0ms) [Parameters=[@__userId_0='?' (DbType = Guid)], CommandType='"Text"', CommandTimeout='30']
SELECT count(*)::int
FROM "Notifications" AS n
WHERE n."UserId" = @__userId_0
2026-04-22 01:30:30.754 +02:00 [INF] Executed DbCommand (1ms) [Parameters=[@__booking_Invoice_Id_0='?' (DbType = Guid)], CommandType='"Text"', CommandTimeout='30']
SELECT s."Id", s."BookingId", s."CreatedAt", s."InvoiceNumber", s."IssuedAt", s."Subtotal", s."TaxAmount", s."TaxRate", s."TotalAmount", s."UpdatedAt", s."Id0", s."ActualCheckIn", s."ActualCheckOut", s."BookingCode", s."CheckInDate", s."CheckOutDate", s."CreatedAt0", s."GuestCount", s."PaymentMethod", s."RoomId", s."SpecialRequests", s."Status", s."TotalAmount0", s."UpdatedAt0", s."UserId", s."Id1", s."CreatedAt1", s."Email", s."FullName", s."IsActive", s."PasswordHash", s."RoleId", s."UpdatedAt1", s."Id2", s."Amenities", s."BedCount", s."CreatedAt2", s."FloorNumber", s."PricePerNight", s."RoomNumber", s."Status0", s."Type", s."UpdatedAt2", r0."Id", r0."Amount", r0."BookingId", r0."CreatedAt", r0."Description", r0."UpdatedAt"
FROM (
    SELECT i."Id", i."BookingId", i."CreatedAt", i."InvoiceNumber", i."IssuedAt", i."Subtotal", i."TaxAmount", i."TaxRate", i."TotalAmount", i."UpdatedAt", b."Id" AS "Id0", b."ActualCheckIn", b."ActualCheckOut", b."BookingCode", b."CheckInDate", b."CheckOutDate", b."CreatedAt" AS "CreatedAt0", b."GuestCount", b."PaymentMethod", b."RoomId", b."SpecialRequests", b."Status", b."TotalAmount" AS "TotalAmount0", b."UpdatedAt" AS "UpdatedAt0", b."UserId", u."Id" AS "Id1", u."CreatedAt" AS "CreatedAt1", u."Email", u."FullName", u."IsActive", u."PasswordHash", u."RoleId", u."UpdatedAt" AS "UpdatedAt1", r."Id" AS "Id2", r."Amenities", r."BedCount", r."CreatedAt" AS "CreatedAt2", r."FloorNumber", r."PricePerNight", r."RoomNumber", r."Status" AS "Status0", r."Type", r."UpdatedAt" AS "UpdatedAt2"
    FROM "Invoices" AS i
    INNER JOIN "Bookings" AS b ON i."BookingId" = b."Id"
    INNER JOIN "Users" AS u ON b."UserId" = u."Id"
    INNER JOIN "Rooms" AS r ON b."RoomId" = r."Id"
    WHERE i."Id" = @__booking_Invoice_Id_0
    LIMIT 1
) AS s
LEFT JOIN "RoomCharges" AS r0 ON s."Id0" = r0."BookingId"
ORDER BY s."Id", s."Id0", s."Id1", s."Id2"
2026-04-22 01:30:30.755 +02:00 [INF] Executing OkObjectResult, writing value of type 'HotelBooking.API.Common.ApiResponse'.
2026-04-22 01:30:30.758 +02:00 [INF] Executed DbCommand (1ms) [Parameters=[@__userId_0='?' (DbType = Guid), @__p_2='?' (DbType = Int32), @__p_1='?' (DbType = Int32)], CommandType='"Text"', CommandTimeout='30']
SELECT n."Id", n."Title", n."Message", CASE n."Type"
    WHEN 1 THEN 'BookingCreated'
    WHEN 2 THEN 'BookingCancelled'
    WHEN 3 THEN 'CheckInCompleted'
    WHEN 4 THEN 'CheckOutCompleted'
    WHEN 5 THEN 'PaymentCompleted'
    WHEN 6 THEN 'HousekeepingUpdated'
    WHEN 7 THEN 'MaintenanceAlert'
    ELSE n."Type"::text
END, n."IsRead", n."CreatedAt"
FROM "Notifications" AS n
WHERE n."UserId" = @__userId_0
ORDER BY n."CreatedAt" DESC
LIMIT @__p_2 OFFSET @__p_1
2026-04-22 01:30:30.761 +02:00 [INF] Executing OkObjectResult, writing value of type 'HotelBooking.API.Common.ApiResponse'.
2026-04-22 01:30:30.763 +02:00 [INF] Executed action HotelBooking.API.Controllers.BookingsController.GetBookings (HotelBooking.API) in 24.2206ms
2026-04-22 01:30:30.765 +02:00 [INF] Executing OkObjectResult, writing value of type 'HotelBooking.API.Common.ApiResponse'.
2026-04-22 01:30:30.767 +02:00 [INF] Executed action HotelBooking.API.Controllers.InvoicesController.GetInvoice (HotelBooking.API) in 23.4796ms
2026-04-22 01:30:30.768 +02:00 [INF] Executed endpoint 'HotelBooking.API.Controllers.BookingsController.GetBookings (HotelBooking.API)'
2026-04-22 01:30:30.770 +02:00 [INF] Executed action HotelBooking.API.Controllers.NotificationsController.GetNotifications (HotelBooking.API) in 29.0344ms
2026-04-22 01:30:30.772 +02:00 [INF] Executed endpoint 'HotelBooking.API.Controllers.InvoicesController.GetInvoice (HotelBooking.API)'
2026-04-22 01:30:30.773 +02:00 [INF] HTTP GET /api/bookings responded 200 in 50.5990 ms
2026-04-22 01:30:30.775 +02:00 [INF] Executed endpoint 'HotelBooking.API.Controllers.NotificationsController.GetNotifications (HotelBooking.API)'
2026-04-22 01:30:30.776 +02:00 [INF] HTTP GET /api/invoices/40000000-0000-0000-0000-000000000004 responded 200 in 47.2941 ms
2026-04-22 01:30:30.778 +02:00 [INF] Request finished HTTP/1.1 GET http://localhost:5259/api/bookings?page=1&pageSize=100 - 200 null application/json; charset=utf-8 66.7948ms
2026-04-22 01:30:30.779 +02:00 [INF] HTTP GET /api/notifications responded 200 in 53.8998 ms
2026-04-22 01:30:30.782 +02:00 [INF] Request finished HTTP/1.1 GET http://localhost:5259/api/invoices/40000000-0000-0000-0000-000000000004 - 200 null application/json; charset=utf-8 62.8545ms
2026-04-22 01:30:30.788 +02:00 [INF] Request finished HTTP/1.1 GET http://localhost:5259/api/notifications?pageNumber=1&pageSize=8 - 200 null application/json; charset=utf-8 72.9797ms
2026-04-22 01:30:48.227 +02:00 [INF] Request starting HTTP/1.1 OPTIONS http://localhost:5259/api/invoices/40000000-0000-0000-0000-000000000004/pdf - null null
2026-04-22 01:30:48.230 +02:00 [INF] CORS policy execution successful.
2026-04-22 01:30:48.231 +02:00 [INF] HTTP OPTIONS /api/invoices/40000000-0000-0000-0000-000000000004/pdf responded 204 in 0.9504 ms
2026-04-22 01:30:48.234 +02:00 [INF] Request finished HTTP/1.1 OPTIONS http://localhost:5259/api/invoices/40000000-0000-0000-0000-000000000004/pdf - 204 null null 6.3162ms
2026-04-22 01:30:48.237 +02:00 [INF] Request starting HTTP/1.1 GET http://localhost:5259/api/invoices/40000000-0000-0000-0000-000000000004/pdf - null null
2026-04-22 01:30:48.240 +02:00 [INF] CORS policy execution successful.
2026-04-22 01:30:48.241 +02:00 [INF] Executing endpoint 'HotelBooking.API.Controllers.InvoicesController.GetInvoicePdf (HotelBooking.API)'
2026-04-22 01:30:48.244 +02:00 [INF] Route matched with {action = "GetInvoicePdf", controller = "Invoices"}. Executing controller action with signature System.Threading.Tasks.Task`1[Microsoft.AspNetCore.Mvc.IActionResult] GetInvoicePdf(System.Guid, System.Threading.CancellationToken) on controller HotelBooking.API.Controllers.InvoicesController (HotelBooking.API).
2026-04-22 01:30:48.250 +02:00 [INF] Executed DbCommand (1ms) [Parameters=[@__bookingId_0='?' (DbType = Guid)], CommandType='"Text"', CommandTimeout='30']
SELECT s."Id", s."ActualCheckIn", s."ActualCheckOut", s."BookingCode", s."CheckInDate", s."CheckOutDate", s."CreatedAt", s."GuestCount", s."PaymentMethod", s."RoomId", s."SpecialRequests", s."Status", s."TotalAmount", s."UpdatedAt", s."UserId", s."Id0", s."CreatedAt0", s."Email", s."FullName", s."IsActive", s."PasswordHash", s."RoleId", s."UpdatedAt0", s."Id1", s."Amenities", s."BedCount", s."CreatedAt1", s."FloorNumber", s."PricePerNight", s."RoomNumber", s."Status0", s."Type", s."UpdatedAt1", s."Id2", r0."Id", r0."Amount", r0."BookingId", r0."CreatedAt", r0."Description", r0."UpdatedAt", s."BookingId", s."CreatedAt2", s."InvoiceNumber", s."IssuedAt", s."Subtotal", s."TaxAmount", s."TaxRate", s."TotalAmount0", s."UpdatedAt2"
FROM (
    SELECT b."Id", b."ActualCheckIn", b."ActualCheckOut", b."BookingCode", b."CheckInDate", b."CheckOutDate", b."CreatedAt", b."GuestCount", b."PaymentMethod", b."RoomId", b."SpecialRequests", b."Status", b."TotalAmount", b."UpdatedAt", b."UserId", u."Id" AS "Id0", u."CreatedAt" AS "CreatedAt0", u."Email", u."FullName", u."IsActive", u."PasswordHash", u."RoleId", u."UpdatedAt" AS "UpdatedAt0", r."Id" AS "Id1", r."Amenities", r."BedCount", r."CreatedAt" AS "CreatedAt1", r."FloorNumber", r."PricePerNight", r."RoomNumber", r."Status" AS "Status0", r."Type", r."UpdatedAt" AS "UpdatedAt1", i."Id" AS "Id2", i."BookingId", i."CreatedAt" AS "CreatedAt2", i."InvoiceNumber", i."IssuedAt", i."Subtotal", i."TaxAmount", i."TaxRate", i."TotalAmount" AS "TotalAmount0", i."UpdatedAt" AS "UpdatedAt2"
    FROM "Bookings" AS b
    INNER JOIN "Users" AS u ON b."UserId" = u."Id"
    INNER JOIN "Rooms" AS r ON b."RoomId" = r."Id"
    LEFT JOIN "Invoices" AS i ON b."Id" = i."BookingId"
    WHERE b."Id" = @__bookingId_0
    LIMIT 1
) AS s
LEFT JOIN "RoomCharges" AS r0 ON s."Id" = r0."BookingId"
ORDER BY s."Id", s."Id0", s."Id1", s."Id2"
2026-04-22 01:30:48.254 +02:00 [INF] Executed DbCommand (1ms) [Parameters=[@__booking_Invoice_Id_0='?' (DbType = Guid)], CommandType='"Text"', CommandTimeout='30']
SELECT s."Id", s."BookingId", s."CreatedAt", s."InvoiceNumber", s."IssuedAt", s."Subtotal", s."TaxAmount", s."TaxRate", s."TotalAmount", s."UpdatedAt", s."Id0", s."ActualCheckIn", s."ActualCheckOut", s."BookingCode", s."CheckInDate", s."CheckOutDate", s."CreatedAt0", s."GuestCount", s."PaymentMethod", s."RoomId", s."SpecialRequests", s."Status", s."TotalAmount0", s."UpdatedAt0", s."UserId", s."Id1", s."CreatedAt1", s."Email", s."FullName", s."IsActive", s."PasswordHash", s."RoleId", s."UpdatedAt1", s."Id2", s."Amenities", s."BedCount", s."CreatedAt2", s."FloorNumber", s."PricePerNight", s."RoomNumber", s."Status0", s."Type", s."UpdatedAt2", r0."Id", r0."Amount", r0."BookingId", r0."CreatedAt", r0."Description", r0."UpdatedAt"
FROM (
    SELECT i."Id", i."BookingId", i."CreatedAt", i."InvoiceNumber", i."IssuedAt", i."Subtotal", i."TaxAmount", i."TaxRate", i."TotalAmount", i."UpdatedAt", b."Id" AS "Id0", b."ActualCheckIn", b."ActualCheckOut", b."BookingCode", b."CheckInDate", b."CheckOutDate", b."CreatedAt" AS "CreatedAt0", b."GuestCount", b."PaymentMethod", b."RoomId", b."SpecialRequests", b."Status", b."TotalAmount" AS "TotalAmount0", b."UpdatedAt" AS "UpdatedAt0", b."UserId", u."Id" AS "Id1", u."CreatedAt" AS "CreatedAt1", u."Email", u."FullName", u."IsActive", u."PasswordHash", u."RoleId", u."UpdatedAt" AS "UpdatedAt1", r."Id" AS "Id2", r."Amenities", r."BedCount", r."CreatedAt" AS "CreatedAt2", r."FloorNumber", r."PricePerNight", r."RoomNumber", r."Status" AS "Status0", r."Type", r."UpdatedAt" AS "UpdatedAt2"
    FROM "Invoices" AS i
    INNER JOIN "Bookings" AS b ON i."BookingId" = b."Id"
    INNER JOIN "Users" AS u ON b."UserId" = u."Id"
    INNER JOIN "Rooms" AS r ON b."RoomId" = r."Id"
    WHERE i."Id" = @__booking_Invoice_Id_0
    LIMIT 1
) AS s
LEFT JOIN "RoomCharges" AS r0 ON s."Id0" = r0."BookingId"
ORDER BY s."Id", s."Id0", s."Id1", s."Id2"
2026-04-22 01:30:48.259 +02:00 [INF] Executed DbCommand (1ms) [Parameters=[@__bookingId_0='?' (DbType = Guid)], CommandType='"Text"', CommandTimeout='30']
SELECT s."Id", s."ActualCheckIn", s."ActualCheckOut", s."BookingCode", s."CheckInDate", s."CheckOutDate", s."CreatedAt", s."GuestCount", s."PaymentMethod", s."RoomId", s."SpecialRequests", s."Status", s."TotalAmount", s."UpdatedAt", s."UserId", s."Id0", s."CreatedAt0", s."Email", s."FullName", s."IsActive", s."PasswordHash", s."RoleId", s."UpdatedAt0", s."Id1", s."Amenities", s."BedCount", s."CreatedAt1", s."FloorNumber", s."PricePerNight", s."RoomNumber", s."Status0", s."Type", s."UpdatedAt1", s."Id2", r0."Id", r0."Amount", r0."BookingId", r0."CreatedAt", r0."Description", r0."UpdatedAt", s."BookingId", s."CreatedAt2", s."InvoiceNumber", s."IssuedAt", s."Subtotal", s."TaxAmount", s."TaxRate", s."TotalAmount0", s."UpdatedAt2"
FROM (
    SELECT b."Id", b."ActualCheckIn", b."ActualCheckOut", b."BookingCode", b."CheckInDate", b."CheckOutDate", b."CreatedAt", b."GuestCount", b."PaymentMethod", b."RoomId", b."SpecialRequests", b."Status", b."TotalAmount", b."UpdatedAt", b."UserId", u."Id" AS "Id0", u."CreatedAt" AS "CreatedAt0", u."Email", u."FullName", u."IsActive", u."PasswordHash", u."RoleId", u."UpdatedAt" AS "UpdatedAt0", r."Id" AS "Id1", r."Amenities", r."BedCount", r."CreatedAt" AS "CreatedAt1", r."FloorNumber", r."PricePerNight", r."RoomNumber", r."Status" AS "Status0", r."Type", r."UpdatedAt" AS "UpdatedAt1", i."Id" AS "Id2", i."BookingId", i."CreatedAt" AS "CreatedAt2", i."InvoiceNumber", i."IssuedAt", i."Subtotal", i."TaxAmount", i."TaxRate", i."TotalAmount" AS "TotalAmount0", i."UpdatedAt" AS "UpdatedAt2"
    FROM "Bookings" AS b
    INNER JOIN "Users" AS u ON b."UserId" = u."Id"
    INNER JOIN "Rooms" AS r ON b."RoomId" = r."Id"
    LEFT JOIN "Invoices" AS i ON b."Id" = i."BookingId"
    WHERE b."Id" = @__bookingId_0
    LIMIT 1
) AS s
LEFT JOIN "RoomCharges" AS r0 ON s."Id" = r0."BookingId"
ORDER BY s."Id", s."Id0", s."Id1", s."Id2"
2026-04-22 01:30:48.263 +02:00 [INF] Executed DbCommand (1ms) [Parameters=[@__booking_Invoice_Id_0='?' (DbType = Guid)], CommandType='"Text"', CommandTimeout='30']
SELECT s."Id", s."BookingId", s."CreatedAt", s."InvoiceNumber", s."IssuedAt", s."Subtotal", s."TaxAmount", s."TaxRate", s."TotalAmount", s."UpdatedAt", s."Id0", s."ActualCheckIn", s."ActualCheckOut", s."BookingCode", s."CheckInDate", s."CheckOutDate", s."CreatedAt0", s."GuestCount", s."PaymentMethod", s."RoomId", s."SpecialRequests", s."Status", s."TotalAmount0", s."UpdatedAt0", s."UserId", s."Id1", s."CreatedAt1", s."Email", s."FullName", s."IsActive", s."PasswordHash", s."RoleId", s."UpdatedAt1", s."Id2", s."Amenities", s."BedCount", s."CreatedAt2", s."FloorNumber", s."PricePerNight", s."RoomNumber", s."Status0", s."Type", s."UpdatedAt2", r0."Id", r0."Amount", r0."BookingId", r0."CreatedAt", r0."Description", r0."UpdatedAt"
FROM (
    SELECT i."Id", i."BookingId", i."CreatedAt", i."InvoiceNumber", i."IssuedAt", i."Subtotal", i."TaxAmount", i."TaxRate", i."TotalAmount", i."UpdatedAt", b."Id" AS "Id0", b."ActualCheckIn", b."ActualCheckOut", b."BookingCode", b."CheckInDate", b."CheckOutDate", b."CreatedAt" AS "CreatedAt0", b."GuestCount", b."PaymentMethod", b."RoomId", b."SpecialRequests", b."Status", b."TotalAmount" AS "TotalAmount0", b."UpdatedAt" AS "UpdatedAt0", b."UserId", u."Id" AS "Id1", u."CreatedAt" AS "CreatedAt1", u."Email", u."FullName", u."IsActive", u."PasswordHash", u."RoleId", u."UpdatedAt" AS "UpdatedAt1", r."Id" AS "Id2", r."Amenities", r."BedCount", r."CreatedAt" AS "CreatedAt2", r."FloorNumber", r."PricePerNight", r."RoomNumber", r."Status" AS "Status0", r."Type", r."UpdatedAt" AS "UpdatedAt2"
    FROM "Invoices" AS i
    INNER JOIN "Bookings" AS b ON i."BookingId" = b."Id"
    INNER JOIN "Users" AS u ON b."UserId" = u."Id"
    INNER JOIN "Rooms" AS r ON b."RoomId" = r."Id"
    WHERE i."Id" = @__booking_Invoice_Id_0
    LIMIT 1
) AS s
LEFT JOIN "RoomCharges" AS r0 ON s."Id0" = r0."BookingId"
ORDER BY s."Id", s."Id0", s."Id1", s."Id2"
2026-04-22 01:30:48.461 +02:00 [INF] Executed action HotelBooking.API.Controllers.InvoicesController.GetInvoicePdf (HotelBooking.API) in 214.7143ms
2026-04-22 01:30:48.463 +02:00 [INF] Executed endpoint 'HotelBooking.API.Controllers.InvoicesController.GetInvoicePdf (HotelBooking.API)'
2026-04-22 01:30:48.465 +02:00 [ERR] Unhandled exception. TraceId=0HNKVVN6SAFP0:00000008 StatusCode=500 Method=GET Path=/api/invoices/40000000-0000-0000-0000-000000000004/pdf
System.Exception: 



Welcome to QuestPDF! 👋 

QuestPDF is an open-source library committed to long-term sustainability and continuous improvement. 

To maintain high-quality development and support while keeping the library free for most users, we use a fair pricing model where only larger organizations help by providing necessary funding for the project. 

If your organization’s annual gross revenue exceeds $1M USD, a Commercial License is required for production use (you can freely evaluate and test QuestPDF in non-production environments at no cost). In that case, please share this information with your team or management. By purchasing a license, you directly contribute to the ongoing development and reliability of QuestPDF. 

For details on the license types and determining which applies to you, please visit: https://www.questpdf.com/license/ 

We trust our users. To continue, no license key is needed. Instead, simply select and configure the appropriate license in your code. For example, if you qualify for the Community license, add: 

> QuestPDF.Settings.License = LicenseType.Community; 

Thank you for supporting QuestPDF! ❤️ By choosing the right license, you help ensure that our project remains transparent, sustainable, and continuously improving for everyone. 🚀 




   at QuestPDF.Drawing.DocumentGenerator.ValidateLicense()
   at QuestPDF.Drawing.DocumentGenerator.GeneratePdf(SkWriteStream stream, IDocument document)
   at QuestPDF.Fluent.GenerateExtensions.GeneratePdf(IDocument document)
   at HotelBooking.Infrastructure.Services.InvoicePdfService.GeneratePdf(InvoiceResponse invoice) in C:\Users\Flori\Desktop\HBS\backend\src\HotelBooking.Infrastructure\Services\InvoicePdfService.cs:line 13
   at HotelBooking.Application.Features.Payments.InvoiceService.GetPdfByBookingIdAsync(Guid bookingId, CancellationToken cancellationToken) in C:\Users\Flori\Desktop\HBS\backend\src\HotelBooking.Application\Features\Payments\InvoiceService.cs:line 26
   at HotelBooking.API.Controllers.InvoicesController.GetInvoicePdf(Guid bookingId, CancellationToken ct) in C:\Users\Flori\Desktop\HBS\backend\src\HotelBooking.API\Controllers\InvoicesController.cs:line 21
   at Microsoft.AspNetCore.Mvc.Infrastructure.ActionMethodExecutor.TaskOfIActionResultExecutor.Execute(ActionContext actionContext, IActionResultTypeMapper mapper, ObjectMethodExecutor executor, Object controller, Object[] arguments)
   at Microsoft.AspNetCore.Mvc.Infrastructure.ControllerActionInvoker.<InvokeActionMethodAsync>g__Awaited|12_0(ControllerActionInvoker invoker, ValueTask`1 actionResultValueTask)
   at Microsoft.AspNetCore.Mvc.Infrastructure.ControllerActionInvoker.<InvokeNextActionFilterAsync>g__Awaited|10_0(ControllerActionInvoker invoker, Task lastTask, State next, Scope scope, Object state, Boolean isCompleted)
   at Microsoft.AspNetCore.Mvc.Infrastructure.ControllerActionInvoker.Rethrow(ActionExecutedContextSealed context)
   at Microsoft.AspNetCore.Mvc.Infrastructure.ControllerActionInvoker.Next(State& next, Scope& scope, Object& state, Boolean& isCompleted)
   at Microsoft.AspNetCore.Mvc.Infrastructure.ControllerActionInvoker.<InvokeInnerFilterAsync>g__Awaited|13_0(ControllerActionInvoker invoker, Task lastTask, State next, Scope scope, Object state, Boolean isCompleted)
   at Microsoft.AspNetCore.Mvc.Infrastructure.ResourceInvoker.<InvokeFilterPipelineAsync>g__Awaited|20_0(ResourceInvoker invoker, Task lastTask, State next, Scope scope, Object state, Boolean isCompleted)
   at Microsoft.AspNetCore.Mvc.Infrastructure.ResourceInvoker.<InvokeAsync>g__Logged|17_1(ResourceInvoker invoker)
   at Microsoft.AspNetCore.Mvc.Infrastructure.ResourceInvoker.<InvokeAsync>g__Logged|17_1(ResourceInvoker invoker)
   at Microsoft.AspNetCore.Routing.EndpointMiddleware.<Invoke>g__AwaitRequestTask|7_0(Endpoint endpoint, Task requestTask, ILogger logger)
   at Microsoft.AspNetCore.Authorization.AuthorizationMiddleware.Invoke(HttpContext context)
   at Microsoft.AspNetCore.Authentication.AuthenticationMiddleware.Invoke(HttpContext context)
   at HotelBooking.API.Middleware.ExceptionHandlingMiddleware.Invoke(HttpContext context) in C:\Users\Flori\Desktop\HBS\backend\src\HotelBooking.API\Middleware\ExceptionHandlingMiddleware.cs:line 17
2026-04-22 01:30:48.487 +02:00 [ERR] HTTP GET /api/invoices/40000000-0000-0000-0000-000000000004/pdf responded 500 in 247.7681 ms
2026-04-22 01:30:48.490 +02:00 [INF] Request finished HTTP/1.1 GET http://localhost:5259/api/invoices/40000000-0000-0000-0000-000000000004/pdf - 500 null application/json 253.0372ms
2026-04-22 01:30:52.872 +02:00 [INF] Request starting HTTP/1.1 OPTIONS http://localhost:5259/api/invoices/40000000-0000-0000-0000-000000000004/pdf - null null
2026-04-22 01:30:52.875 +02:00 [INF] CORS policy execution successful.
2026-04-22 01:30:52.876 +02:00 [INF] HTTP OPTIONS /api/invoices/40000000-0000-0000-0000-000000000004/pdf responded 204 in 1.4205 ms
2026-04-22 01:30:52.879 +02:00 [INF] Request finished HTTP/1.1 OPTIONS http://localhost:5259/api/invoices/40000000-0000-0000-0000-000000000004/pdf - 204 null null 6.5745ms
2026-04-22 01:30:52.882 +02:00 [INF] Request starting HTTP/1.1 GET http://localhost:5259/api/invoices/40000000-0000-0000-0000-000000000004/pdf - null null
2026-04-22 01:30:52.886 +02:00 [INF] CORS policy execution successful.
2026-04-22 01:30:52.887 +02:00 [INF] Executing endpoint 'HotelBooking.API.Controllers.InvoicesController.GetInvoicePdf (HotelBooking.API)'
2026-04-22 01:30:52.888 +02:00 [INF] Route matched with {action = "GetInvoicePdf", controller = "Invoices"}. Executing controller action with signature System.Threading.Tasks.Task`1[Microsoft.AspNetCore.Mvc.IActionResult] GetInvoicePdf(System.Guid, System.Threading.CancellationToken) on controller HotelBooking.API.Controllers.InvoicesController (HotelBooking.API).
2026-04-22 01:30:52.893 +02:00 [INF] Executed DbCommand (1ms) [Parameters=[@__bookingId_0='?' (DbType = Guid)], CommandType='"Text"', CommandTimeout='30']
SELECT s."Id", s."ActualCheckIn", s."ActualCheckOut", s."BookingCode", s."CheckInDate", s."CheckOutDate", s."CreatedAt", s."GuestCount", s."PaymentMethod", s."RoomId", s."SpecialRequests", s."Status", s."TotalAmount", s."UpdatedAt", s."UserId", s."Id0", s."CreatedAt0", s."Email", s."FullName", s."IsActive", s."PasswordHash", s."RoleId", s."UpdatedAt0", s."Id1", s."Amenities", s."BedCount", s."CreatedAt1", s."FloorNumber", s."PricePerNight", s."RoomNumber", s."Status0", s."Type", s."UpdatedAt1", s."Id2", r0."Id", r0."Amount", r0."BookingId", r0."CreatedAt", r0."Description", r0."UpdatedAt", s."BookingId", s."CreatedAt2", s."InvoiceNumber", s."IssuedAt", s."Subtotal", s."TaxAmount", s."TaxRate", s."TotalAmount0", s."UpdatedAt2"
FROM (
    SELECT b."Id", b."ActualCheckIn", b."ActualCheckOut", b."BookingCode", b."CheckInDate", b."CheckOutDate", b."CreatedAt", b."GuestCount", b."PaymentMethod", b."RoomId", b."SpecialRequests", b."Status", b."TotalAmount", b."UpdatedAt", b."UserId", u."Id" AS "Id0", u."CreatedAt" AS "CreatedAt0", u."Email", u."FullName", u."IsActive", u."PasswordHash", u."RoleId", u."UpdatedAt" AS "UpdatedAt0", r."Id" AS "Id1", r."Amenities", r."BedCount", r."CreatedAt" AS "CreatedAt1", r."FloorNumber", r."PricePerNight", r."RoomNumber", r."Status" AS "Status0", r."Type", r."UpdatedAt" AS "UpdatedAt1", i."Id" AS "Id2", i."BookingId", i."CreatedAt" AS "CreatedAt2", i."InvoiceNumber", i."IssuedAt", i."Subtotal", i."TaxAmount", i."TaxRate", i."TotalAmount" AS "TotalAmount0", i."UpdatedAt" AS "UpdatedAt2"
    FROM "Bookings" AS b
    INNER JOIN "Users" AS u ON b."UserId" = u."Id"
    INNER JOIN "Rooms" AS r ON b."RoomId" = r."Id"
    LEFT JOIN "Invoices" AS i ON b."Id" = i."BookingId"
    WHERE b."Id" = @__bookingId_0
    LIMIT 1
) AS s
LEFT JOIN "RoomCharges" AS r0 ON s."Id" = r0."BookingId"
ORDER BY s."Id", s."Id0", s."Id1", s."Id2"
2026-04-22 01:30:52.899 +02:00 [INF] Executed DbCommand (1ms) [Parameters=[@__booking_Invoice_Id_0='?' (DbType = Guid)], CommandType='"Text"', CommandTimeout='30']
SELECT s."Id", s."BookingId", s."CreatedAt", s."InvoiceNumber", s."IssuedAt", s."Subtotal", s."TaxAmount", s."TaxRate", s."TotalAmount", s."UpdatedAt", s."Id0", s."ActualCheckIn", s."ActualCheckOut", s."BookingCode", s."CheckInDate", s."CheckOutDate", s."CreatedAt0", s."GuestCount", s."PaymentMethod", s."RoomId", s."SpecialRequests", s."Status", s."TotalAmount0", s."UpdatedAt0", s."UserId", s."Id1", s."CreatedAt1", s."Email", s."FullName", s."IsActive", s."PasswordHash", s."RoleId", s."UpdatedAt1", s."Id2", s."Amenities", s."BedCount", s."CreatedAt2", s."FloorNumber", s."PricePerNight", s."RoomNumber", s."Status0", s."Type", s."UpdatedAt2", r0."Id", r0."Amount", r0."BookingId", r0."CreatedAt", r0."Description", r0."UpdatedAt"
FROM (
    SELECT i."Id", i."BookingId", i."CreatedAt", i."InvoiceNumber", i."IssuedAt", i."Subtotal", i."TaxAmount", i."TaxRate", i."TotalAmount", i."UpdatedAt", b."Id" AS "Id0", b."ActualCheckIn", b."ActualCheckOut", b."BookingCode", b."CheckInDate", b."CheckOutDate", b."CreatedAt" AS "CreatedAt0", b."GuestCount", b."PaymentMethod", b."RoomId", b."SpecialRequests", b."Status", b."TotalAmount" AS "TotalAmount0", b."UpdatedAt" AS "UpdatedAt0", b."UserId", u."Id" AS "Id1", u."CreatedAt" AS "CreatedAt1", u."Email", u."FullName", u."IsActive", u."PasswordHash", u."RoleId", u."UpdatedAt" AS "UpdatedAt1", r."Id" AS "Id2", r."Amenities", r."BedCount", r."CreatedAt" AS "CreatedAt2", r."FloorNumber", r."PricePerNight", r."RoomNumber", r."Status" AS "Status0", r."Type", r."UpdatedAt" AS "UpdatedAt2"
    FROM "Invoices" AS i
    INNER JOIN "Bookings" AS b ON i."BookingId" = b."Id"
    INNER JOIN "Users" AS u ON b."UserId" = u."Id"
    INNER JOIN "Rooms" AS r ON b."RoomId" = r."Id"
    WHERE i."Id" = @__booking_Invoice_Id_0
    LIMIT 1
) AS s
LEFT JOIN "RoomCharges" AS r0 ON s."Id0" = r0."BookingId"
ORDER BY s."Id", s."Id0", s."Id1", s."Id2"
2026-04-22 01:30:52.905 +02:00 [INF] Executed DbCommand (1ms) [Parameters=[@__bookingId_0='?' (DbType = Guid)], CommandType='"Text"', CommandTimeout='30']
SELECT s."Id", s."ActualCheckIn", s."ActualCheckOut", s."BookingCode", s."CheckInDate", s."CheckOutDate", s."CreatedAt", s."GuestCount", s."PaymentMethod", s."RoomId", s."SpecialRequests", s."Status", s."TotalAmount", s."UpdatedAt", s."UserId", s."Id0", s."CreatedAt0", s."Email", s."FullName", s."IsActive", s."PasswordHash", s."RoleId", s."UpdatedAt0", s."Id1", s."Amenities", s."BedCount", s."CreatedAt1", s."FloorNumber", s."PricePerNight", s."RoomNumber", s."Status0", s."Type", s."UpdatedAt1", s."Id2", r0."Id", r0."Amount", r0."BookingId", r0."CreatedAt", r0."Description", r0."UpdatedAt", s."BookingId", s."CreatedAt2", s."InvoiceNumber", s."IssuedAt", s."Subtotal", s."TaxAmount", s."TaxRate", s."TotalAmount0", s."UpdatedAt2"
FROM (
    SELECT b."Id", b."ActualCheckIn", b."ActualCheckOut", b."BookingCode", b."CheckInDate", b."CheckOutDate", b."CreatedAt", b."GuestCount", b."PaymentMethod", b."RoomId", b."SpecialRequests", b."Status", b."TotalAmount", b."UpdatedAt", b."UserId", u."Id" AS "Id0", u."CreatedAt" AS "CreatedAt0", u."Email", u."FullName", u."IsActive", u."PasswordHash", u."RoleId", u."UpdatedAt" AS "UpdatedAt0", r."Id" AS "Id1", r."Amenities", r."BedCount", r."CreatedAt" AS "CreatedAt1", r."FloorNumber", r."PricePerNight", r."RoomNumber", r."Status" AS "Status0", r."Type", r."UpdatedAt" AS "UpdatedAt1", i."Id" AS "Id2", i."BookingId", i."CreatedAt" AS "CreatedAt2", i."InvoiceNumber", i."IssuedAt", i."Subtotal", i."TaxAmount", i."TaxRate", i."TotalAmount" AS "TotalAmount0", i."UpdatedAt" AS "UpdatedAt2"
    FROM "Bookings" AS b
    INNER JOIN "Users" AS u ON b."UserId" = u."Id"
    INNER JOIN "Rooms" AS r ON b."RoomId" = r."Id"
    LEFT JOIN "Invoices" AS i ON b."Id" = i."BookingId"
    WHERE b."Id" = @__bookingId_0
    LIMIT 1
) AS s
LEFT JOIN "RoomCharges" AS r0 ON s."Id" = r0."BookingId"
ORDER BY s."Id", s."Id0", s."Id1", s."Id2"
2026-04-22 01:30:52.911 +02:00 [INF] Executed DbCommand (2ms) [Parameters=[@__booking_Invoice_Id_0='?' (DbType = Guid)], CommandType='"Text"', CommandTimeout='30']
SELECT s."Id", s."BookingId", s."CreatedAt", s."InvoiceNumber", s."IssuedAt", s."Subtotal", s."TaxAmount", s."TaxRate", s."TotalAmount", s."UpdatedAt", s."Id0", s."ActualCheckIn", s."ActualCheckOut", s."BookingCode", s."CheckInDate", s."CheckOutDate", s."CreatedAt0", s."GuestCount", s."PaymentMethod", s."RoomId", s."SpecialRequests", s."Status", s."TotalAmount0", s."UpdatedAt0", s."UserId", s."Id1", s."CreatedAt1", s."Email", s."FullName", s."IsActive", s."PasswordHash", s."RoleId", s."UpdatedAt1", s."Id2", s."Amenities", s."BedCount", s."CreatedAt2", s."FloorNumber", s."PricePerNight", s."RoomNumber", s."Status0", s."Type", s."UpdatedAt2", r0."Id", r0."Amount", r0."BookingId", r0."CreatedAt", r0."Description", r0."UpdatedAt"
FROM (
    SELECT i."Id", i."BookingId", i."CreatedAt", i."InvoiceNumber", i."IssuedAt", i."Subtotal", i."TaxAmount", i."TaxRate", i."TotalAmount", i."UpdatedAt", b."Id" AS "Id0", b."ActualCheckIn", b."ActualCheckOut", b."BookingCode", b."CheckInDate", b."CheckOutDate", b."CreatedAt" AS "CreatedAt0", b."GuestCount", b."PaymentMethod", b."RoomId", b."SpecialRequests", b."Status", b."TotalAmount" AS "TotalAmount0", b."UpdatedAt" AS "UpdatedAt0", b."UserId", u."Id" AS "Id1", u."CreatedAt" AS "CreatedAt1", u."Email", u."FullName", u."IsActive", u."PasswordHash", u."RoleId", u."UpdatedAt" AS "UpdatedAt1", r."Id" AS "Id2", r."Amenities", r."BedCount", r."CreatedAt" AS "CreatedAt2", r."FloorNumber", r."PricePerNight", r."RoomNumber", r."Status" AS "Status0", r."Type", r."UpdatedAt" AS "UpdatedAt2"
    FROM "Invoices" AS i
    INNER JOIN "Bookings" AS b ON i."BookingId" = b."Id"
    INNER JOIN "Users" AS u ON b."UserId" = u."Id"
    INNER JOIN "Rooms" AS r ON b."RoomId" = r."Id"
    WHERE i."Id" = @__booking_Invoice_Id_0
    LIMIT 1
) AS s
LEFT JOIN "RoomCharges" AS r0 ON s."Id0" = r0."BookingId"
ORDER BY s."Id", s."Id0", s."Id1", s."Id2"
2026-04-22 01:30:52.915 +02:00 [INF] Executed action HotelBooking.API.Controllers.InvoicesController.GetInvoicePdf (HotelBooking.API) in 24.3122ms
2026-04-22 01:30:52.917 +02:00 [INF] Executed endpoint 'HotelBooking.API.Controllers.InvoicesController.GetInvoicePdf (HotelBooking.API)'
2026-04-22 01:30:52.919 +02:00 [ERR] Unhandled exception. TraceId=0HNKVVN6SAFP0:0000000A StatusCode=500 Method=GET Path=/api/invoices/40000000-0000-0000-0000-000000000004/pdf
System.Exception: 



Welcome to QuestPDF! 👋 

QuestPDF is an open-source library committed to long-term sustainability and continuous improvement. 

To maintain high-quality development and support while keeping the library free for most users, we use a fair pricing model where only larger organizations help by providing necessary funding for the project. 

If your organization’s annual gross revenue exceeds $1M USD, a Commercial License is required for production use (you can freely evaluate and test QuestPDF in non-production environments at no cost). In that case, please share this information with your team or management. By purchasing a license, you directly contribute to the ongoing development and reliability of QuestPDF. 

For details on the license types and determining which applies to you, please visit: https://www.questpdf.com/license/ 

We trust our users. To continue, no license key is needed. Instead, simply select and configure the appropriate license in your code. For example, if you qualify for the Community license, add: 

> QuestPDF.Settings.License = LicenseType.Community; 

Thank you for supporting QuestPDF! ❤️ By choosing the right license, you help ensure that our project remains transparent, sustainable, and continuously improving for everyone. 🚀 




   at QuestPDF.Drawing.DocumentGenerator.ValidateLicense()
   at QuestPDF.Drawing.DocumentGenerator.GeneratePdf(SkWriteStream stream, IDocument document)
   at QuestPDF.Fluent.GenerateExtensions.GeneratePdf(IDocument document)
   at HotelBooking.Infrastructure.Services.InvoicePdfService.GeneratePdf(InvoiceResponse invoice) in C:\Users\Flori\Desktop\HBS\backend\src\HotelBooking.Infrastructure\Services\InvoicePdfService.cs:line 13
   at HotelBooking.Application.Features.Payments.InvoiceService.GetPdfByBookingIdAsync(Guid bookingId, CancellationToken cancellationToken) in C:\Users\Flori\Desktop\HBS\backend\src\HotelBooking.Application\Features\Payments\InvoiceService.cs:line 26
   at HotelBooking.API.Controllers.InvoicesController.GetInvoicePdf(Guid bookingId, CancellationToken ct) in C:\Users\Flori\Desktop\HBS\backend\src\HotelBooking.API\Controllers\InvoicesController.cs:line 21
   at Microsoft.AspNetCore.Mvc.Infrastructure.ActionMethodExecutor.TaskOfIActionResultExecutor.Execute(ActionContext actionContext, IActionResultTypeMapper mapper, ObjectMethodExecutor executor, Object controller, Object[] arguments)
   at Microsoft.AspNetCore.Mvc.Infrastructure.ControllerActionInvoker.<InvokeActionMethodAsync>g__Awaited|12_0(ControllerActionInvoker invoker, ValueTask`1 actionResultValueTask)
   at Microsoft.AspNetCore.Mvc.Infrastructure.ControllerActionInvoker.<InvokeNextActionFilterAsync>g__Awaited|10_0(ControllerActionInvoker invoker, Task lastTask, State next, Scope scope, Object state, Boolean isCompleted)
   at Microsoft.AspNetCore.Mvc.Infrastructure.ControllerActionInvoker.Rethrow(ActionExecutedContextSealed context)
   at Microsoft.AspNetCore.Mvc.Infrastructure.ControllerActionInvoker.Next(State& next, Scope& scope, Object& state, Boolean& isCompleted)
   at Microsoft.AspNetCore.Mvc.Infrastructure.ControllerActionInvoker.<InvokeInnerFilterAsync>g__Awaited|13_0(ControllerActionInvoker invoker, Task lastTask, State next, Scope scope, Object state, Boolean isCompleted)
   at Microsoft.AspNetCore.Mvc.Infrastructure.ResourceInvoker.<InvokeFilterPipelineAsync>g__Awaited|20_0(ResourceInvoker invoker, Task lastTask, State next, Scope scope, Object state, Boolean isCompleted)
   at Microsoft.AspNetCore.Mvc.Infrastructure.ResourceInvoker.<InvokeAsync>g__Logged|17_1(ResourceInvoker invoker)
   at Microsoft.AspNetCore.Mvc.Infrastructure.ResourceInvoker.<InvokeAsync>g__Logged|17_1(ResourceInvoker invoker)
   at Microsoft.AspNetCore.Routing.EndpointMiddleware.<Invoke>g__AwaitRequestTask|7_0(Endpoint endpoint, Task requestTask, ILogger logger)
   at Microsoft.AspNetCore.Authorization.AuthorizationMiddleware.Invoke(HttpContext context)
   at Microsoft.AspNetCore.Authentication.AuthenticationMiddleware.Invoke(HttpContext context)
   at HotelBooking.API.Middleware.ExceptionHandlingMiddleware.Invoke(HttpContext context) in C:\Users\Flori\Desktop\HBS\backend\src\HotelBooking.API\Middleware\ExceptionHandlingMiddleware.cs:line 17
2026-04-22 01:30:52.930 +02:00 [ERR] HTTP GET /api/invoices/40000000-0000-0000-0000-000000000004/pdf responded 500 in 44.5879 ms
2026-04-22 01:30:52.933 +02:00 [INF] Request finished HTTP/1.1 GET http://localhost:5259/api/invoices/40000000-0000-0000-0000-000000000004/pdf - 500 null application/json 50.6185ms
2026-04-22 01:31:03.177 +02:00 [INF] Request starting HTTP/1.1 OPTIONS http://localhost:5259/api/auth/login - null null
2026-04-22 01:31:03.180 +02:00 [INF] CORS policy execution successful.
2026-04-22 01:31:03.181 +02:00 [INF] HTTP OPTIONS /api/auth/login responded 204 in 1.2178 ms
2026-04-22 01:31:03.184 +02:00 [INF] Request finished HTTP/1.1 OPTIONS http://localhost:5259/api/auth/login - 204 null null 7.0087ms
2026-04-22 01:31:03.188 +02:00 [INF] Request starting HTTP/1.1 POST http://localhost:5259/api/auth/login - application/json 59
2026-04-22 01:31:03.191 +02:00 [INF] CORS policy execution successful.
2026-04-22 01:31:03.192 +02:00 [INF] Executing endpoint 'HotelBooking.API.Controllers.AuthController.Login (HotelBooking.API)'
2026-04-22 01:31:03.193 +02:00 [INF] Route matched with {action = "Login", controller = "Auth"}. Executing controller action with signature System.Threading.Tasks.Task`1[Microsoft.AspNetCore.Mvc.ActionResult`1[HotelBooking.Application.Features.Auth.DTOs.AuthResponse]] Login(HotelBooking.Application.Features.Auth.DTOs.LoginRequest, System.Threading.CancellationToken) on controller HotelBooking.API.Controllers.AuthController (HotelBooking.API).
2026-04-22 01:31:03.197 +02:00 [INF] Executed DbCommand (1ms) [Parameters=[@__normalizedEmail_0='?'], CommandType='"Text"', CommandTimeout='30']
SELECT u."Id", u."CreatedAt", u."Email", u."FullName", u."IsActive", u."PasswordHash", u."RoleId", u."UpdatedAt", r."Id", r."CreatedAt", r."Name", r."UpdatedAt"
FROM "Users" AS u
INNER JOIN "Roles" AS r ON u."RoleId" = r."Id"
WHERE u."Email" = @__normalizedEmail_0
LIMIT 1
2026-04-22 01:31:03.460 +02:00 [INF] User logged in. UserId="30000000-0000-0000-0000-000000000001" Email=james.carter@example.com Role=Guest
2026-04-22 01:31:03.463 +02:00 [INF] Executing OkObjectResult, writing value of type 'HotelBooking.API.Common.ApiResponse'.
2026-04-22 01:31:03.465 +02:00 [INF] Executed action HotelBooking.API.Controllers.AuthController.Login (HotelBooking.API) in 269.9426ms
2026-04-22 01:31:03.466 +02:00 [INF] Executed endpoint 'HotelBooking.API.Controllers.AuthController.Login (HotelBooking.API)'
2026-04-22 01:31:03.468 +02:00 [INF] HTTP POST /api/auth/login responded 200 in 276.8831 ms
2026-04-22 01:31:03.469 +02:00 [INF] Request finished HTTP/1.1 POST http://localhost:5259/api/auth/login - 200 null application/json; charset=utf-8 281.535ms
2026-04-22 01:31:03.566 +02:00 [INF] Request starting HTTP/1.1 OPTIONS http://localhost:5259/api/rooms?page=1&pageSize=100 - null null
2026-04-22 01:31:03.567 +02:00 [INF] Request starting HTTP/1.1 OPTIONS http://localhost:5259/api/notifications?pageNumber=1&pageSize=6 - null null
2026-04-22 01:31:03.567 +02:00 [INF] Request starting HTTP/1.1 OPTIONS http://localhost:5259/api/bookings?page=1&pageSize=100 - null null
2026-04-22 01:31:03.570 +02:00 [INF] CORS policy execution successful.
2026-04-22 01:31:03.574 +02:00 [INF] CORS policy execution successful.
2026-04-22 01:31:03.577 +02:00 [INF] CORS policy execution successful.
2026-04-22 01:31:03.578 +02:00 [INF] HTTP OPTIONS /api/rooms responded 204 in 7.8840 ms
2026-04-22 01:31:03.580 +02:00 [INF] HTTP OPTIONS /api/notifications responded 204 in 6.0092 ms
2026-04-22 01:31:03.580 +02:00 [INF] HTTP OPTIONS /api/bookings responded 204 in 3.2655 ms
2026-04-22 01:31:03.583 +02:00 [INF] Request finished HTTP/1.1 OPTIONS http://localhost:5259/api/rooms?page=1&pageSize=100 - 204 null null 16.903ms
2026-04-22 01:31:03.585 +02:00 [INF] Request finished HTTP/1.1 OPTIONS http://localhost:5259/api/notifications?pageNumber=1&pageSize=6 - 204 null null 17.9164ms
2026-04-22 01:31:03.588 +02:00 [INF] Request finished HTTP/1.1 OPTIONS http://localhost:5259/api/bookings?page=1&pageSize=100 - 204 null null 20.4593ms
2026-04-22 01:31:03.592 +02:00 [INF] Request starting HTTP/1.1 GET http://localhost:5259/api/rooms?page=1&pageSize=100 - null null
2026-04-22 01:31:03.597 +02:00 [INF] Request starting HTTP/1.1 GET http://localhost:5259/api/notifications?pageNumber=1&pageSize=6 - null null
2026-04-22 01:31:03.601 +02:00 [INF] Request starting HTTP/1.1 GET http://localhost:5259/api/bookings?page=1&pageSize=100 - null null
2026-04-22 01:31:03.605 +02:00 [INF] CORS policy execution successful.
2026-04-22 01:31:03.609 +02:00 [INF] CORS policy execution successful.
2026-04-22 01:31:03.613 +02:00 [INF] CORS policy execution successful.
2026-04-22 01:31:03.614 +02:00 [INF] Authorization failed. These requirements were not met:
RolesAuthorizationRequirement:User.IsInRole must be true for one of the following roles: (Admin|Manager|Receptionist|Housekeeper)
2026-04-22 01:31:03.614 +02:00 [INF] Executing endpoint 'HotelBooking.API.Controllers.NotificationsController.GetNotifications (HotelBooking.API)'
2026-04-22 01:31:03.616 +02:00 [INF] Authorization failed. These requirements were not met:
RolesAuthorizationRequirement:User.IsInRole must be true for one of the following roles: (Admin|Manager|Receptionist|Housekeeper)
2026-04-22 01:31:03.618 +02:00 [INF] Route matched with {action = "GetNotifications", controller = "Notifications"}. Executing controller action with signature System.Threading.Tasks.Task`1[Microsoft.AspNetCore.Mvc.IActionResult] GetNotifications(Boolean, Int32, Int32, System.Threading.CancellationToken) on controller HotelBooking.API.Controllers.NotificationsController (HotelBooking.API).
2026-04-22 01:31:03.618 +02:00 [INF] AuthenticationScheme: Bearer was forbidden.
2026-04-22 01:31:03.619 +02:00 [INF] AuthenticationScheme: Bearer was forbidden.
2026-04-22 01:31:03.622 +02:00 [INF] Executed DbCommand (1ms) [Parameters=[@__userId_0='?' (DbType = Guid)], CommandType='"Text"', CommandTimeout='30']
SELECT count(*)::int
FROM "Notifications" AS n
WHERE n."UserId" = @__userId_0 AND NOT (n."IsRead")
2026-04-22 01:31:03.622 +02:00 [INF] HTTP GET /api/rooms responded 403 in 16.7273 ms
2026-04-22 01:31:03.623 +02:00 [INF] HTTP GET /api/bookings responded 403 in 10.7281 ms
2026-04-22 01:31:03.626 +02:00 [INF] Executed DbCommand (1ms) [Parameters=[@__userId_0='?' (DbType = Guid)], CommandType='"Text"', CommandTimeout='30']
SELECT count(*)::int
FROM "Notifications" AS n
WHERE n."UserId" = @__userId_0
2026-04-22 01:31:03.627 +02:00 [INF] Request finished HTTP/1.1 GET http://localhost:5259/api/rooms?page=1&pageSize=100 - 403 null application/json 34.9225ms
2026-04-22 01:31:03.630 +02:00 [INF] Request finished HTTP/1.1 GET http://localhost:5259/api/bookings?page=1&pageSize=100 - 403 null application/json 28.2339ms
2026-04-22 01:31:03.633 +02:00 [INF] Executed DbCommand (1ms) [Parameters=[@__userId_0='?' (DbType = Guid), @__p_2='?' (DbType = Int32), @__p_1='?' (DbType = Int32)], CommandType='"Text"', CommandTimeout='30']
SELECT n."Id", n."Title", n."Message", CASE n."Type"
    WHEN 1 THEN 'BookingCreated'
    WHEN 2 THEN 'BookingCancelled'
    WHEN 3 THEN 'CheckInCompleted'
    WHEN 4 THEN 'CheckOutCompleted'
    WHEN 5 THEN 'PaymentCompleted'
    WHEN 6 THEN 'HousekeepingUpdated'
    WHEN 7 THEN 'MaintenanceAlert'
    ELSE n."Type"::text
END, n."IsRead", n."CreatedAt"
FROM "Notifications" AS n
WHERE n."UserId" = @__userId_0
ORDER BY n."CreatedAt" DESC
LIMIT @__p_2 OFFSET @__p_1
2026-04-22 01:31:03.641 +02:00 [INF] Executing OkObjectResult, writing value of type 'HotelBooking.API.Common.ApiResponse'.
2026-04-22 01:31:03.643 +02:00 [INF] Executed action HotelBooking.API.Controllers.NotificationsController.GetNotifications (HotelBooking.API) in 22.0693ms
2026-04-22 01:31:03.644 +02:00 [INF] Executed endpoint 'HotelBooking.API.Controllers.NotificationsController.GetNotifications (HotelBooking.API)'
2026-04-22 01:31:03.646 +02:00 [INF] HTTP GET /api/notifications responded 200 in 36.1805 ms
2026-04-22 01:31:03.648 +02:00 [INF] Request finished HTTP/1.1 GET http://localhost:5259/api/notifications?pageNumber=1&pageSize=6 - 200 null application/json; charset=utf-8 51.1169ms
2026-04-22 01:31:04.630 +02:00 [INF] Request starting HTTP/1.1 OPTIONS http://localhost:5259/api/rooms?page=1&pageSize=100 - null null
2026-04-22 01:31:04.630 +02:00 [INF] Request starting HTTP/1.1 OPTIONS http://localhost:5259/api/bookings?page=1&pageSize=100 - null null
2026-04-22 01:31:04.630 +02:00 [INF] Request starting HTTP/1.1 OPTIONS http://localhost:5259/api/notifications?pageNumber=1&pageSize=6 - null null
2026-04-22 01:31:04.633 +02:00 [INF] CORS policy execution successful.
2026-04-22 01:31:04.636 +02:00 [INF] CORS policy execution successful.
2026-04-22 01:31:04.638 +02:00 [INF] CORS policy execution successful.
2026-04-22 01:31:04.639 +02:00 [INF] HTTP OPTIONS /api/rooms responded 204 in 6.4125 ms
2026-04-22 01:31:04.640 +02:00 [INF] HTTP OPTIONS /api/bookings responded 204 in 4.4839 ms
2026-04-22 01:31:04.641 +02:00 [INF] HTTP OPTIONS /api/notifications responded 204 in 2.9010 ms
2026-04-22 01:31:04.644 +02:00 [INF] Request finished HTTP/1.1 OPTIONS http://localhost:5259/api/rooms?page=1&pageSize=100 - 204 null null 13.9482ms
2026-04-22 01:31:04.646 +02:00 [INF] Request finished HTTP/1.1 OPTIONS http://localhost:5259/api/bookings?page=1&pageSize=100 - 204 null null 15.9661ms
2026-04-22 01:31:04.649 +02:00 [INF] Request finished HTTP/1.1 OPTIONS http://localhost:5259/api/notifications?pageNumber=1&pageSize=6 - 204 null null 18.4101ms
2026-04-22 01:31:04.662 +02:00 [INF] Request starting HTTP/1.1 GET http://localhost:5259/api/notifications?pageNumber=1&pageSize=6 - null null
2026-04-22 01:31:04.657 +02:00 [INF] Request starting HTTP/1.1 GET http://localhost:5259/api/bookings?page=1&pageSize=100 - null null
2026-04-22 01:31:04.653 +02:00 [INF] Request starting HTTP/1.1 GET http://localhost:5259/api/rooms?page=1&pageSize=100 - null null
2026-04-22 01:31:04.668 +02:00 [INF] CORS policy execution successful.
2026-04-22 01:31:04.673 +02:00 [INF] CORS policy execution successful.
2026-04-22 01:31:04.676 +02:00 [INF] CORS policy execution successful.
2026-04-22 01:31:04.678 +02:00 [INF] Executing endpoint 'HotelBooking.API.Controllers.NotificationsController.GetNotifications (HotelBooking.API)'
2026-04-22 01:31:04.679 +02:00 [INF] Authorization failed. These requirements were not met:
RolesAuthorizationRequirement:User.IsInRole must be true for one of the following roles: (Admin|Manager|Receptionist|Housekeeper)
2026-04-22 01:31:04.679 +02:00 [INF] Authorization failed. These requirements were not met:
RolesAuthorizationRequirement:User.IsInRole must be true for one of the following roles: (Admin|Manager|Receptionist|Housekeeper)
2026-04-22 01:31:04.681 +02:00 [INF] Route matched with {action = "GetNotifications", controller = "Notifications"}. Executing controller action with signature System.Threading.Tasks.Task`1[Microsoft.AspNetCore.Mvc.IActionResult] GetNotifications(Boolean, Int32, Int32, System.Threading.CancellationToken) on controller HotelBooking.API.Controllers.NotificationsController (HotelBooking.API).
2026-04-22 01:31:04.682 +02:00 [INF] AuthenticationScheme: Bearer was forbidden.
2026-04-22 01:31:04.684 +02:00 [INF] AuthenticationScheme: Bearer was forbidden.
2026-04-22 01:31:04.687 +02:00 [INF] HTTP GET /api/bookings responded 403 in 13.9966 ms
2026-04-22 01:31:04.687 +02:00 [INF] Executed DbCommand (0ms) [Parameters=[@__userId_0='?' (DbType = Guid)], CommandType='"Text"', CommandTimeout='30']
SELECT count(*)::int
FROM "Notifications" AS n
WHERE n."UserId" = @__userId_0 AND NOT (n."IsRead")
2026-04-22 01:31:04.688 +02:00 [INF] HTTP GET /api/rooms responded 403 in 11.5503 ms
2026-04-22 01:31:04.690 +02:00 [INF] Request finished HTTP/1.1 GET http://localhost:5259/api/bookings?page=1&pageSize=100 - 403 null application/json 32.9309ms
2026-04-22 01:31:04.694 +02:00 [INF] Executed DbCommand (1ms) [Parameters=[@__userId_0='?' (DbType = Guid)], CommandType='"Text"', CommandTimeout='30']
SELECT count(*)::int
FROM "Notifications" AS n
WHERE n."UserId" = @__userId_0
2026-04-22 01:31:04.696 +02:00 [INF] Request finished HTTP/1.1 GET http://localhost:5259/api/rooms?page=1&pageSize=100 - 403 null application/json 42.2688ms
2026-04-22 01:31:04.704 +02:00 [INF] Executed DbCommand (1ms) [Parameters=[@__userId_0='?' (DbType = Guid), @__p_2='?' (DbType = Int32), @__p_1='?' (DbType = Int32)], CommandType='"Text"', CommandTimeout='30']
SELECT n."Id", n."Title", n."Message", CASE n."Type"
    WHEN 1 THEN 'BookingCreated'
    WHEN 2 THEN 'BookingCancelled'
    WHEN 3 THEN 'CheckInCompleted'
    WHEN 4 THEN 'CheckOutCompleted'
    WHEN 5 THEN 'PaymentCompleted'
    WHEN 6 THEN 'HousekeepingUpdated'
    WHEN 7 THEN 'MaintenanceAlert'
    ELSE n."Type"::text
END, n."IsRead", n."CreatedAt"
FROM "Notifications" AS n
WHERE n."UserId" = @__userId_0
ORDER BY n."CreatedAt" DESC
LIMIT @__p_2 OFFSET @__p_1
2026-04-22 01:31:04.710 +02:00 [INF] Executing OkObjectResult, writing value of type 'HotelBooking.API.Common.ApiResponse'.
2026-04-22 01:31:04.712 +02:00 [INF] Executed action HotelBooking.API.Controllers.NotificationsController.GetNotifications (HotelBooking.API) in 26.056ms
2026-04-22 01:31:04.713 +02:00 [INF] Executed endpoint 'HotelBooking.API.Controllers.NotificationsController.GetNotifications (HotelBooking.API)'
2026-04-22 01:31:04.715 +02:00 [INF] HTTP GET /api/notifications responded 200 in 46.9578 ms
2026-04-22 01:31:04.717 +02:00 [INF] Request finished HTTP/1.1 GET http://localhost:5259/api/notifications?pageNumber=1&pageSize=6 - 200 null application/json; charset=utf-8 55.3282ms
2026-04-22 01:31:12.061 +02:00 [INF] Request starting HTTP/1.1 OPTIONS http://localhost:5259/api/auth/login - null null
2026-04-22 01:31:12.064 +02:00 [INF] CORS policy execution successful.
2026-04-22 01:31:12.066 +02:00 [INF] HTTP OPTIONS /api/auth/login responded 204 in 1.3413 ms
2026-04-22 01:31:12.069 +02:00 [INF] Request finished HTTP/1.1 OPTIONS http://localhost:5259/api/auth/login - 204 null null 7.9037ms
2026-04-22 01:31:12.073 +02:00 [INF] Request starting HTTP/1.1 POST http://localhost:5259/api/auth/login - application/json 50
2026-04-22 01:31:12.077 +02:00 [INF] CORS policy execution successful.
2026-04-22 01:31:12.077 +02:00 [INF] Executing endpoint 'HotelBooking.API.Controllers.AuthController.Login (HotelBooking.API)'
2026-04-22 01:31:12.078 +02:00 [INF] Route matched with {action = "Login", controller = "Auth"}. Executing controller action with signature System.Threading.Tasks.Task`1[Microsoft.AspNetCore.Mvc.ActionResult`1[HotelBooking.Application.Features.Auth.DTOs.AuthResponse]] Login(HotelBooking.Application.Features.Auth.DTOs.LoginRequest, System.Threading.CancellationToken) on controller HotelBooking.API.Controllers.AuthController (HotelBooking.API).
2026-04-22 01:31:12.085 +02:00 [INF] Executed DbCommand (1ms) [Parameters=[@__normalizedEmail_0='?'], CommandType='"Text"', CommandTimeout='30']
SELECT u."Id", u."CreatedAt", u."Email", u."FullName", u."IsActive", u."PasswordHash", u."RoleId", u."UpdatedAt", r."Id", r."CreatedAt", r."Name", r."UpdatedAt"
FROM "Users" AS u
INNER JOIN "Roles" AS r ON u."RoleId" = r."Id"
WHERE u."Email" = @__normalizedEmail_0
LIMIT 1
2026-04-22 01:31:12.346 +02:00 [INF] User logged in. UserId="10000000-0000-0000-0000-000000000001" Email=admin@hotel.com Role=Admin
2026-04-22 01:31:12.349 +02:00 [INF] Executing OkObjectResult, writing value of type 'HotelBooking.API.Common.ApiResponse'.
2026-04-22 01:31:12.351 +02:00 [INF] Executed action HotelBooking.API.Controllers.AuthController.Login (HotelBooking.API) in 270.6028ms
2026-04-22 01:31:12.353 +02:00 [INF] Executed endpoint 'HotelBooking.API.Controllers.AuthController.Login (HotelBooking.API)'
2026-04-22 01:31:12.354 +02:00 [INF] HTTP POST /api/auth/login responded 200 in 277.2779 ms
2026-04-22 01:31:12.356 +02:00 [INF] Request finished HTTP/1.1 POST http://localhost:5259/api/auth/login - 200 null application/json; charset=utf-8 282.4563ms
2026-04-22 01:31:12.444 +02:00 [INF] Request starting HTTP/1.1 OPTIONS http://localhost:5259/api/rooms?page=1&pageSize=100 - null null
2026-04-22 01:31:12.444 +02:00 [INF] Request starting HTTP/1.1 OPTIONS http://localhost:5259/api/bookings?page=1&pageSize=100 - null null
2026-04-22 01:31:12.444 +02:00 [INF] Request starting HTTP/1.1 OPTIONS http://localhost:5259/api/notifications?pageNumber=1&pageSize=6 - null null
2026-04-22 01:31:12.447 +02:00 [INF] CORS policy execution successful.
2026-04-22 01:31:12.457 +02:00 [INF] CORS policy execution successful.
2026-04-22 01:31:12.460 +02:00 [INF] CORS policy execution successful.
2026-04-22 01:31:12.462 +02:00 [INF] HTTP OPTIONS /api/rooms responded 204 in 14.1778 ms
2026-04-22 01:31:12.463 +02:00 [INF] HTTP OPTIONS /api/bookings responded 204 in 7.0241 ms
2026-04-22 01:31:12.464 +02:00 [INF] HTTP OPTIONS /api/notifications responded 204 in 3.5281 ms
2026-04-22 01:31:12.467 +02:00 [INF] Request finished HTTP/1.1 OPTIONS http://localhost:5259/api/rooms?page=1&pageSize=100 - 204 null null 23.1001ms
2026-04-22 01:31:12.470 +02:00 [INF] Request finished HTTP/1.1 OPTIONS http://localhost:5259/api/bookings?page=1&pageSize=100 - 204 null null 26.279ms
2026-04-22 01:31:12.473 +02:00 [INF] Request finished HTTP/1.1 OPTIONS http://localhost:5259/api/notifications?pageNumber=1&pageSize=6 - 204 null null 28.4477ms
2026-04-22 01:31:12.477 +02:00 [INF] Request starting HTTP/1.1 GET http://localhost:5259/api/rooms?page=1&pageSize=100 - null null
2026-04-22 01:31:12.482 +02:00 [INF] Request starting HTTP/1.1 GET http://localhost:5259/api/bookings?page=1&pageSize=100 - null null
2026-04-22 01:31:12.486 +02:00 [INF] Request starting HTTP/1.1 GET http://localhost:5259/api/notifications?pageNumber=1&pageSize=6 - null null
2026-04-22 01:31:12.489 +02:00 [INF] CORS policy execution successful.
2026-04-22 01:31:12.492 +02:00 [INF] CORS policy execution successful.
2026-04-22 01:31:12.496 +02:00 [INF] CORS policy execution successful.
2026-04-22 01:31:12.497 +02:00 [INF] Executing endpoint 'HotelBooking.API.Controllers.RoomsController.GetRooms (HotelBooking.API)'
2026-04-22 01:31:12.498 +02:00 [INF] Executing endpoint 'HotelBooking.API.Controllers.BookingsController.GetBookings (HotelBooking.API)'
2026-04-22 01:31:12.499 +02:00 [INF] Executing endpoint 'HotelBooking.API.Controllers.NotificationsController.GetNotifications (HotelBooking.API)'
2026-04-22 01:31:12.500 +02:00 [INF] Route matched with {action = "GetRooms", controller = "Rooms"}. Executing controller action with signature System.Threading.Tasks.Task`1[Microsoft.AspNetCore.Mvc.IActionResult] GetRooms(System.Nullable`1[HotelBooking.Domain.Enums.RoomType], System.Nullable`1[HotelBooking.Domain.Enums.RoomStatus], System.Nullable`1[System.Int32], System.String, Int32, Int32, System.Threading.CancellationToken) on controller HotelBooking.API.Controllers.RoomsController (HotelBooking.API).
2026-04-22 01:31:12.501 +02:00 [INF] Route matched with {action = "GetBookings", controller = "Bookings"}. Executing controller action with signature System.Threading.Tasks.Task`1[Microsoft.AspNetCore.Mvc.IActionResult] GetBookings(System.Nullable`1[HotelBooking.Domain.Enums.BookingStatus], System.String, System.String, System.String, System.Nullable`1[System.DateOnly], System.Nullable`1[System.DateOnly], Int32, Int32, System.Threading.CancellationToken) on controller HotelBooking.API.Controllers.BookingsController (HotelBooking.API).
2026-04-22 01:31:12.503 +02:00 [INF] Route matched with {action = "GetNotifications", controller = "Notifications"}. Executing controller action with signature System.Threading.Tasks.Task`1[Microsoft.AspNetCore.Mvc.IActionResult] GetNotifications(Boolean, Int32, Int32, System.Threading.CancellationToken) on controller HotelBooking.API.Controllers.NotificationsController (HotelBooking.API).
2026-04-22 01:31:12.507 +02:00 [INF] Executed DbCommand (0ms) [Parameters=[], CommandType='"Text"', CommandTimeout='30']
SELECT count(*)::int
FROM "Rooms" AS r
2026-04-22 01:31:12.509 +02:00 [INF] Executed DbCommand (0ms) [Parameters=[], CommandType='"Text"', CommandTimeout='30']
SELECT count(*)::int
FROM "Bookings" AS b
2026-04-22 01:31:12.512 +02:00 [INF] Executed DbCommand (1ms) [Parameters=[@__userId_0='?' (DbType = Guid)], CommandType='"Text"', CommandTimeout='30']
SELECT count(*)::int
FROM "Notifications" AS n
WHERE n."UserId" = @__userId_0 AND NOT (n."IsRead")
2026-04-22 01:31:12.514 +02:00 [INF] Executed DbCommand (1ms) [Parameters=[@__p_1='?' (DbType = Int32), @__p_0='?' (DbType = Int32)], CommandType='"Text"', CommandTimeout='30']
SELECT r."Id", r."RoomNumber", r."FloorNumber", CASE r."Type"
    WHEN 1 THEN 'Standard'
    WHEN 2 THEN 'Deluxe'
    WHEN 3 THEN 'Family'
    WHEN 4 THEN 'BusinessSuite'
    ELSE r."Type"::text
END, CASE r."Status"
    WHEN 1 THEN 'Available'
    WHEN 2 THEN 'Occupied'
    WHEN 3 THEN 'Cleaning'
    WHEN 4 THEN 'Maintenance'
    ELSE r."Status"::text
END, r."PricePerNight", r."BedCount", r."Amenities", r."CreatedAt"
FROM "Rooms" AS r
ORDER BY r."FloorNumber", r."RoomNumber"
LIMIT @__p_1 OFFSET @__p_0
2026-04-22 01:31:12.517 +02:00 [INF] Executed DbCommand (1ms) [Parameters=[@__p_1='?' (DbType = Int32), @__p_0='?' (DbType = Int32)], CommandType='"Text"', CommandTimeout='30']
SELECT b0."Id", b0."BookingCode", b0."UserId", u."FullName", u."Email", b0."RoomId", r."RoomNumber", CASE r."Type"
    WHEN 1 THEN 'Standard'
    WHEN 2 THEN 'Deluxe'
    WHEN 3 THEN 'Family'
    WHEN 4 THEN 'BusinessSuite'
    ELSE r."Type"::text
END, b0."CheckInDate", b0."CheckOutDate", b0."TotalAmount", CASE b0."PaymentMethod"
    WHEN 1 THEN 'Card'
    WHEN 2 THEN 'Cash'
    WHEN 3 THEN 'Check'
    ELSE b0."PaymentMethod"::text
END, CASE b0."Status"
    WHEN 1 THEN 'Confirmed'
    WHEN 2 THEN 'Active'
    WHEN 3 THEN 'CheckedOut'
    WHEN 4 THEN 'Cancelled'
    ELSE b0."Status"::text
END, b0."CheckOutDate" - b0."CheckInDate", b0."CreatedAt"
FROM (
    SELECT b."Id", b."BookingCode", b."CheckInDate", b."CheckOutDate", b."CreatedAt", b."PaymentMethod", b."RoomId", b."Status", b."TotalAmount", b."UserId"
    FROM "Bookings" AS b
    ORDER BY b."CreatedAt" DESC
    LIMIT @__p_1 OFFSET @__p_0
) AS b0
INNER JOIN "Users" AS u ON b0."UserId" = u."Id"
INNER JOIN "Rooms" AS r ON b0."RoomId" = r."Id"
ORDER BY b0."CreatedAt" DESC
2026-04-22 01:31:12.519 +02:00 [INF] Executed DbCommand (0ms) [Parameters=[@__userId_0='?' (DbType = Guid)], CommandType='"Text"', CommandTimeout='30']
SELECT count(*)::int
FROM "Notifications" AS n
WHERE n."UserId" = @__userId_0
2026-04-22 01:31:12.521 +02:00 [INF] Executing OkObjectResult, writing value of type 'HotelBooking.API.Common.ApiResponse'.
2026-04-22 01:31:12.524 +02:00 [INF] Executing OkObjectResult, writing value of type 'HotelBooking.API.Common.ApiResponse'.
2026-04-22 01:31:12.527 +02:00 [INF] Executed DbCommand (0ms) [Parameters=[@__userId_0='?' (DbType = Guid), @__p_2='?' (DbType = Int32), @__p_1='?' (DbType = Int32)], CommandType='"Text"', CommandTimeout='30']
SELECT n."Id", n."Title", n."Message", CASE n."Type"
    WHEN 1 THEN 'BookingCreated'
    WHEN 2 THEN 'BookingCancelled'
    WHEN 3 THEN 'CheckInCompleted'
    WHEN 4 THEN 'CheckOutCompleted'
    WHEN 5 THEN 'PaymentCompleted'
    WHEN 6 THEN 'HousekeepingUpdated'
    WHEN 7 THEN 'MaintenanceAlert'
    ELSE n."Type"::text
END, n."IsRead", n."CreatedAt"
FROM "Notifications" AS n
WHERE n."UserId" = @__userId_0
ORDER BY n."CreatedAt" DESC
LIMIT @__p_2 OFFSET @__p_1
2026-04-22 01:31:12.527 +02:00 [INF] Executed action HotelBooking.API.Controllers.RoomsController.GetRooms (HotelBooking.API) in 21.7136ms
2026-04-22 01:31:12.529 +02:00 [INF] Executed action HotelBooking.API.Controllers.BookingsController.GetBookings (HotelBooking.API) in 21.1014ms
2026-04-22 01:31:12.532 +02:00 [INF] Executing OkObjectResult, writing value of type 'HotelBooking.API.Common.ApiResponse'.
2026-04-22 01:31:12.533 +02:00 [INF] Executed endpoint 'HotelBooking.API.Controllers.RoomsController.GetRooms (HotelBooking.API)'
2026-04-22 01:31:12.534 +02:00 [INF] Executed endpoint 'HotelBooking.API.Controllers.BookingsController.GetBookings (HotelBooking.API)'
2026-04-22 01:31:12.536 +02:00 [INF] Executed action HotelBooking.API.Controllers.NotificationsController.GetNotifications (HotelBooking.API) in 25.5582ms
2026-04-22 01:31:12.537 +02:00 [INF] HTTP GET /api/rooms responded 200 in 48.0172 ms
2026-04-22 01:31:12.538 +02:00 [INF] HTTP GET /api/bookings responded 200 in 45.9432 ms
2026-04-22 01:31:12.539 +02:00 [INF] Executed endpoint 'HotelBooking.API.Controllers.NotificationsController.GetNotifications (HotelBooking.API)'
2026-04-22 01:31:12.541 +02:00 [INF] Request finished HTTP/1.1 GET http://localhost:5259/api/rooms?page=1&pageSize=100 - 200 null application/json; charset=utf-8 64.4309ms
2026-04-22 01:31:12.543 +02:00 [INF] Request finished HTTP/1.1 GET http://localhost:5259/api/bookings?page=1&pageSize=100 - 200 null application/json; charset=utf-8 61.704ms
2026-04-22 01:31:12.545 +02:00 [INF] HTTP GET /api/notifications responded 200 in 49.0016 ms
2026-04-22 01:31:12.554 +02:00 [INF] Request finished HTTP/1.1 GET http://localhost:5259/api/notifications?pageNumber=1&pageSize=6 - 200 null application/json; charset=utf-8 68.2063ms
2026-04-22 01:31:49.097 +02:00 [INF] Request starting HTTP/1.1 OPTIONS http://localhost:5259/api/bookings?page=1&pageSize=100 - null null
2026-04-22 01:31:49.101 +02:00 [INF] CORS policy execution successful.
2026-04-22 01:31:49.103 +02:00 [INF] HTTP OPTIONS /api/bookings responded 204 in 1.9386 ms
2026-04-22 01:31:49.105 +02:00 [INF] Request finished HTTP/1.1 OPTIONS http://localhost:5259/api/bookings?page=1&pageSize=100 - 204 null null 8.3178ms
2026-04-22 01:31:49.109 +02:00 [INF] Request starting HTTP/1.1 GET http://localhost:5259/api/bookings?page=1&pageSize=100 - null null
2026-04-22 01:31:49.112 +02:00 [INF] CORS policy execution successful.
2026-04-22 01:31:49.113 +02:00 [INF] Executing endpoint 'HotelBooking.API.Controllers.BookingsController.GetBookings (HotelBooking.API)'
2026-04-22 01:31:49.115 +02:00 [INF] Route matched with {action = "GetBookings", controller = "Bookings"}. Executing controller action with signature System.Threading.Tasks.Task`1[Microsoft.AspNetCore.Mvc.IActionResult] GetBookings(System.Nullable`1[HotelBooking.Domain.Enums.BookingStatus], System.String, System.String, System.String, System.Nullable`1[System.DateOnly], System.Nullable`1[System.DateOnly], Int32, Int32, System.Threading.CancellationToken) on controller HotelBooking.API.Controllers.BookingsController (HotelBooking.API).
2026-04-22 01:31:49.119 +02:00 [INF] Executed DbCommand (1ms) [Parameters=[], CommandType='"Text"', CommandTimeout='30']
SELECT count(*)::int
FROM "Bookings" AS b
2026-04-22 01:31:49.122 +02:00 [INF] Executed DbCommand (1ms) [Parameters=[@__p_1='?' (DbType = Int32), @__p_0='?' (DbType = Int32)], CommandType='"Text"', CommandTimeout='30']
SELECT b0."Id", b0."BookingCode", b0."UserId", u."FullName", u."Email", b0."RoomId", r."RoomNumber", CASE r."Type"
    WHEN 1 THEN 'Standard'
    WHEN 2 THEN 'Deluxe'
    WHEN 3 THEN 'Family'
    WHEN 4 THEN 'BusinessSuite'
    ELSE r."Type"::text
END, b0."CheckInDate", b0."CheckOutDate", b0."TotalAmount", CASE b0."PaymentMethod"
    WHEN 1 THEN 'Card'
    WHEN 2 THEN 'Cash'
    WHEN 3 THEN 'Check'
    ELSE b0."PaymentMethod"::text
END, CASE b0."Status"
    WHEN 1 THEN 'Confirmed'
    WHEN 2 THEN 'Active'
    WHEN 3 THEN 'CheckedOut'
    WHEN 4 THEN 'Cancelled'
    ELSE b0."Status"::text
END, b0."CheckOutDate" - b0."CheckInDate", b0."CreatedAt"
FROM (
    SELECT b."Id", b."BookingCode", b."CheckInDate", b."CheckOutDate", b."CreatedAt", b."PaymentMethod", b."RoomId", b."Status", b."TotalAmount", b."UserId"
    FROM "Bookings" AS b
    ORDER BY b."CreatedAt" DESC
    LIMIT @__p_1 OFFSET @__p_0
) AS b0
INNER JOIN "Users" AS u ON b0."UserId" = u."Id"
INNER JOIN "Rooms" AS r ON b0."RoomId" = r."Id"
ORDER BY b0."CreatedAt" DESC
2026-04-22 01:31:49.125 +02:00 [INF] Executing OkObjectResult, writing value of type 'HotelBooking.API.Common.ApiResponse'.
2026-04-22 01:31:49.127 +02:00 [INF] Executed action HotelBooking.API.Controllers.BookingsController.GetBookings (HotelBooking.API) in 10.4478ms
2026-04-22 01:31:49.129 +02:00 [INF] Executed endpoint 'HotelBooking.API.Controllers.BookingsController.GetBookings (HotelBooking.API)'
2026-04-22 01:31:49.131 +02:00 [INF] HTTP GET /api/bookings responded 200 in 18.4046 ms
2026-04-22 01:31:49.133 +02:00 [INF] Request finished HTTP/1.1 GET http://localhost:5259/api/bookings?page=1&pageSize=100 - 200 null application/json; charset=utf-8 23.5479ms
2026-04-22 01:31:52.363 +02:00 [INF] Request starting HTTP/1.1 OPTIONS http://localhost:5259/api/bookings/40000000-0000-0000-0000-000000000003 - null null
2026-04-22 01:31:52.367 +02:00 [INF] CORS policy execution successful.
2026-04-22 01:31:52.369 +02:00 [INF] HTTP OPTIONS /api/bookings/40000000-0000-0000-0000-000000000003 responded 204 in 1.9384 ms
2026-04-22 01:31:52.372 +02:00 [INF] Request finished HTTP/1.1 OPTIONS http://localhost:5259/api/bookings/40000000-0000-0000-0000-000000000003 - 204 null null 8.941ms
2026-04-22 01:31:52.377 +02:00 [INF] Request starting HTTP/1.1 GET http://localhost:5259/api/bookings/40000000-0000-0000-0000-000000000003 - null null
2026-04-22 01:31:52.380 +02:00 [INF] CORS policy execution successful.
2026-04-22 01:31:52.382 +02:00 [INF] Executing endpoint 'HotelBooking.API.Controllers.BookingsController.GetBooking (HotelBooking.API)'
2026-04-22 01:31:52.383 +02:00 [INF] Route matched with {action = "GetBooking", controller = "Bookings"}. Executing controller action with signature System.Threading.Tasks.Task`1[Microsoft.AspNetCore.Mvc.IActionResult] GetBooking(System.Guid, System.Threading.CancellationToken) on controller HotelBooking.API.Controllers.BookingsController (HotelBooking.API).
2026-04-22 01:31:52.389 +02:00 [INF] Executed DbCommand (1ms) [Parameters=[@__id_0='?' (DbType = Guid)], CommandType='"Text"', CommandTimeout='30']
SELECT b."Id", b."ActualCheckIn", b."ActualCheckOut", b."BookingCode", b."CheckInDate", b."CheckOutDate", b."CreatedAt", b."GuestCount", b."PaymentMethod", b."RoomId", b."SpecialRequests", b."Status", b."TotalAmount", b."UpdatedAt", b."UserId", u."Id", u."CreatedAt", u."Email", u."FullName", u."IsActive", u."PasswordHash", u."RoleId", u."UpdatedAt", r."Id", r."Amenities", r."BedCount", r."CreatedAt", r."FloorNumber", r."PricePerNight", r."RoomNumber", r."Status", r."Type", r."UpdatedAt"
FROM "Bookings" AS b
INNER JOIN "Users" AS u ON b."UserId" = u."Id"
INNER JOIN "Rooms" AS r ON b."RoomId" = r."Id"
WHERE b."Id" = @__id_0
LIMIT 1
2026-04-22 01:31:52.392 +02:00 [INF] Executing OkObjectResult, writing value of type 'HotelBooking.API.Common.ApiResponse'.
2026-04-22 01:31:52.394 +02:00 [INF] Executed action HotelBooking.API.Controllers.BookingsController.GetBooking (HotelBooking.API) in 7.3882ms
2026-04-22 01:31:52.397 +02:00 [INF] Executed endpoint 'HotelBooking.API.Controllers.BookingsController.GetBooking (HotelBooking.API)'
2026-04-22 01:31:52.398 +02:00 [INF] HTTP GET /api/bookings/40000000-0000-0000-0000-000000000003 responded 200 in 17.8816 ms
2026-04-22 01:31:52.401 +02:00 [INF] Request finished HTTP/1.1 GET http://localhost:5259/api/bookings/40000000-0000-0000-0000-000000000003 - 200 null application/json; charset=utf-8 23.6548ms
2026-04-22 01:31:56.665 +02:00 [INF] Request starting HTTP/1.1 OPTIONS http://localhost:5259/api/bookings/40000000-0000-0000-0000-000000000005 - null null
2026-04-22 01:31:56.668 +02:00 [INF] CORS policy execution successful.
2026-04-22 01:31:56.669 +02:00 [INF] HTTP OPTIONS /api/bookings/40000000-0000-0000-0000-000000000005 responded 204 in 1.2174 ms
2026-04-22 01:31:56.672 +02:00 [INF] Request finished HTTP/1.1 OPTIONS http://localhost:5259/api/bookings/40000000-0000-0000-0000-000000000005 - 204 null null 7.466ms
2026-04-22 01:31:56.677 +02:00 [INF] Request starting HTTP/1.1 GET http://localhost:5259/api/bookings/40000000-0000-0000-0000-000000000005 - null null
2026-04-22 01:31:56.681 +02:00 [INF] CORS policy execution successful.
2026-04-22 01:31:56.683 +02:00 [INF] Executing endpoint 'HotelBooking.API.Controllers.BookingsController.GetBooking (HotelBooking.API)'
2026-04-22 01:31:56.684 +02:00 [INF] Route matched with {action = "GetBooking", controller = "Bookings"}. Executing controller action with signature System.Threading.Tasks.Task`1[Microsoft.AspNetCore.Mvc.IActionResult] GetBooking(System.Guid, System.Threading.CancellationToken) on controller HotelBooking.API.Controllers.BookingsController (HotelBooking.API).
2026-04-22 01:31:56.689 +02:00 [INF] Executed DbCommand (1ms) [Parameters=[@__id_0='?' (DbType = Guid)], CommandType='"Text"', CommandTimeout='30']
SELECT b."Id", b."ActualCheckIn", b."ActualCheckOut", b."BookingCode", b."CheckInDate", b."CheckOutDate", b."CreatedAt", b."GuestCount", b."PaymentMethod", b."RoomId", b."SpecialRequests", b."Status", b."TotalAmount", b."UpdatedAt", b."UserId", u."Id", u."CreatedAt", u."Email", u."FullName", u."IsActive", u."PasswordHash", u."RoleId", u."UpdatedAt", r."Id", r."Amenities", r."BedCount", r."CreatedAt", r."FloorNumber", r."PricePerNight", r."RoomNumber", r."Status", r."Type", r."UpdatedAt"
FROM "Bookings" AS b
INNER JOIN "Users" AS u ON b."UserId" = u."Id"
INNER JOIN "Rooms" AS r ON b."RoomId" = r."Id"
WHERE b."Id" = @__id_0
LIMIT 1
2026-04-22 01:31:56.693 +02:00 [INF] Executing OkObjectResult, writing value of type 'HotelBooking.API.Common.ApiResponse'.
2026-04-22 01:31:56.696 +02:00 [INF] Executed action HotelBooking.API.Controllers.BookingsController.GetBooking (HotelBooking.API) in 8.373ms
2026-04-22 01:31:56.698 +02:00 [INF] Executed endpoint 'HotelBooking.API.Controllers.BookingsController.GetBooking (HotelBooking.API)'
2026-04-22 01:31:56.700 +02:00 [INF] HTTP GET /api/bookings/40000000-0000-0000-0000-000000000005 responded 200 in 18.4356 ms
2026-04-22 01:31:56.703 +02:00 [INF] Request finished HTTP/1.1 GET http://localhost:5259/api/bookings/40000000-0000-0000-0000-000000000005 - 200 null application/json; charset=utf-8 26.5543ms
2026-04-22 01:31:59.010 +02:00 [INF] Request starting HTTP/1.1 OPTIONS http://localhost:5259/api/rooms?status=Available&page=1&pageSize=100 - null null
2026-04-22 01:31:59.013 +02:00 [INF] CORS policy execution successful.
2026-04-22 01:31:59.014 +02:00 [INF] HTTP OPTIONS /api/rooms responded 204 in 1.2892 ms
2026-04-22 01:31:59.016 +02:00 [INF] Request finished HTTP/1.1 OPTIONS http://localhost:5259/api/rooms?status=Available&page=1&pageSize=100 - 204 null null 6.7365ms
2026-04-22 01:31:59.020 +02:00 [INF] Request starting HTTP/1.1 GET http://localhost:5259/api/rooms?status=Available&page=1&pageSize=100 - null null
2026-04-22 01:31:59.024 +02:00 [INF] CORS policy execution successful.
2026-04-22 01:31:59.025 +02:00 [INF] Executing endpoint 'HotelBooking.API.Controllers.RoomsController.GetRooms (HotelBooking.API)'
2026-04-22 01:31:59.027 +02:00 [INF] Route matched with {action = "GetRooms", controller = "Rooms"}. Executing controller action with signature System.Threading.Tasks.Task`1[Microsoft.AspNetCore.Mvc.IActionResult] GetRooms(System.Nullable`1[HotelBooking.Domain.Enums.RoomType], System.Nullable`1[HotelBooking.Domain.Enums.RoomStatus], System.Nullable`1[System.Int32], System.String, Int32, Int32, System.Threading.CancellationToken) on controller HotelBooking.API.Controllers.RoomsController (HotelBooking.API).
2026-04-22 01:31:59.031 +02:00 [INF] Executed DbCommand (1ms) [Parameters=[@__filter_Status_Value_0='?' (DbType = Int32)], CommandType='"Text"', CommandTimeout='30']
SELECT count(*)::int
FROM "Rooms" AS r
WHERE r."Status" = @__filter_Status_Value_0
2026-04-22 01:31:59.034 +02:00 [INF] Executed DbCommand (1ms) [Parameters=[@__filter_Status_Value_0='?' (DbType = Int32), @__p_2='?' (DbType = Int32), @__p_1='?' (DbType = Int32)], CommandType='"Text"', CommandTimeout='30']
SELECT r."Id", r."RoomNumber", r."FloorNumber", CASE r."Type"
    WHEN 1 THEN 'Standard'
    WHEN 2 THEN 'Deluxe'
    WHEN 3 THEN 'Family'
    WHEN 4 THEN 'BusinessSuite'
    ELSE r."Type"::text
END, CASE r."Status"
    WHEN 1 THEN 'Available'
    WHEN 2 THEN 'Occupied'
    WHEN 3 THEN 'Cleaning'
    WHEN 4 THEN 'Maintenance'
    ELSE r."Status"::text
END, r."PricePerNight", r."BedCount", r."Amenities", r."CreatedAt"
FROM "Rooms" AS r
WHERE r."Status" = @__filter_Status_Value_0
ORDER BY r."FloorNumber", r."RoomNumber"
LIMIT @__p_2 OFFSET @__p_1
2026-04-22 01:31:59.038 +02:00 [INF] Executing OkObjectResult, writing value of type 'HotelBooking.API.Common.ApiResponse'.
2026-04-22 01:31:59.040 +02:00 [INF] Executed action HotelBooking.API.Controllers.RoomsController.GetRooms (HotelBooking.API) in 10.2797ms
2026-04-22 01:31:59.042 +02:00 [INF] Executed endpoint 'HotelBooking.API.Controllers.RoomsController.GetRooms (HotelBooking.API)'
2026-04-22 01:31:59.044 +02:00 [INF] HTTP GET /api/rooms responded 200 in 20.1610 ms
2026-04-22 01:31:59.047 +02:00 [INF] Request finished HTTP/1.1 GET http://localhost:5259/api/rooms?status=Available&page=1&pageSize=100 - 200 null application/json; charset=utf-8 26.3899ms
2026-04-22 01:32:07.895 +02:00 [INF] Request starting HTTP/1.1 OPTIONS http://localhost:5259/api/bookings - null null
2026-04-22 01:32:07.898 +02:00 [INF] CORS policy execution successful.
2026-04-22 01:32:07.899 +02:00 [INF] HTTP OPTIONS /api/bookings responded 204 in 1.3802 ms
2026-04-22 01:32:07.902 +02:00 [INF] Request finished HTTP/1.1 OPTIONS http://localhost:5259/api/bookings - 204 null null 6.8657ms
2026-04-22 01:32:07.906 +02:00 [INF] Request starting HTTP/1.1 POST http://localhost:5259/api/bookings - application/json 137
2026-04-22 01:32:07.909 +02:00 [INF] CORS policy execution successful.
2026-04-22 01:32:07.910 +02:00 [INF] Executing endpoint 'HotelBooking.API.Controllers.BookingsController.CreateBooking (HotelBooking.API)'
2026-04-22 01:32:07.915 +02:00 [INF] Route matched with {action = "CreateBooking", controller = "Bookings"}. Executing controller action with signature System.Threading.Tasks.Task`1[Microsoft.AspNetCore.Mvc.IActionResult] CreateBooking(HotelBooking.Application.Features.Bookings.DTOs.CreateBookingRequest, System.Threading.CancellationToken) on controller HotelBooking.API.Controllers.BookingsController (HotelBooking.API).
2026-04-22 01:32:07.947 +02:00 [INF] Executed DbCommand (1ms) [Parameters=[@__request_RoomId_0='?' (DbType = Guid)], CommandType='"Text"', CommandTimeout='30']
SELECT r."Id", r."Amenities", r."BedCount", r."CreatedAt", r."FloorNumber", r."PricePerNight", r."RoomNumber", r."Status", r."Type", r."UpdatedAt"
FROM "Rooms" AS r
WHERE r."Id" = @__request_RoomId_0
LIMIT 1
2026-04-22 01:32:07.953 +02:00 [INF] Executed DbCommand (1ms) [Parameters=[@__request_RoomId_0='?' (DbType = Guid), @__request_CheckOutDate_1='?' (DbType = Date), @__request_CheckInDate_2='?' (DbType = Date)], CommandType='"Text"', CommandTimeout='30']
SELECT EXISTS (
    SELECT 1
    FROM "Bookings" AS b
    WHERE b."RoomId" = @__request_RoomId_0 AND b."Status" <> 4 AND b."CheckInDate" < @__request_CheckOutDate_1 AND b."CheckOutDate" > @__request_CheckInDate_2)
2026-04-22 01:32:07.960 +02:00 [INF] Executed DbCommand (1ms) [Parameters=[], CommandType='"Text"', CommandTimeout='30']
SELECT b."BookingCode"
FROM "Bookings" AS b
ORDER BY b."BookingCode" DESC
LIMIT 1
2026-04-22 01:32:07.968 +02:00 [INF] Executed DbCommand (2ms) [Parameters=[@p0='?' (DbType = Guid), @p1='?' (DbType = DateTime), @p2='?' (DbType = DateTime), @p3='?', @p4='?' (DbType = Date), @p5='?' (DbType = Date), @p6='?' (DbType = DateTime), @p7='?' (DbType = Int32), @p8='?' (DbType = Int32), @p9='?' (DbType = Guid), @p10='?', @p11='?' (DbType = Int32), @p12='?' (DbType = Decimal), @p13='?' (DbType = DateTime), @p14='?' (DbType = Guid)], CommandType='"Text"', CommandTimeout='30']
INSERT INTO "Bookings" ("Id", "ActualCheckIn", "ActualCheckOut", "BookingCode", "CheckInDate", "CheckOutDate", "CreatedAt", "GuestCount", "PaymentMethod", "RoomId", "SpecialRequests", "Status", "TotalAmount", "UpdatedAt", "UserId")
VALUES (@p0, @p1, @p2, @p3, @p4, @p5, @p6, @p7, @p8, @p9, @p10, @p11, @p12, @p13, @p14);
2026-04-22 01:32:07.987 +02:00 [INF] Executed DbCommand (2ms) [Parameters=[@__userId_0='?' (DbType = Guid)], CommandType='"Text"', CommandTimeout='30']
SELECT u."Id", u."CreatedAt", u."Email", u."FullName", u."IsActive", u."PasswordHash", u."RoleId", u."UpdatedAt", r."Id", r."CreatedAt", r."Name", r."UpdatedAt"
FROM "Users" AS u
INNER JOIN "Roles" AS r ON u."RoleId" = r."Id"
WHERE u."Id" = @__userId_0
LIMIT 1
2026-04-22 01:32:07.991 +02:00 [INF] NOTIFICATION [BookingCreated] BookingId="bd506857-f56e-44c8-a63a-b577c30dc447" Guest=System Administrator <admin@hotel.com> Room=301 CheckIn="2026-04-21" CheckOut="2026-04-22" Total=¤199.00
2026-04-22 01:32:07.996 +02:00 [INF] Executed DbCommand (1ms) [Parameters=[@p0='?' (DbType = Guid), @p1='?' (DbType = DateTime), @p2='?', @p3='?', @p4='?' (DbType = Int32), @p5='?' (DbType = DateTime), @p6='?' (DbType = Guid)], CommandType='"Text"', CommandTimeout='30']
INSERT INTO "Notifications" ("Id", "CreatedAt", "Message", "Title", "Type", "UpdatedAt", "UserId")
VALUES (@p0, @p1, @p2, @p3, @p4, @p5, @p6)
RETURNING "IsRead";
2026-04-22 01:32:07.999 +02:00 [INF] Booking created. BookingId="bd506857-f56e-44c8-a63a-b577c30dc447" BookingCode=BK-2406 UserId="10000000-0000-0000-0000-000000000001" RoomId="20000000-0000-0000-0000-000000000005"
2026-04-22 01:32:08.004 +02:00 [INF] Executing CreatedAtActionResult, writing value of type 'HotelBooking.API.Common.ApiResponse'.
2026-04-22 01:32:08.023 +02:00 [INF] Executed action HotelBooking.API.Controllers.BookingsController.CreateBooking (HotelBooking.API) in 105.7237ms
2026-04-22 01:32:08.025 +02:00 [INF] Executed endpoint 'HotelBooking.API.Controllers.BookingsController.CreateBooking (HotelBooking.API)'
2026-04-22 01:32:08.026 +02:00 [INF] HTTP POST /api/bookings responded 201 in 117.1938 ms
2026-04-22 01:32:08.030 +02:00 [INF] Request finished HTTP/1.1 POST http://localhost:5259/api/bookings - 201 null application/json; charset=utf-8 123.9273ms
2026-04-22 01:32:08.033 +02:00 [INF] Request starting HTTP/1.1 OPTIONS http://localhost:5259/api/notifications?pageNumber=1&pageSize=8 - null null
2026-04-22 01:32:08.033 +02:00 [INF] Request starting HTTP/1.1 OPTIONS http://localhost:5259/api/rooms?status=Available&page=1&pageSize=100 - null null
2026-04-22 01:32:08.034 +02:00 [INF] Request starting HTTP/1.1 OPTIONS http://localhost:5259/api/bookings?page=1&pageSize=100 - null null
2026-04-22 01:32:08.037 +02:00 [INF] CORS policy execution successful.
2026-04-22 01:32:08.040 +02:00 [INF] CORS policy execution successful.
2026-04-22 01:32:08.042 +02:00 [INF] CORS policy execution successful.
2026-04-22 01:32:08.043 +02:00 [INF] HTTP OPTIONS /api/notifications responded 204 in 5.8087 ms
2026-04-22 01:32:08.044 +02:00 [INF] HTTP OPTIONS /api/rooms responded 204 in 4.3226 ms
2026-04-22 01:32:08.045 +02:00 [INF] HTTP OPTIONS /api/bookings responded 204 in 2.6222 ms
2026-04-22 01:32:08.046 +02:00 [INF] Request finished HTTP/1.1 OPTIONS http://localhost:5259/api/notifications?pageNumber=1&pageSize=8 - 204 null null 13.7709ms
2026-04-22 01:32:08.048 +02:00 [INF] Request finished HTTP/1.1 OPTIONS http://localhost:5259/api/rooms?status=Available&page=1&pageSize=100 - 204 null null 15.4139ms
2026-04-22 01:32:08.050 +02:00 [INF] Request finished HTTP/1.1 OPTIONS http://localhost:5259/api/bookings?page=1&pageSize=100 - 204 null null 16.1263ms
2026-04-22 01:32:08.053 +02:00 [INF] Request starting HTTP/1.1 GET http://localhost:5259/api/notifications?pageNumber=1&pageSize=8 - null null
2026-04-22 01:32:08.056 +02:00 [INF] Request starting HTTP/1.1 GET http://localhost:5259/api/rooms?status=Available&page=1&pageSize=100 - null null
2026-04-22 01:32:08.059 +02:00 [INF] Request starting HTTP/1.1 GET http://localhost:5259/api/bookings?page=1&pageSize=100 - null null
2026-04-22 01:32:08.061 +02:00 [INF] CORS policy execution successful.
2026-04-22 01:32:08.064 +02:00 [INF] CORS policy execution successful.
2026-04-22 01:32:08.066 +02:00 [INF] CORS policy execution successful.
2026-04-22 01:32:08.067 +02:00 [INF] Executing endpoint 'HotelBooking.API.Controllers.NotificationsController.GetNotifications (HotelBooking.API)'
2026-04-22 01:32:08.067 +02:00 [INF] Executing endpoint 'HotelBooking.API.Controllers.RoomsController.GetRooms (HotelBooking.API)'
2026-04-22 01:32:08.068 +02:00 [INF] Executing endpoint 'HotelBooking.API.Controllers.BookingsController.GetBookings (HotelBooking.API)'
2026-04-22 01:32:08.069 +02:00 [INF] Route matched with {action = "GetNotifications", controller = "Notifications"}. Executing controller action with signature System.Threading.Tasks.Task`1[Microsoft.AspNetCore.Mvc.IActionResult] GetNotifications(Boolean, Int32, Int32, System.Threading.CancellationToken) on controller HotelBooking.API.Controllers.NotificationsController (HotelBooking.API).
2026-04-22 01:32:08.070 +02:00 [INF] Route matched with {action = "GetRooms", controller = "Rooms"}. Executing controller action with signature System.Threading.Tasks.Task`1[Microsoft.AspNetCore.Mvc.IActionResult] GetRooms(System.Nullable`1[HotelBooking.Domain.Enums.RoomType], System.Nullable`1[HotelBooking.Domain.Enums.RoomStatus], System.Nullable`1[System.Int32], System.String, Int32, Int32, System.Threading.CancellationToken) on controller HotelBooking.API.Controllers.RoomsController (HotelBooking.API).
2026-04-22 01:32:08.071 +02:00 [INF] Route matched with {action = "GetBookings", controller = "Bookings"}. Executing controller action with signature System.Threading.Tasks.Task`1[Microsoft.AspNetCore.Mvc.IActionResult] GetBookings(System.Nullable`1[HotelBooking.Domain.Enums.BookingStatus], System.String, System.String, System.String, System.Nullable`1[System.DateOnly], System.Nullable`1[System.DateOnly], Int32, Int32, System.Threading.CancellationToken) on controller HotelBooking.API.Controllers.BookingsController (HotelBooking.API).
2026-04-22 01:32:08.074 +02:00 [INF] Executed DbCommand (0ms) [Parameters=[@__userId_0='?' (DbType = Guid)], CommandType='"Text"', CommandTimeout='30']
SELECT count(*)::int
FROM "Notifications" AS n
WHERE n."UserId" = @__userId_0 AND NOT (n."IsRead")
2026-04-22 01:32:08.076 +02:00 [INF] Executed DbCommand (0ms) [Parameters=[@__filter_Status_Value_0='?' (DbType = Int32)], CommandType='"Text"', CommandTimeout='30']
SELECT count(*)::int
FROM "Rooms" AS r
WHERE r."Status" = @__filter_Status_Value_0
2026-04-22 01:32:08.078 +02:00 [INF] Executed DbCommand (0ms) [Parameters=[], CommandType='"Text"', CommandTimeout='30']
SELECT count(*)::int
FROM "Bookings" AS b
2026-04-22 01:32:08.080 +02:00 [INF] Executed DbCommand (1ms) [Parameters=[@__userId_0='?' (DbType = Guid)], CommandType='"Text"', CommandTimeout='30']
SELECT count(*)::int
FROM "Notifications" AS n
WHERE n."UserId" = @__userId_0
2026-04-22 01:32:08.082 +02:00 [INF] Executed DbCommand (0ms) [Parameters=[@__filter_Status_Value_0='?' (DbType = Int32), @__p_2='?' (DbType = Int32), @__p_1='?' (DbType = Int32)], CommandType='"Text"', CommandTimeout='30']
SELECT r."Id", r."RoomNumber", r."FloorNumber", CASE r."Type"
    WHEN 1 THEN 'Standard'
    WHEN 2 THEN 'Deluxe'
    WHEN 3 THEN 'Family'
    WHEN 4 THEN 'BusinessSuite'
    ELSE r."Type"::text
END, CASE r."Status"
    WHEN 1 THEN 'Available'
    WHEN 2 THEN 'Occupied'
    WHEN 3 THEN 'Cleaning'
    WHEN 4 THEN 'Maintenance'
    ELSE r."Status"::text
END, r."PricePerNight", r."BedCount", r."Amenities", r."CreatedAt"
FROM "Rooms" AS r
WHERE r."Status" = @__filter_Status_Value_0
ORDER BY r."FloorNumber", r."RoomNumber"
LIMIT @__p_2 OFFSET @__p_1
2026-04-22 01:32:08.085 +02:00 [INF] Executed DbCommand (1ms) [Parameters=[@__p_1='?' (DbType = Int32), @__p_0='?' (DbType = Int32)], CommandType='"Text"', CommandTimeout='30']
SELECT b0."Id", b0."BookingCode", b0."UserId", u."FullName", u."Email", b0."RoomId", r."RoomNumber", CASE r."Type"
    WHEN 1 THEN 'Standard'
    WHEN 2 THEN 'Deluxe'
    WHEN 3 THEN 'Family'
    WHEN 4 THEN 'BusinessSuite'
    ELSE r."Type"::text
END, b0."CheckInDate", b0."CheckOutDate", b0."TotalAmount", CASE b0."PaymentMethod"
    WHEN 1 THEN 'Card'
    WHEN 2 THEN 'Cash'
    WHEN 3 THEN 'Check'
    ELSE b0."PaymentMethod"::text
END, CASE b0."Status"
    WHEN 1 THEN 'Confirmed'
    WHEN 2 THEN 'Active'
    WHEN 3 THEN 'CheckedOut'
    WHEN 4 THEN 'Cancelled'
    ELSE b0."Status"::text
END, b0."CheckOutDate" - b0."CheckInDate", b0."CreatedAt"
FROM (
    SELECT b."Id", b."BookingCode", b."CheckInDate", b."CheckOutDate", b."CreatedAt", b."PaymentMethod", b."RoomId", b."Status", b."TotalAmount", b."UserId"
    FROM "Bookings" AS b
    ORDER BY b."CreatedAt" DESC
    LIMIT @__p_1 OFFSET @__p_0
) AS b0
INNER JOIN "Users" AS u ON b0."UserId" = u."Id"
INNER JOIN "Rooms" AS r ON b0."RoomId" = r."Id"
ORDER BY b0."CreatedAt" DESC
2026-04-22 01:32:08.087 +02:00 [INF] Executed DbCommand (0ms) [Parameters=[@__userId_0='?' (DbType = Guid), @__p_2='?' (DbType = Int32), @__p_1='?' (DbType = Int32)], CommandType='"Text"', CommandTimeout='30']
SELECT n."Id", n."Title", n."Message", CASE n."Type"
    WHEN 1 THEN 'BookingCreated'
    WHEN 2 THEN 'BookingCancelled'
    WHEN 3 THEN 'CheckInCompleted'
    WHEN 4 THEN 'CheckOutCompleted'
    WHEN 5 THEN 'PaymentCompleted'
    WHEN 6 THEN 'HousekeepingUpdated'
    WHEN 7 THEN 'MaintenanceAlert'
    ELSE n."Type"::text
END, n."IsRead", n."CreatedAt"
FROM "Notifications" AS n
WHERE n."UserId" = @__userId_0
ORDER BY n."CreatedAt" DESC
LIMIT @__p_2 OFFSET @__p_1
2026-04-22 01:32:08.088 +02:00 [INF] Executing OkObjectResult, writing value of type 'HotelBooking.API.Common.ApiResponse'.
2026-04-22 01:32:08.090 +02:00 [INF] Executing OkObjectResult, writing value of type 'HotelBooking.API.Common.ApiResponse'.
2026-04-22 01:32:08.092 +02:00 [INF] Executing OkObjectResult, writing value of type 'HotelBooking.API.Common.ApiResponse'.
2026-04-22 01:32:08.093 +02:00 [INF] Executed action HotelBooking.API.Controllers.RoomsController.GetRooms (HotelBooking.API) in 18.1909ms
2026-04-22 01:32:08.094 +02:00 [INF] Executed action HotelBooking.API.Controllers.BookingsController.GetBookings (HotelBooking.API) in 17.3239ms
2026-04-22 01:32:08.096 +02:00 [INF] Executed action HotelBooking.API.Controllers.NotificationsController.GetNotifications (HotelBooking.API) in 23.5178ms
2026-04-22 01:32:08.097 +02:00 [INF] Executed endpoint 'HotelBooking.API.Controllers.RoomsController.GetRooms (HotelBooking.API)'
2026-04-22 01:32:08.098 +02:00 [INF] Executed endpoint 'HotelBooking.API.Controllers.BookingsController.GetBookings (HotelBooking.API)'
2026-04-22 01:32:08.099 +02:00 [INF] Executed endpoint 'HotelBooking.API.Controllers.NotificationsController.GetNotifications (HotelBooking.API)'
2026-04-22 01:32:08.100 +02:00 [INF] HTTP GET /api/rooms responded 200 in 36.4282 ms
2026-04-22 01:32:08.101 +02:00 [INF] HTTP GET /api/bookings responded 200 in 35.2727 ms
2026-04-22 01:32:08.102 +02:00 [INF] HTTP GET /api/notifications responded 200 in 40.4231 ms
2026-04-22 01:32:08.104 +02:00 [INF] Request finished HTTP/1.1 GET http://localhost:5259/api/rooms?status=Available&page=1&pageSize=100 - 200 null application/json; charset=utf-8 47.6055ms
2026-04-22 01:32:08.106 +02:00 [INF] Request finished HTTP/1.1 GET http://localhost:5259/api/bookings?page=1&pageSize=100 - 200 null application/json; charset=utf-8 46.7583ms
2026-04-22 01:32:08.108 +02:00 [INF] Request finished HTTP/1.1 GET http://localhost:5259/api/notifications?pageNumber=1&pageSize=8 - 200 null application/json; charset=utf-8 54.158ms
2026-04-22 01:32:08.137 +02:00 [INF] Request starting HTTP/1.1 OPTIONS http://localhost:5259/api/bookings/bd506857-f56e-44c8-a63a-b577c30dc447 - null null
2026-04-22 01:32:08.141 +02:00 [INF] CORS policy execution successful.
2026-04-22 01:32:08.141 +02:00 [INF] HTTP OPTIONS /api/bookings/bd506857-f56e-44c8-a63a-b577c30dc447 responded 204 in 0.7531 ms
2026-04-22 01:32:08.143 +02:00 [INF] Request finished HTTP/1.1 OPTIONS http://localhost:5259/api/bookings/bd506857-f56e-44c8-a63a-b577c30dc447 - 204 null null 5.8199ms
2026-04-22 01:32:08.147 +02:00 [INF] Request starting HTTP/1.1 GET http://localhost:5259/api/bookings/bd506857-f56e-44c8-a63a-b577c30dc447 - null null
2026-04-22 01:32:08.151 +02:00 [INF] CORS policy execution successful.
2026-04-22 01:32:08.153 +02:00 [INF] Executing endpoint 'HotelBooking.API.Controllers.BookingsController.GetBooking (HotelBooking.API)'
2026-04-22 01:32:08.155 +02:00 [INF] Route matched with {action = "GetBooking", controller = "Bookings"}. Executing controller action with signature System.Threading.Tasks.Task`1[Microsoft.AspNetCore.Mvc.IActionResult] GetBooking(System.Guid, System.Threading.CancellationToken) on controller HotelBooking.API.Controllers.BookingsController (HotelBooking.API).
2026-04-22 01:32:08.159 +02:00 [INF] Executed DbCommand (1ms) [Parameters=[@__id_0='?' (DbType = Guid)], CommandType='"Text"', CommandTimeout='30']
SELECT b."Id", b."ActualCheckIn", b."ActualCheckOut", b."BookingCode", b."CheckInDate", b."CheckOutDate", b."CreatedAt", b."GuestCount", b."PaymentMethod", b."RoomId", b."SpecialRequests", b."Status", b."TotalAmount", b."UpdatedAt", b."UserId", u."Id", u."CreatedAt", u."Email", u."FullName", u."IsActive", u."PasswordHash", u."RoleId", u."UpdatedAt", r."Id", r."Amenities", r."BedCount", r."CreatedAt", r."FloorNumber", r."PricePerNight", r."RoomNumber", r."Status", r."Type", r."UpdatedAt"
FROM "Bookings" AS b
INNER JOIN "Users" AS u ON b."UserId" = u."Id"
INNER JOIN "Rooms" AS r ON b."RoomId" = r."Id"
WHERE b."Id" = @__id_0
LIMIT 1
2026-04-22 01:32:08.162 +02:00 [INF] Executing OkObjectResult, writing value of type 'HotelBooking.API.Common.ApiResponse'.
2026-04-22 01:32:08.164 +02:00 [INF] Executed action HotelBooking.API.Controllers.BookingsController.GetBooking (HotelBooking.API) in 7.085ms
2026-04-22 01:32:08.166 +02:00 [INF] Executed endpoint 'HotelBooking.API.Controllers.BookingsController.GetBooking (HotelBooking.API)'
2026-04-22 01:32:08.167 +02:00 [INF] HTTP GET /api/bookings/bd506857-f56e-44c8-a63a-b577c30dc447 responded 200 in 16.0132 ms
2026-04-22 01:32:08.169 +02:00 [INF] Request finished HTTP/1.1 GET http://localhost:5259/api/bookings/bd506857-f56e-44c8-a63a-b577c30dc447 - 200 null application/json; charset=utf-8 22.0538ms
2026-04-22 01:32:13.920 +02:00 [INF] Request starting HTTP/1.1 OPTIONS http://localhost:5259/api/bookings?status=Active&page=1&pageSize=100 - null null
2026-04-22 01:32:13.922 +02:00 [INF] CORS policy execution successful.
2026-04-22 01:32:13.923 +02:00 [INF] HTTP OPTIONS /api/bookings responded 204 in 0.8830 ms
2026-04-22 01:32:13.925 +02:00 [INF] Request finished HTTP/1.1 OPTIONS http://localhost:5259/api/bookings?status=Active&page=1&pageSize=100 - 204 null null 5.5935ms
2026-04-22 01:32:13.929 +02:00 [INF] Request starting HTTP/1.1 GET http://localhost:5259/api/bookings?status=Active&page=1&pageSize=100 - null null
2026-04-22 01:32:13.931 +02:00 [INF] CORS policy execution successful.
2026-04-22 01:32:13.932 +02:00 [INF] Executing endpoint 'HotelBooking.API.Controllers.BookingsController.GetBookings (HotelBooking.API)'
2026-04-22 01:32:13.934 +02:00 [INF] Route matched with {action = "GetBookings", controller = "Bookings"}. Executing controller action with signature System.Threading.Tasks.Task`1[Microsoft.AspNetCore.Mvc.IActionResult] GetBookings(System.Nullable`1[HotelBooking.Domain.Enums.BookingStatus], System.String, System.String, System.String, System.Nullable`1[System.DateOnly], System.Nullable`1[System.DateOnly], Int32, Int32, System.Threading.CancellationToken) on controller HotelBooking.API.Controllers.BookingsController (HotelBooking.API).
2026-04-22 01:32:13.939 +02:00 [INF] Executed DbCommand (0ms) [Parameters=[@__filter_Status_Value_0='?' (DbType = Int32)], CommandType='"Text"', CommandTimeout='30']
SELECT count(*)::int
FROM "Bookings" AS b
WHERE b."Status" = @__filter_Status_Value_0
2026-04-22 01:32:13.950 +02:00 [INF] Executed DbCommand (1ms) [Parameters=[@__filter_Status_Value_0='?' (DbType = Int32), @__p_2='?' (DbType = Int32), @__p_1='?' (DbType = Int32)], CommandType='"Text"', CommandTimeout='30']
SELECT b0."Id", b0."BookingCode", b0."UserId", u."FullName", u."Email", b0."RoomId", r."RoomNumber", CASE r."Type"
    WHEN 1 THEN 'Standard'
    WHEN 2 THEN 'Deluxe'
    WHEN 3 THEN 'Family'
    WHEN 4 THEN 'BusinessSuite'
    ELSE r."Type"::text
END, b0."CheckInDate", b0."CheckOutDate", b0."TotalAmount", CASE b0."PaymentMethod"
    WHEN 1 THEN 'Card'
    WHEN 2 THEN 'Cash'
    WHEN 3 THEN 'Check'
    ELSE b0."PaymentMethod"::text
END, CASE b0."Status"
    WHEN 1 THEN 'Confirmed'
    WHEN 2 THEN 'Active'
    WHEN 3 THEN 'CheckedOut'
    WHEN 4 THEN 'Cancelled'
    ELSE b0."Status"::text
END, b0."CheckOutDate" - b0."CheckInDate", b0."CreatedAt"
FROM (
    SELECT b."Id", b."BookingCode", b."CheckInDate", b."CheckOutDate", b."CreatedAt", b."PaymentMethod", b."RoomId", b."Status", b."TotalAmount", b."UserId"
    FROM "Bookings" AS b
    WHERE b."Status" = @__filter_Status_Value_0
    ORDER BY b."CreatedAt" DESC
    LIMIT @__p_2 OFFSET @__p_1
) AS b0
INNER JOIN "Users" AS u ON b0."UserId" = u."Id"
INNER JOIN "Rooms" AS r ON b0."RoomId" = r."Id"
ORDER BY b0."CreatedAt" DESC
2026-04-22 01:32:13.952 +02:00 [INF] Executing OkObjectResult, writing value of type 'HotelBooking.API.Common.ApiResponse'.
2026-04-22 01:32:13.953 +02:00 [INF] Executed action HotelBooking.API.Controllers.BookingsController.GetBookings (HotelBooking.API) in 18.147ms
2026-04-22 01:32:13.955 +02:00 [INF] Executed endpoint 'HotelBooking.API.Controllers.BookingsController.GetBookings (HotelBooking.API)'
2026-04-22 01:32:13.956 +02:00 [INF] HTTP GET /api/bookings responded 200 in 24.4837 ms
2026-04-22 01:32:13.958 +02:00 [INF] Request finished HTTP/1.1 GET http://localhost:5259/api/bookings?status=Active&page=1&pageSize=100 - 200 null application/json; charset=utf-8 29.0354ms
2026-04-22 01:32:17.493 +02:00 [INF] Request starting HTTP/1.1 OPTIONS http://localhost:5259/api/bookings/40000000-0000-0000-0000-000000000003 - null null
2026-04-22 01:32:17.497 +02:00 [INF] CORS policy execution successful.
2026-04-22 01:32:17.498 +02:00 [INF] HTTP OPTIONS /api/bookings/40000000-0000-0000-0000-000000000003 responded 204 in 0.9195 ms
2026-04-22 01:32:17.502 +02:00 [INF] Request finished HTTP/1.1 OPTIONS http://localhost:5259/api/bookings/40000000-0000-0000-0000-000000000003 - 204 null null 9.3918ms
2026-04-22 01:32:17.508 +02:00 [INF] Request starting HTTP/1.1 GET http://localhost:5259/api/bookings/40000000-0000-0000-0000-000000000003 - null null
2026-04-22 01:32:17.512 +02:00 [INF] CORS policy execution successful.
2026-04-22 01:32:17.514 +02:00 [INF] Executing endpoint 'HotelBooking.API.Controllers.BookingsController.GetBooking (HotelBooking.API)'
2026-04-22 01:32:17.515 +02:00 [INF] Route matched with {action = "GetBooking", controller = "Bookings"}. Executing controller action with signature System.Threading.Tasks.Task`1[Microsoft.AspNetCore.Mvc.IActionResult] GetBooking(System.Guid, System.Threading.CancellationToken) on controller HotelBooking.API.Controllers.BookingsController (HotelBooking.API).
2026-04-22 01:32:17.518 +02:00 [INF] Executed DbCommand (1ms) [Parameters=[@__id_0='?' (DbType = Guid)], CommandType='"Text"', CommandTimeout='30']
SELECT b."Id", b."ActualCheckIn", b."ActualCheckOut", b."BookingCode", b."CheckInDate", b."CheckOutDate", b."CreatedAt", b."GuestCount", b."PaymentMethod", b."RoomId", b."SpecialRequests", b."Status", b."TotalAmount", b."UpdatedAt", b."UserId", u."Id", u."CreatedAt", u."Email", u."FullName", u."IsActive", u."PasswordHash", u."RoleId", u."UpdatedAt", r."Id", r."Amenities", r."BedCount", r."CreatedAt", r."FloorNumber", r."PricePerNight", r."RoomNumber", r."Status", r."Type", r."UpdatedAt"
FROM "Bookings" AS b
INNER JOIN "Users" AS u ON b."UserId" = u."Id"
INNER JOIN "Rooms" AS r ON b."RoomId" = r."Id"
WHERE b."Id" = @__id_0
LIMIT 1
2026-04-22 01:32:17.521 +02:00 [INF] Executing OkObjectResult, writing value of type 'HotelBooking.API.Common.ApiResponse'.
2026-04-22 01:32:17.522 +02:00 [INF] Executed action HotelBooking.API.Controllers.BookingsController.GetBooking (HotelBooking.API) in 5.4695ms
2026-04-22 01:32:17.524 +02:00 [INF] Executed endpoint 'HotelBooking.API.Controllers.BookingsController.GetBooking (HotelBooking.API)'
2026-04-22 01:32:17.525 +02:00 [INF] HTTP GET /api/bookings/40000000-0000-0000-0000-000000000003 responded 200 in 12.9792 ms
2026-04-22 01:32:17.528 +02:00 [INF] Request finished HTTP/1.1 GET http://localhost:5259/api/bookings/40000000-0000-0000-0000-000000000003 - 200 null application/json; charset=utf-8 19.8008ms
2026-04-22 01:32:26.851 +02:00 [INF] Request starting HTTP/1.1 OPTIONS http://localhost:5259/api/rooms?page=1&pageSize=100 - null null
2026-04-22 01:32:26.851 +02:00 [INF] Request starting HTTP/1.1 OPTIONS http://localhost:5259/api/bookings?page=1&pageSize=100 - null null
2026-04-22 01:32:26.851 +02:00 [INF] Request starting HTTP/1.1 OPTIONS http://localhost:5259/api/notifications?pageNumber=1&pageSize=6 - null null
2026-04-22 01:32:26.855 +02:00 [INF] CORS policy execution successful.
2026-04-22 01:32:26.858 +02:00 [INF] CORS policy execution successful.
2026-04-22 01:32:26.862 +02:00 [INF] CORS policy execution successful.
2026-04-22 01:32:26.865 +02:00 [INF] HTTP OPTIONS /api/bookings responded 204 in 6.8266 ms
2026-04-22 01:32:26.865 +02:00 [INF] HTTP OPTIONS /api/rooms responded 204 in 10.5387 ms
2026-04-22 01:32:26.867 +02:00 [INF] HTTP OPTIONS /api/notifications responded 204 in 5.1673 ms
2026-04-22 01:32:26.870 +02:00 [INF] Request finished HTTP/1.1 OPTIONS http://localhost:5259/api/bookings?page=1&pageSize=100 - 204 null null 18.7665ms
2026-04-22 01:32:26.873 +02:00 [INF] Request finished HTTP/1.1 OPTIONS http://localhost:5259/api/rooms?page=1&pageSize=100 - 204 null null 22.0698ms
2026-04-22 01:32:26.875 +02:00 [INF] Request finished HTTP/1.1 OPTIONS http://localhost:5259/api/notifications?pageNumber=1&pageSize=6 - 204 null null 23.6698ms
2026-04-22 01:32:26.880 +02:00 [INF] Request starting HTTP/1.1 GET http://localhost:5259/api/bookings?page=1&pageSize=100 - null null
2026-04-22 01:32:26.886 +02:00 [INF] Request starting HTTP/1.1 GET http://localhost:5259/api/rooms?page=1&pageSize=100 - null null
2026-04-22 01:32:26.892 +02:00 [INF] Request starting HTTP/1.1 GET http://localhost:5259/api/notifications?pageNumber=1&pageSize=6 - null null
2026-04-22 01:32:26.896 +02:00 [INF] CORS policy execution successful.
2026-04-22 01:32:26.900 +02:00 [INF] CORS policy execution successful.
2026-04-22 01:32:26.903 +02:00 [INF] CORS policy execution successful.
2026-04-22 01:32:26.905 +02:00 [INF] Executing endpoint 'HotelBooking.API.Controllers.BookingsController.GetBookings (HotelBooking.API)'
2026-04-22 01:32:26.906 +02:00 [INF] Executing endpoint 'HotelBooking.API.Controllers.RoomsController.GetRooms (HotelBooking.API)'
2026-04-22 01:32:26.908 +02:00 [INF] Executing endpoint 'HotelBooking.API.Controllers.NotificationsController.GetNotifications (HotelBooking.API)'
2026-04-22 01:32:26.909 +02:00 [INF] Route matched with {action = "GetBookings", controller = "Bookings"}. Executing controller action with signature System.Threading.Tasks.Task`1[Microsoft.AspNetCore.Mvc.IActionResult] GetBookings(System.Nullable`1[HotelBooking.Domain.Enums.BookingStatus], System.String, System.String, System.String, System.Nullable`1[System.DateOnly], System.Nullable`1[System.DateOnly], Int32, Int32, System.Threading.CancellationToken) on controller HotelBooking.API.Controllers.BookingsController (HotelBooking.API).
2026-04-22 01:32:26.910 +02:00 [INF] Route matched with {action = "GetRooms", controller = "Rooms"}. Executing controller action with signature System.Threading.Tasks.Task`1[Microsoft.AspNetCore.Mvc.IActionResult] GetRooms(System.Nullable`1[HotelBooking.Domain.Enums.RoomType], System.Nullable`1[HotelBooking.Domain.Enums.RoomStatus], System.Nullable`1[System.Int32], System.String, Int32, Int32, System.Threading.CancellationToken) on controller HotelBooking.API.Controllers.RoomsController (HotelBooking.API).
2026-04-22 01:32:26.912 +02:00 [INF] Route matched with {action = "GetNotifications", controller = "Notifications"}. Executing controller action with signature System.Threading.Tasks.Task`1[Microsoft.AspNetCore.Mvc.IActionResult] GetNotifications(Boolean, Int32, Int32, System.Threading.CancellationToken) on controller HotelBooking.API.Controllers.NotificationsController (HotelBooking.API).
2026-04-22 01:32:26.916 +02:00 [INF] Executed DbCommand (1ms) [Parameters=[], CommandType='"Text"', CommandTimeout='30']
SELECT count(*)::int
FROM "Bookings" AS b
2026-04-22 01:32:26.918 +02:00 [INF] Executed DbCommand (1ms) [Parameters=[], CommandType='"Text"', CommandTimeout='30']
SELECT count(*)::int
FROM "Rooms" AS r
2026-04-22 01:32:26.921 +02:00 [INF] Executed DbCommand (1ms) [Parameters=[@__userId_0='?' (DbType = Guid)], CommandType='"Text"', CommandTimeout='30']
SELECT count(*)::int
FROM "Notifications" AS n
WHERE n."UserId" = @__userId_0 AND NOT (n."IsRead")
2026-04-22 01:32:26.923 +02:00 [INF] Executed DbCommand (1ms) [Parameters=[@__p_1='?' (DbType = Int32), @__p_0='?' (DbType = Int32)], CommandType='"Text"', CommandTimeout='30']
SELECT b0."Id", b0."BookingCode", b0."UserId", u."FullName", u."Email", b0."RoomId", r."RoomNumber", CASE r."Type"
    WHEN 1 THEN 'Standard'
    WHEN 2 THEN 'Deluxe'
    WHEN 3 THEN 'Family'
    WHEN 4 THEN 'BusinessSuite'
    ELSE r."Type"::text
END, b0."CheckInDate", b0."CheckOutDate", b0."TotalAmount", CASE b0."PaymentMethod"
    WHEN 1 THEN 'Card'
    WHEN 2 THEN 'Cash'
    WHEN 3 THEN 'Check'
    ELSE b0."PaymentMethod"::text
END, CASE b0."Status"
    WHEN 1 THEN 'Confirmed'
    WHEN 2 THEN 'Active'
    WHEN 3 THEN 'CheckedOut'
    WHEN 4 THEN 'Cancelled'
    ELSE b0."Status"::text
END, b0."CheckOutDate" - b0."CheckInDate", b0."CreatedAt"
FROM (
    SELECT b."Id", b."BookingCode", b."CheckInDate", b."CheckOutDate", b."CreatedAt", b."PaymentMethod", b."RoomId", b."Status", b."TotalAmount", b."UserId"
    FROM "Bookings" AS b
    ORDER BY b."CreatedAt" DESC
    LIMIT @__p_1 OFFSET @__p_0
) AS b0
INNER JOIN "Users" AS u ON b0."UserId" = u."Id"
INNER JOIN "Rooms" AS r ON b0."RoomId" = r."Id"
ORDER BY b0."CreatedAt" DESC
2026-04-22 01:32:26.928 +02:00 [INF] Executed DbCommand (1ms) [Parameters=[@__p_1='?' (DbType = Int32), @__p_0='?' (DbType = Int32)], CommandType='"Text"', CommandTimeout='30']
SELECT r."Id", r."RoomNumber", r."FloorNumber", CASE r."Type"
    WHEN 1 THEN 'Standard'
    WHEN 2 THEN 'Deluxe'
    WHEN 3 THEN 'Family'
    WHEN 4 THEN 'BusinessSuite'
    ELSE r."Type"::text
END, CASE r."Status"
    WHEN 1 THEN 'Available'
    WHEN 2 THEN 'Occupied'
    WHEN 3 THEN 'Cleaning'
    WHEN 4 THEN 'Maintenance'
    ELSE r."Status"::text
END, r."PricePerNight", r."BedCount", r."Amenities", r."CreatedAt"
FROM "Rooms" AS r
ORDER BY r."FloorNumber", r."RoomNumber"
LIMIT @__p_1 OFFSET @__p_0
2026-04-22 01:32:26.930 +02:00 [INF] Executed DbCommand (1ms) [Parameters=[@__userId_0='?' (DbType = Guid)], CommandType='"Text"', CommandTimeout='30']
SELECT count(*)::int
FROM "Notifications" AS n
WHERE n."UserId" = @__userId_0
2026-04-22 01:32:26.933 +02:00 [INF] Executing OkObjectResult, writing value of type 'HotelBooking.API.Common.ApiResponse'.
2026-04-22 01:32:26.935 +02:00 [INF] Executing OkObjectResult, writing value of type 'HotelBooking.API.Common.ApiResponse'.
2026-04-22 01:32:26.940 +02:00 [INF] Executed DbCommand (1ms) [Parameters=[@__userId_0='?' (DbType = Guid), @__p_2='?' (DbType = Int32), @__p_1='?' (DbType = Int32)], CommandType='"Text"', CommandTimeout='30']
SELECT n."Id", n."Title", n."Message", CASE n."Type"
    WHEN 1 THEN 'BookingCreated'
    WHEN 2 THEN 'BookingCancelled'
    WHEN 3 THEN 'CheckInCompleted'
    WHEN 4 THEN 'CheckOutCompleted'
    WHEN 5 THEN 'PaymentCompleted'
    WHEN 6 THEN 'HousekeepingUpdated'
    WHEN 7 THEN 'MaintenanceAlert'
    ELSE n."Type"::text
END, n."IsRead", n."CreatedAt"
FROM "Notifications" AS n
WHERE n."UserId" = @__userId_0
ORDER BY n."CreatedAt" DESC
LIMIT @__p_2 OFFSET @__p_1
2026-04-22 01:32:26.941 +02:00 [INF] Executed action HotelBooking.API.Controllers.BookingsController.GetBookings (HotelBooking.API) in 26.6783ms
2026-04-22 01:32:26.943 +02:00 [INF] Executed action HotelBooking.API.Controllers.RoomsController.GetRooms (HotelBooking.API) in 26.5039ms
2026-04-22 01:32:26.945 +02:00 [INF] Executing OkObjectResult, writing value of type 'HotelBooking.API.Common.ApiResponse'.
2026-04-22 01:32:26.946 +02:00 [INF] Executed endpoint 'HotelBooking.API.Controllers.BookingsController.GetBookings (HotelBooking.API)'
2026-04-22 01:32:26.948 +02:00 [INF] Executed endpoint 'HotelBooking.API.Controllers.RoomsController.GetRooms (HotelBooking.API)'
2026-04-22 01:32:26.950 +02:00 [INF] Executed action HotelBooking.API.Controllers.NotificationsController.GetNotifications (HotelBooking.API) in 29.9108ms
2026-04-22 01:32:26.951 +02:00 [INF] HTTP GET /api/bookings responded 200 in 55.0202 ms
2026-04-22 01:32:26.952 +02:00 [INF] HTTP GET /api/rooms responded 200 in 52.4211 ms
2026-04-22 01:32:26.954 +02:00 [INF] Executed endpoint 'HotelBooking.API.Controllers.NotificationsController.GetNotifications (HotelBooking.API)'
2026-04-22 01:32:26.956 +02:00 [INF] Request finished HTTP/1.1 GET http://localhost:5259/api/bookings?page=1&pageSize=100 - 200 null application/json; charset=utf-8 76.316ms
2026-04-22 01:32:26.958 +02:00 [INF] Request finished HTTP/1.1 GET http://localhost:5259/api/rooms?page=1&pageSize=100 - 200 null application/json; charset=utf-8 72.6229ms
2026-04-22 01:32:26.959 +02:00 [INF] HTTP GET /api/notifications responded 200 in 56.1759 ms
2026-04-22 01:32:26.970 +02:00 [INF] Request finished HTTP/1.1 GET http://localhost:5259/api/notifications?pageNumber=1&pageSize=6 - 200 null application/json; charset=utf-8 78.3072ms
2026-04-22 01:32:48.944 +02:00 [INF] Application is shutting down...
