2026-04-23 14:38:19.987 +02:00 [INF] Environment: Development
2026-04-23 14:38:20.129 +02:00 [INF] Initializing database
2026-04-23 14:38:21.089 +02:00 [INF] Executed DbCommand (16ms) [Parameters=[], CommandType='"Text"', CommandTimeout='30']
SELECT "MigrationId", "ProductVersion"
FROM "__EFMigrationsHistory"
ORDER BY "MigrationId";
2026-04-23 14:38:21.373 +02:00 [INF] Executed DbCommand (9ms) [Parameters=[], CommandType='"Text"', CommandTimeout='30']
CREATE TABLE IF NOT EXISTS "__EFMigrationsHistory" (
    "MigrationId" character varying(150) NOT NULL,
    "ProductVersion" character varying(32) NOT NULL,
    CONSTRAINT "PK___EFMigrationsHistory" PRIMARY KEY ("MigrationId")
);
2026-04-23 14:38:21.391 +02:00 [INF] Executed DbCommand (1ms) [Parameters=[], CommandType='"Text"', CommandTimeout='30']
LOCK TABLE "__EFMigrationsHistory" IN ACCESS EXCLUSIVE MODE
2026-04-23 14:38:21.395 +02:00 [INF] Executed DbCommand (0ms) [Parameters=[], CommandType='"Text"', CommandTimeout='30']
SELECT "MigrationId", "ProductVersion"
FROM "__EFMigrationsHistory"
ORDER BY "MigrationId";
2026-04-23 14:38:21.403 +02:00 [INF] Applying migration '20260422002009_AddAuditLog'.
2026-04-23 14:38:21.439 +02:00 [INF] Executed DbCommand (20ms) [Parameters=[], CommandType='"Text"', CommandTimeout='30']
CREATE TABLE "AuditLogs" (
    "Id" uuid NOT NULL,
    "EntityName" character varying(100) NOT NULL,
    "EntityId" uuid NOT NULL,
    "Action" character varying(100) NOT NULL,
    "ActorId" uuid,
    "Details" character varying(1000),
    "Timestamp" timestamp with time zone NOT NULL,
    CONSTRAINT "PK_AuditLogs" PRIMARY KEY ("Id")
);
2026-04-23 14:38:21.443 +02:00 [INF] Executed DbCommand (1ms) [Parameters=[], CommandType='"Text"', CommandTimeout='30']
CREATE INDEX "IX_AuditLogs_EntityName_EntityId" ON "AuditLogs" ("EntityName", "EntityId");
2026-04-23 14:38:21.447 +02:00 [INF] Executed DbCommand (2ms) [Parameters=[], CommandType='"Text"', CommandTimeout='30']
CREATE INDEX "IX_AuditLogs_Timestamp" ON "AuditLogs" ("Timestamp");
2026-04-23 14:38:21.452 +02:00 [INF] Executed DbCommand (1ms) [Parameters=[], CommandType='"Text"', CommandTimeout='30']
INSERT INTO "__EFMigrationsHistory" ("MigrationId", "ProductVersion")
VALUES ('20260422002009_AddAuditLog', '9.0.4');
2026-04-23 14:38:21.674 +02:00 [INF] Executed DbCommand (4ms) [Parameters=[], CommandType='"Text"', CommandTimeout='30']
SELECT r."Name"
FROM "Roles" AS r
2026-04-23 14:38:21.723 +02:00 [INF] Executed DbCommand (4ms) [Parameters=[], CommandType='"Text"', CommandTimeout='30']
SELECT EXISTS (
    SELECT 1
    FROM "Users" AS u
    WHERE u."Email" = 'admin@hotel.com')
2026-04-23 14:38:21.740 +02:00 [INF] Executed DbCommand (6ms) [Parameters=[], CommandType='"Text"', CommandTimeout='30']
SELECT EXISTS (
    SELECT 1
    FROM "Rooms" AS r)
2026-04-23 14:38:21.779 +02:00 [INF] Executed DbCommand (1ms) [Parameters=[], CommandType='"Text"', CommandTimeout='30']
SELECT r."Id", r."CreatedAt", r."Name", r."UpdatedAt"
FROM "Roles" AS r
WHERE r."Name" = 'Guest'
LIMIT 1
2026-04-23 14:38:21.936 +02:00 [INF] Executed DbCommand (67ms) [Parameters=[@__Select_0='?' (DbType = Object)], CommandType='"Text"', CommandTimeout='30']
SELECT u."Email"
FROM "Users" AS u
WHERE u."Email" = ANY (@__Select_0)
2026-04-23 14:38:21.945 +02:00 [INF] Executed DbCommand (3ms) [Parameters=[], CommandType='"Text"', CommandTimeout='30']
SELECT EXISTS (
    SELECT 1
    FROM "Bookings" AS b)
2026-04-23 14:38:21.954 +02:00 [INF] Executed DbCommand (2ms) [Parameters=[], CommandType='"Text"', CommandTimeout='30']
SELECT EXISTS (
    SELECT 1
    FROM "RoomCharges" AS r)
2026-04-23 14:38:21.960 +02:00 [INF] Database initialization complete
2026-04-23 14:38:21.973 +02:00 [INF] User profile is available. Using 'C:\Users\Flori\AppData\Local\ASP.NET\DataProtection-Keys' as key repository and Windows DPAPI to encrypt keys at rest.
2026-04-23 14:38:22.078 +02:00 [INF] Now listening on: http://localhost:5259
2026-04-23 14:38:22.079 +02:00 [INF] Application started. Press Ctrl+C to shut down.
2026-04-23 14:38:22.080 +02:00 [INF] Hosting environment: Development
2026-04-23 14:38:22.082 +02:00 [INF] Content root path: C:\Users\Flori\Desktop\HBS\backend\src\HotelBooking.API
2026-04-23 14:39:10.461 +02:00 [INF] Request starting HTTP/1.1 OPTIONS http://localhost:5259/api/auth/register - null null
2026-04-23 14:39:10.508 +02:00 [INF] CORS policy execution successful.
2026-04-23 14:39:10.512 +02:00 [INF] HTTP OPTIONS /api/auth/register responded 204 in 5.0842 ms
2026-04-23 14:39:10.531 +02:00 [INF] Request finished HTTP/1.1 OPTIONS http://localhost:5259/api/auth/register - 204 null null 71.1353ms
2026-04-23 14:39:10.536 +02:00 [INF] Request starting HTTP/1.1 POST http://localhost:5259/api/auth/register - application/json 113
2026-04-23 14:39:10.543 +02:00 [INF] CORS policy execution successful.
2026-04-23 14:39:10.545 +02:00 [WRN] Failed to determine the https port for redirect.
2026-04-23 14:39:10.625 +02:00 [INF] Executing endpoint 'HotelBooking.API.Controllers.AuthController.Register (HotelBooking.API)'
2026-04-23 14:39:10.639 +02:00 [INF] Route matched with {action = "Register", controller = "Auth"}. Executing controller action with signature System.Threading.Tasks.Task`1[Microsoft.AspNetCore.Mvc.ActionResult`1[HotelBooking.Application.Features.Auth.DTOs.AuthResponse]] Register(HotelBooking.Application.Features.Auth.DTOs.RegisterRequest, System.Threading.CancellationToken) on controller HotelBooking.API.Controllers.AuthController (HotelBooking.API).
2026-04-23 14:39:10.697 +02:00 [INF] Executed action HotelBooking.API.Controllers.AuthController.Register (HotelBooking.API) in 53.1773ms
2026-04-23 14:39:10.699 +02:00 [INF] Executed endpoint 'HotelBooking.API.Controllers.AuthController.Register (HotelBooking.API)'
2026-04-23 14:39:10.703 +02:00 [ERR] Unhandled exception. TraceId=0HNL16L8MG8NR:00000002 StatusCode=400 Method=POST Path=/api/auth/register
FluentValidation.ValidationException: Validation failed: 
 -- Password: Password must contain at least one uppercase letter. Severity: Error
   at FluentValidation.AbstractValidator`1.RaiseValidationException(ValidationContext`1 context, ValidationResult result) in /_/src/FluentValidation/AbstractValidator.cs:line 531
   at FluentValidation.AbstractValidator`1.ValidateInternalAsync(ValidationContext`1 context, Boolean useAsync, CancellationToken cancellation) in /_/src/FluentValidation/AbstractValidator.cs:line 258
   at FluentValidation.AbstractValidator`1.ValidateAsync(ValidationContext`1 context, CancellationToken cancellation) in /_/src/FluentValidation/AbstractValidator.cs:line 220
   at FluentValidation.DefaultValidatorExtensions.ValidateAndThrowAsync[T](IValidator`1 validator, T instance, CancellationToken cancellationToken) in /_/src/FluentValidation/DefaultValidatorExtensions_Validate.cs:line 72
   at HotelBooking.Application.Features.Auth.AuthService.RegisterAsync(RegisterRequest request, CancellationToken cancellationToken) in C:\Users\Flori\Desktop\HBS\backend\src\HotelBooking.Application\Features\Auth\AuthService.cs:line 24
   at HotelBooking.API.Controllers.AuthController.Register(RegisterRequest request, CancellationToken ct) in C:\Users\Flori\Desktop\HBS\backend\src\HotelBooking.API\Controllers\AuthController.cs:line 14
   at lambda_method99(Closure, Object)
   at Microsoft.AspNetCore.Mvc.Infrastructure.ActionMethodExecutor.AwaitableObjectResultExecutor.Execute(ActionContext actionContext, IActionResultTypeMapper mapper, ObjectMethodExecutor executor, Object controller, Object[] arguments)
   at Microsoft.AspNetCore.Mvc.Infrastructure.ControllerActionInvoker.<InvokeActionMethodAsync>g__Awaited|12_0(ControllerActionInvoker invoker, ValueTask`1 actionResultValueTask)
   at Microsoft.AspNetCore.Mvc.Infrastructure.ControllerActionInvoker.<InvokeNextActionFilterAsync>g__Awaited|10_0(ControllerActionInvoker invoker, Task lastTask, State next, Scope scope, Object state, Boolean isCompleted)
   at Microsoft.AspNetCore.Mvc.Infrastructure.ControllerActionInvoker.Rethrow(ActionExecutedContextSealed context)
   at Microsoft.AspNetCore.Mvc.Infrastructure.ControllerActionInvoker.Next(State& next, Scope& scope, Object& state, Boolean& isCompleted)
   at Microsoft.AspNetCore.Mvc.Infrastructure.ControllerActionInvoker.InvokeInnerFilterAsync()
--- End of stack trace from previous location ---
   at Microsoft.AspNetCore.Mvc.Infrastructure.ResourceInvoker.<InvokeFilterPipelineAsync>g__Awaited|20_0(ResourceInvoker invoker, Task lastTask, State next, Scope scope, Object state, Boolean isCompleted)
   at Microsoft.AspNetCore.Mvc.Infrastructure.ResourceInvoker.<InvokeAsync>g__Logged|17_1(ResourceInvoker invoker)
   at Microsoft.AspNetCore.Mvc.Infrastructure.ResourceInvoker.<InvokeAsync>g__Logged|17_1(ResourceInvoker invoker)
   at Microsoft.AspNetCore.Routing.EndpointMiddleware.<Invoke>g__AwaitRequestTask|7_0(Endpoint endpoint, Task requestTask, ILogger logger)
   at Microsoft.AspNetCore.Authorization.AuthorizationMiddleware.Invoke(HttpContext context)
   at Microsoft.AspNetCore.Authentication.AuthenticationMiddleware.Invoke(HttpContext context)
   at HotelBooking.API.Middleware.ExceptionHandlingMiddleware.Invoke(HttpContext context) in C:\Users\Flori\Desktop\HBS\backend\src\HotelBooking.API\Middleware\ExceptionHandlingMiddleware.cs:line 17
2026-04-23 14:39:10.727 +02:00 [INF] HTTP POST /api/auth/register responded 400 in 184.2101 ms
2026-04-23 14:39:10.729 +02:00 [INF] Request finished HTTP/1.1 POST http://localhost:5259/api/auth/register - 400 null application/json 192.7567ms
2026-04-23 14:39:24.052 +02:00 [INF] Request starting HTTP/1.1 OPTIONS http://localhost:5259/api/auth/register - null null
2026-04-23 14:39:24.056 +02:00 [INF] CORS policy execution successful.
2026-04-23 14:39:24.058 +02:00 [INF] HTTP OPTIONS /api/auth/register responded 204 in 1.6574 ms
2026-04-23 14:39:24.060 +02:00 [INF] Request finished HTTP/1.1 OPTIONS http://localhost:5259/api/auth/register - 204 null null 8.3217ms
2026-04-23 14:39:24.065 +02:00 [INF] Request starting HTTP/1.1 POST http://localhost:5259/api/auth/register - application/json 114
2026-04-23 14:39:24.068 +02:00 [INF] CORS policy execution successful.
2026-04-23 14:39:24.070 +02:00 [INF] Executing endpoint 'HotelBooking.API.Controllers.AuthController.Register (HotelBooking.API)'
2026-04-23 14:39:24.071 +02:00 [INF] Route matched with {action = "Register", controller = "Auth"}. Executing controller action with signature System.Threading.Tasks.Task`1[Microsoft.AspNetCore.Mvc.ActionResult`1[HotelBooking.Application.Features.Auth.DTOs.AuthResponse]] Register(HotelBooking.Application.Features.Auth.DTOs.RegisterRequest, System.Threading.CancellationToken) on controller HotelBooking.API.Controllers.AuthController (HotelBooking.API).
2026-04-23 14:39:24.100 +02:00 [INF] Executed DbCommand (1ms) [Parameters=[@__normalizedEmail_0='?'], CommandType='"Text"', CommandTimeout='30']
SELECT EXISTS (
    SELECT 1
    FROM "Users" AS u
    WHERE u."Email" = @__normalizedEmail_0)
2026-04-23 14:39:24.110 +02:00 [INF] Executed DbCommand (1ms) [Parameters=[@__normalizedRoleName_0='?'], CommandType='"Text"', CommandTimeout='30']
SELECT r."Id", r."CreatedAt", r."Name", r."UpdatedAt"
FROM "Roles" AS r
WHERE r."Name" = @__normalizedRoleName_0
LIMIT 1
2026-04-23 14:39:24.738 +02:00 [INF] Executed DbCommand (8ms) [Parameters=[@p0='?' (DbType = Guid), @p1='?' (DbType = DateTime), @p2='?', @p3='?', @p4='?' (DbType = Boolean), @p5='?', @p6='?' (DbType = Guid), @p7='?' (DbType = DateTime)], CommandType='"Text"', CommandTimeout='30']
INSERT INTO "Users" ("Id", "CreatedAt", "Email", "FullName", "IsActive", "PasswordHash", "RoleId", "UpdatedAt")
VALUES (@p0, @p1, @p2, @p3, @p4, @p5, @p6, @p7);
2026-04-23 14:39:24.749 +02:00 [INF] User registered. UserId="f50d4ac2-0792-4c40-9c9e-c5a805cdfba3" Email=floriansylejmani147@gmail.com Role=Guest
2026-04-23 14:39:24.779 +02:00 [INF] Executing OkObjectResult, writing value of type 'HotelBooking.API.Common.ApiResponse'.
2026-04-23 14:39:24.793 +02:00 [INF] Executed action HotelBooking.API.Controllers.AuthController.Register (HotelBooking.API) in 719.5506ms
2026-04-23 14:39:24.796 +02:00 [INF] Executed endpoint 'HotelBooking.API.Controllers.AuthController.Register (HotelBooking.API)'
2026-04-23 14:39:24.798 +02:00 [INF] HTTP POST /api/auth/register responded 200 in 730.3976 ms
2026-04-23 14:39:24.801 +02:00 [INF] Request finished HTTP/1.1 POST http://localhost:5259/api/auth/register - 200 null application/json; charset=utf-8 736.3417ms
2026-04-23 14:39:24.968 +02:00 [INF] Request starting HTTP/1.1 OPTIONS http://localhost:5259/api/notifications?pageNumber=1&pageSize=8 - null null
2026-04-23 14:39:24.970 +02:00 [INF] Request starting HTTP/1.1 OPTIONS http://localhost:5259/api/dashboard/summary - null null
2026-04-23 14:39:24.972 +02:00 [INF] CORS policy execution successful.
2026-04-23 14:39:24.973 +02:00 [INF] Request starting HTTP/1.1 OPTIONS http://localhost:5259/api/dashboard/recent-bookings?count=5 - null null
2026-04-23 14:39:24.974 +02:00 [INF] Request starting HTTP/1.1 OPTIONS http://localhost:5259/api/dashboard/activity-feed?count=6 - null null
2026-04-23 14:39:24.974 +02:00 [INF] Request starting HTTP/1.1 OPTIONS http://localhost:5259/api/dashboard/occupancy - null null
2026-04-23 14:39:24.977 +02:00 [INF] CORS policy execution successful.
2026-04-23 14:39:24.978 +02:00 [INF] HTTP OPTIONS /api/notifications responded 204 in 5.5357 ms
2026-04-23 14:39:24.983 +02:00 [INF] CORS policy execution successful.
2026-04-23 14:39:24.987 +02:00 [INF] CORS policy execution successful.
2026-04-23 14:39:24.991 +02:00 [INF] CORS policy execution successful.
2026-04-23 14:39:24.992 +02:00 [INF] HTTP OPTIONS /api/dashboard/summary responded 204 in 15.2280 ms
2026-04-23 14:39:24.995 +02:00 [INF] Request finished HTTP/1.1 OPTIONS http://localhost:5259/api/notifications?pageNumber=1&pageSize=8 - 204 null null 26.8835ms
2026-04-23 14:39:24.996 +02:00 [INF] HTTP OPTIONS /api/dashboard/recent-bookings responded 204 in 13.1397 ms
2026-04-23 14:39:24.998 +02:00 [INF] HTTP OPTIONS /api/dashboard/activity-feed responded 204 in 10.9035 ms
2026-04-23 14:39:24.999 +02:00 [INF] HTTP OPTIONS /api/dashboard/occupancy responded 204 in 7.8570 ms
2026-04-23 14:39:25.002 +02:00 [INF] Request finished HTTP/1.1 OPTIONS http://localhost:5259/api/dashboard/summary - 204 null null 32.2042ms
2026-04-23 14:39:25.008 +02:00 [INF] Request starting HTTP/1.1 GET http://localhost:5259/api/notifications?pageNumber=1&pageSize=8 - null null
2026-04-23 14:39:25.011 +02:00 [INF] Request finished HTTP/1.1 OPTIONS http://localhost:5259/api/dashboard/recent-bookings?count=5 - 204 null null 37.4596ms
2026-04-23 14:39:25.013 +02:00 [INF] Request finished HTTP/1.1 OPTIONS http://localhost:5259/api/dashboard/activity-feed?count=6 - 204 null null 39.7024ms
2026-04-23 14:39:25.017 +02:00 [INF] Request finished HTTP/1.1 OPTIONS http://localhost:5259/api/dashboard/occupancy - 204 null null 42.4206ms
2026-04-23 14:39:25.021 +02:00 [INF] Request starting HTTP/1.1 GET http://localhost:5259/api/dashboard/summary - null null
2026-04-23 14:39:25.026 +02:00 [INF] CORS policy execution successful.
2026-04-23 14:39:25.028 +02:00 [INF] Request starting HTTP/1.1 GET http://localhost:5259/api/dashboard/recent-bookings?count=5 - null null
2026-04-23 14:39:25.031 +02:00 [INF] Request starting HTTP/1.1 GET http://localhost:5259/api/dashboard/activity-feed?count=6 - null null
2026-04-23 14:39:25.035 +02:00 [INF] Request starting HTTP/1.1 GET http://localhost:5259/api/dashboard/occupancy - null null
2026-04-23 14:39:25.038 +02:00 [INF] CORS policy execution successful.
2026-04-23 14:39:25.041 +02:00 [INF] CORS policy execution successful.
2026-04-23 14:39:25.045 +02:00 [INF] CORS policy execution successful.
2026-04-23 14:39:25.047 +02:00 [INF] CORS policy execution successful.
2026-04-23 14:39:25.076 +02:00 [INF] Executing endpoint 'HotelBooking.API.Controllers.NotificationsController.GetNotifications (HotelBooking.API)'
2026-04-23 14:39:25.076 +02:00 [INF] Authorization failed. These requirements were not met:
RolesAuthorizationRequirement:User.IsInRole must be true for one of the following roles: (Admin|Manager|Receptionist)
2026-04-23 14:39:25.076 +02:00 [INF] Authorization failed. These requirements were not met:
RolesAuthorizationRequirement:User.IsInRole must be true for one of the following roles: (Admin|Manager|Receptionist)
2026-04-23 14:39:25.076 +02:00 [INF] Authorization failed. These requirements were not met:
RolesAuthorizationRequirement:User.IsInRole must be true for one of the following roles: (Admin|Manager|Receptionist)
2026-04-23 14:39:25.076 +02:00 [INF] Authorization failed. These requirements were not met:
RolesAuthorizationRequirement:User.IsInRole must be true for one of the following roles: (Admin|Manager|Receptionist)
2026-04-23 14:39:25.080 +02:00 [INF] AuthenticationScheme: Bearer was forbidden.
2026-04-23 14:39:25.080 +02:00 [INF] AuthenticationScheme: Bearer was forbidden.
2026-04-23 14:39:25.080 +02:00 [INF] AuthenticationScheme: Bearer was forbidden.
2026-04-23 14:39:25.081 +02:00 [INF] Route matched with {action = "GetNotifications", controller = "Notifications"}. Executing controller action with signature System.Threading.Tasks.Task`1[Microsoft.AspNetCore.Mvc.IActionResult] GetNotifications(Boolean, Int32, Int32, System.Threading.CancellationToken) on controller HotelBooking.API.Controllers.NotificationsController (HotelBooking.API).
2026-04-23 14:39:25.082 +02:00 [INF] AuthenticationScheme: Bearer was forbidden.
2026-04-23 14:39:25.083 +02:00 [INF] HTTP GET /api/dashboard/summary responded 403 in 44.5958 ms
2026-04-23 14:39:25.084 +02:00 [INF] HTTP GET /api/dashboard/occupancy responded 403 in 36.4895 ms
2026-04-23 14:39:25.091 +02:00 [INF] Request finished HTTP/1.1 GET http://localhost:5259/api/dashboard/occupancy - 403 null application/json 56.02ms
2026-04-23 14:39:25.088 +02:00 [INF] HTTP GET /api/dashboard/recent-bookings responded 403 in 46.3926 ms
2026-04-23 14:39:25.089 +02:00 [INF] Request finished HTTP/1.1 GET http://localhost:5259/api/dashboard/summary - 403 null application/json 68.8409ms
2026-04-23 14:39:25.085 +02:00 [INF] HTTP GET /api/dashboard/activity-feed responded 403 in 40.1557 ms
2026-04-23 14:39:25.098 +02:00 [INF] Request finished HTTP/1.1 GET http://localhost:5259/api/dashboard/recent-bookings?count=5 - 403 null application/json 69.9529ms
2026-04-23 14:39:25.103 +02:00 [INF] Request finished HTTP/1.1 GET http://localhost:5259/api/dashboard/activity-feed?count=6 - 403 null application/json 71.1794ms
2026-04-23 14:39:25.169 +02:00 [INF] Executed DbCommand (8ms) [Parameters=[@__userId_0='?' (DbType = Guid)], CommandType='"Text"', CommandTimeout='30']
SELECT count(*)::int
FROM "Notifications" AS n
WHERE n."UserId" = @__userId_0 AND NOT (n."IsRead")
2026-04-23 14:39:25.179 +02:00 [INF] Executed DbCommand (1ms) [Parameters=[@__userId_0='?' (DbType = Guid)], CommandType='"Text"', CommandTimeout='30']
SELECT count(*)::int
FROM "Notifications" AS n
WHERE n."UserId" = @__userId_0
2026-04-23 14:39:25.223 +02:00 [INF] Executed DbCommand (1ms) [Parameters=[@__userId_0='?' (DbType = Guid), @__p_2='?' (DbType = Int32), @__p_1='?' (DbType = Int32)], CommandType='"Text"', CommandTimeout='30']
SELECT n."Id", n."Title", n."Message", CASE n."Type"
    WHEN 1 THEN 'BookingCreated'
    WHEN 2 THEN 'BookingCancelled'
    WHEN 3 THEN 'CheckInCompleted'
    WHEN 4 THEN 'CheckOutCompleted'
    WHEN 5 THEN 'PaymentCompleted'
    WHEN 6 THEN 'HousekeepingUpdated'
    WHEN 7 THEN 'MaintenanceAlert'
    ELSE n."Type"::text
END, n."IsRead", n."CreatedAt"
FROM "Notifications" AS n
WHERE n."UserId" = @__userId_0
ORDER BY n."CreatedAt" DESC
LIMIT @__p_2 OFFSET @__p_1
2026-04-23 14:39:25.227 +02:00 [INF] Executing OkObjectResult, writing value of type 'HotelBooking.API.Common.ApiResponse'.
2026-04-23 14:39:25.231 +02:00 [INF] Executed action HotelBooking.API.Controllers.NotificationsController.GetNotifications (HotelBooking.API) in 144.4026ms
2026-04-23 14:39:25.233 +02:00 [INF] Executed endpoint 'HotelBooking.API.Controllers.NotificationsController.GetNotifications (HotelBooking.API)'
2026-04-23 14:39:25.234 +02:00 [INF] HTTP GET /api/notifications responded 200 in 207.6972 ms
2026-04-23 14:39:25.236 +02:00 [INF] Request finished HTTP/1.1 GET http://localhost:5259/api/notifications?pageNumber=1&pageSize=8 - 200 null application/json; charset=utf-8 228.4645ms
2026-04-23 14:39:26.094 +02:00 [INF] Request starting HTTP/1.1 OPTIONS http://localhost:5259/api/dashboard/summary - null null
2026-04-23 14:39:26.094 +02:00 [INF] Request starting HTTP/1.1 OPTIONS http://localhost:5259/api/dashboard/recent-bookings?count=5 - null null
2026-04-23 14:39:26.095 +02:00 [INF] Request starting HTTP/1.1 OPTIONS http://localhost:5259/api/dashboard/activity-feed?count=6 - null null
2026-04-23 14:39:26.095 +02:00 [INF] Request starting HTTP/1.1 OPTIONS http://localhost:5259/api/dashboard/occupancy - null null
2026-04-23 14:39:26.097 +02:00 [INF] CORS policy execution successful.
2026-04-23 14:39:26.100 +02:00 [INF] CORS policy execution successful.
2026-04-23 14:39:26.102 +02:00 [INF] CORS policy execution successful.
2026-04-23 14:39:26.104 +02:00 [INF] CORS policy execution successful.
2026-04-23 14:39:26.106 +02:00 [INF] HTTP OPTIONS /api/dashboard/summary responded 204 in 8.4392 ms
2026-04-23 14:39:26.106 +02:00 [INF] HTTP OPTIONS /api/dashboard/recent-bookings responded 204 in 6.2815 ms
2026-04-23 14:39:26.107 +02:00 [INF] HTTP OPTIONS /api/dashboard/activity-feed responded 204 in 4.8171 ms
2026-04-23 14:39:26.108 +02:00 [INF] HTTP OPTIONS /api/dashboard/occupancy responded 204 in 3.1861 ms
2026-04-23 14:39:26.109 +02:00 [INF] Request finished HTTP/1.1 OPTIONS http://localhost:5259/api/dashboard/summary - 204 null null 15.2624ms
2026-04-23 14:39:26.112 +02:00 [INF] Request finished HTTP/1.1 OPTIONS http://localhost:5259/api/dashboard/recent-bookings?count=5 - 204 null null 17.221ms
2026-04-23 14:39:26.113 +02:00 [INF] Request finished HTTP/1.1 OPTIONS http://localhost:5259/api/dashboard/activity-feed?count=6 - 204 null null 18.6542ms
2026-04-23 14:39:26.115 +02:00 [INF] Request finished HTTP/1.1 OPTIONS http://localhost:5259/api/dashboard/occupancy - 204 null null 20.1796ms
2026-04-23 14:39:26.118 +02:00 [INF] Request starting HTTP/1.1 GET http://localhost:5259/api/dashboard/summary - null null
2026-04-23 14:39:26.121 +02:00 [INF] Request starting HTTP/1.1 GET http://localhost:5259/api/dashboard/recent-bookings?count=5 - null null
2026-04-23 14:39:26.124 +02:00 [INF] Request starting HTTP/1.1 GET http://localhost:5259/api/dashboard/activity-feed?count=6 - null null
2026-04-23 14:39:26.127 +02:00 [INF] Request starting HTTP/1.1 GET http://localhost:5259/api/dashboard/occupancy - null null
2026-04-23 14:39:26.130 +02:00 [INF] CORS policy execution successful.
2026-04-23 14:39:26.132 +02:00 [INF] CORS policy execution successful.
2026-04-23 14:39:26.134 +02:00 [INF] CORS policy execution successful.
2026-04-23 14:39:26.137 +02:00 [INF] CORS policy execution successful.
2026-04-23 14:39:26.139 +02:00 [INF] Authorization failed. These requirements were not met:
RolesAuthorizationRequirement:User.IsInRole must be true for one of the following roles: (Admin|Manager|Receptionist)
2026-04-23 14:39:26.139 +02:00 [INF] Authorization failed. These requirements were not met:
RolesAuthorizationRequirement:User.IsInRole must be true for one of the following roles: (Admin|Manager|Receptionist)
2026-04-23 14:39:26.139 +02:00 [INF] Authorization failed. These requirements were not met:
RolesAuthorizationRequirement:User.IsInRole must be true for one of the following roles: (Admin|Manager|Receptionist)
2026-04-23 14:39:26.140 +02:00 [INF] Authorization failed. These requirements were not met:
RolesAuthorizationRequirement:User.IsInRole must be true for one of the following roles: (Admin|Manager|Receptionist)
2026-04-23 14:39:26.141 +02:00 [INF] AuthenticationScheme: Bearer was forbidden.
2026-04-23 14:39:26.142 +02:00 [INF] AuthenticationScheme: Bearer was forbidden.
2026-04-23 14:39:26.143 +02:00 [INF] AuthenticationScheme: Bearer was forbidden.
2026-04-23 14:39:26.144 +02:00 [INF] AuthenticationScheme: Bearer was forbidden.
2026-04-23 14:39:26.145 +02:00 [INF] HTTP GET /api/dashboard/summary responded 403 in 15.1881 ms
2026-04-23 14:39:26.146 +02:00 [INF] HTTP GET /api/dashboard/recent-bookings responded 403 in 13.9018 ms
2026-04-23 14:39:26.147 +02:00 [INF] HTTP GET /api/dashboard/activity-feed responded 403 in 12.9454 ms
2026-04-23 14:39:26.148 +02:00 [INF] HTTP GET /api/dashboard/occupancy responded 403 in 11.0752 ms
2026-04-23 14:39:26.150 +02:00 [INF] Request finished HTTP/1.1 GET http://localhost:5259/api/dashboard/summary - 403 null application/json 31.8728ms
2026-04-23 14:39:26.152 +02:00 [INF] Request finished HTTP/1.1 GET http://localhost:5259/api/dashboard/recent-bookings?count=5 - 403 null application/json 30.567ms
2026-04-23 14:39:26.154 +02:00 [INF] Request finished HTTP/1.1 GET http://localhost:5259/api/dashboard/activity-feed?count=6 - 403 null application/json 29.3497ms
2026-04-23 14:39:26.156 +02:00 [INF] Request finished HTTP/1.1 GET http://localhost:5259/api/dashboard/occupancy - 403 null application/json 28.848ms
2026-04-23 14:40:50.630 +02:00 [INF] Request starting HTTP/1.1 OPTIONS http://localhost:5259/api/auth/login - null null
2026-04-23 14:40:50.634 +02:00 [INF] CORS policy execution successful.
2026-04-23 14:40:50.635 +02:00 [INF] HTTP OPTIONS /api/auth/login responded 204 in 1.0063 ms
2026-04-23 14:40:50.637 +02:00 [INF] Request finished HTTP/1.1 OPTIONS http://localhost:5259/api/auth/login - 204 null null 7.4421ms
2026-04-23 14:40:50.642 +02:00 [INF] Request starting HTTP/1.1 POST http://localhost:5259/api/auth/login - application/json 50
2026-04-23 14:40:50.645 +02:00 [INF] CORS policy execution successful.
2026-04-23 14:40:50.646 +02:00 [INF] Executing endpoint 'HotelBooking.API.Controllers.AuthController.Login (HotelBooking.API)'
2026-04-23 14:40:50.650 +02:00 [INF] Route matched with {action = "Login", controller = "Auth"}. Executing controller action with signature System.Threading.Tasks.Task`1[Microsoft.AspNetCore.Mvc.ActionResult`1[HotelBooking.Application.Features.Auth.DTOs.AuthResponse]] Login(HotelBooking.Application.Features.Auth.DTOs.LoginRequest, System.Threading.CancellationToken) on controller HotelBooking.API.Controllers.AuthController (HotelBooking.API).
2026-04-23 14:40:50.685 +02:00 [INF] Executed DbCommand (1ms) [Parameters=[@__normalizedEmail_0='?'], CommandType='"Text"', CommandTimeout='30']
SELECT u."Id", u."CreatedAt", u."Email", u."FullName", u."IsActive", u."PasswordHash", u."RoleId", u."UpdatedAt", r."Id", r."CreatedAt", r."Name", r."UpdatedAt"
FROM "Users" AS u
INNER JOIN "Roles" AS r ON u."RoleId" = r."Id"
WHERE u."Email" = @__normalizedEmail_0
LIMIT 1
2026-04-23 14:40:50.963 +02:00 [INF] User logged in. UserId="10000000-0000-0000-0000-000000000001" Email=admin@hotel.com Role=Admin
2026-04-23 14:40:50.966 +02:00 [INF] Executing OkObjectResult, writing value of type 'HotelBooking.API.Common.ApiResponse'.
2026-04-23 14:40:50.969 +02:00 [INF] Executed action HotelBooking.API.Controllers.AuthController.Login (HotelBooking.API) in 315.7423ms
2026-04-23 14:40:50.970 +02:00 [INF] Executed endpoint 'HotelBooking.API.Controllers.AuthController.Login (HotelBooking.API)'
2026-04-23 14:40:50.971 +02:00 [INF] HTTP POST /api/auth/login responded 200 in 326.3363 ms
2026-04-23 14:40:50.973 +02:00 [INF] Request finished HTTP/1.1 POST http://localhost:5259/api/auth/login - 200 null application/json; charset=utf-8 331.5222ms
2026-04-23 14:40:51.101 +02:00 [INF] Request starting HTTP/1.1 OPTIONS http://localhost:5259/api/dashboard/summary - null null
2026-04-23 14:40:51.103 +02:00 [INF] Request starting HTTP/1.1 OPTIONS http://localhost:5259/api/dashboard/recent-bookings?count=5 - null null
2026-04-23 14:40:51.105 +02:00 [INF] CORS policy execution successful.
2026-04-23 14:40:51.106 +02:00 [INF] Request starting HTTP/1.1 OPTIONS http://localhost:5259/api/dashboard/activity-feed?count=6 - null null
2026-04-23 14:40:51.108 +02:00 [INF] CORS policy execution successful.
2026-04-23 14:40:51.108 +02:00 [INF] Request starting HTTP/1.1 OPTIONS http://localhost:5259/api/dashboard/occupancy - null null
2026-04-23 14:40:51.109 +02:00 [INF] HTTP OPTIONS /api/dashboard/summary responded 204 in 4.2182 ms
2026-04-23 14:40:51.113 +02:00 [INF] CORS policy execution successful.
2026-04-23 14:40:51.114 +02:00 [INF] HTTP OPTIONS /api/dashboard/recent-bookings responded 204 in 6.3831 ms
2026-04-23 14:40:51.118 +02:00 [INF] CORS policy execution successful.
2026-04-23 14:40:51.120 +02:00 [INF] Request finished HTTP/1.1 OPTIONS http://localhost:5259/api/dashboard/summary - 204 null null 19.3396ms
2026-04-23 14:40:51.122 +02:00 [INF] HTTP OPTIONS /api/dashboard/activity-feed responded 204 in 8.3712 ms
2026-04-23 14:40:51.124 +02:00 [INF] Request finished HTTP/1.1 OPTIONS http://localhost:5259/api/dashboard/recent-bookings?count=5 - 204 null null 20.6181ms
2026-04-23 14:40:51.125 +02:00 [INF] HTTP OPTIONS /api/dashboard/occupancy responded 204 in 7.1239 ms
2026-04-23 14:40:51.130 +02:00 [INF] Request starting HTTP/1.1 GET http://localhost:5259/api/dashboard/summary - null null
2026-04-23 14:40:51.132 +02:00 [INF] Request finished HTTP/1.1 OPTIONS http://localhost:5259/api/dashboard/activity-feed?count=6 - 204 null null 26.6087ms
2026-04-23 14:40:51.137 +02:00 [INF] Request starting HTTP/1.1 GET http://localhost:5259/api/dashboard/recent-bookings?count=5 - null null
2026-04-23 14:40:51.139 +02:00 [INF] Request finished HTTP/1.1 OPTIONS http://localhost:5259/api/dashboard/occupancy - 204 null null 31.0297ms
2026-04-23 14:40:51.144 +02:00 [INF] CORS policy execution successful.
2026-04-23 14:40:51.149 +02:00 [INF] Request starting HTTP/1.1 GET http://localhost:5259/api/dashboard/activity-feed?count=6 - null null
2026-04-23 14:40:51.152 +02:00 [INF] CORS policy execution successful.
2026-04-23 14:40:51.156 +02:00 [INF] Request starting HTTP/1.1 GET http://localhost:5259/api/dashboard/occupancy - null null
2026-04-23 14:40:51.157 +02:00 [INF] Executing endpoint 'HotelBooking.API.Controllers.DashboardController.GetSummary (HotelBooking.API)'
2026-04-23 14:40:51.159 +02:00 [INF] CORS policy execution successful.
2026-04-23 14:40:51.161 +02:00 [INF] Executing endpoint 'HotelBooking.API.Controllers.DashboardController.GetRecentBookings (HotelBooking.API)'
2026-04-23 14:40:51.163 +02:00 [INF] CORS policy execution successful.
2026-04-23 14:40:51.166 +02:00 [INF] Executing endpoint 'HotelBooking.API.Controllers.DashboardController.GetActivityFeed (HotelBooking.API)'
2026-04-23 14:40:51.167 +02:00 [INF] Route matched with {action = "GetSummary", controller = "Dashboard"}. Executing controller action with signature System.Threading.Tasks.Task`1[Microsoft.AspNetCore.Mvc.IActionResult] GetSummary(System.Threading.CancellationToken) on controller HotelBooking.API.Controllers.DashboardController (HotelBooking.API).
2026-04-23 14:40:51.168 +02:00 [INF] Executing endpoint 'HotelBooking.API.Controllers.DashboardController.GetOccupancy (HotelBooking.API)'
2026-04-23 14:40:51.169 +02:00 [INF] Route matched with {action = "GetRecentBookings", controller = "Dashboard"}. Executing controller action with signature System.Threading.Tasks.Task`1[Microsoft.AspNetCore.Mvc.IActionResult] GetRecentBookings(Int32, System.Threading.CancellationToken) on controller HotelBooking.API.Controllers.DashboardController (HotelBooking.API).
2026-04-23 14:40:51.173 +02:00 [INF] Route matched with {action = "GetActivityFeed", controller = "Dashboard"}. Executing controller action with signature System.Threading.Tasks.Task`1[Microsoft.AspNetCore.Mvc.IActionResult] GetActivityFeed(Int32, System.Threading.CancellationToken) on controller HotelBooking.API.Controllers.DashboardController (HotelBooking.API).
2026-04-23 14:40:51.175 +02:00 [INF] Route matched with {action = "GetOccupancy", controller = "Dashboard"}. Executing controller action with signature System.Threading.Tasks.Task`1[Microsoft.AspNetCore.Mvc.IActionResult] GetOccupancy(System.Threading.CancellationToken) on controller HotelBooking.API.Controllers.DashboardController (HotelBooking.API).
2026-04-23 14:40:51.191 +02:00 [INF] Executed DbCommand (3ms) [Parameters=[@__p_0='?' (DbType = Int32)], CommandType='"Text"', CommandTimeout='30']
SELECT n."Id", n."Title", n."Message", CASE n."Type"
    WHEN 1 THEN 'BookingCreated'
    WHEN 2 THEN 'BookingCancelled'
    WHEN 3 THEN 'CheckInCompleted'
    WHEN 4 THEN 'CheckOutCompleted'
    WHEN 5 THEN 'PaymentCompleted'
    WHEN 6 THEN 'HousekeepingUpdated'
    WHEN 7 THEN 'MaintenanceAlert'
    ELSE n."Type"::text
END, n."CreatedAt"
FROM "Notifications" AS n
ORDER BY n."CreatedAt" DESC
LIMIT @__p_0
2026-04-23 14:40:51.196 +02:00 [INF] Executing OkObjectResult, writing value of type 'HotelBooking.API.Common.ApiResponse'.
2026-04-23 14:40:51.202 +02:00 [INF] Executed action HotelBooking.API.Controllers.DashboardController.GetActivityFeed (HotelBooking.API) in 25.6534ms
2026-04-23 14:40:51.205 +02:00 [INF] Executed endpoint 'HotelBooking.API.Controllers.DashboardController.GetActivityFeed (HotelBooking.API)'
2026-04-23 14:40:51.206 +02:00 [INF] Executed DbCommand (2ms) [Parameters=[], CommandType='"Text"', CommandTimeout='30']
SELECT r."Id", r."Amenities", r."BedCount", r."CreatedAt", r."FloorNumber", r."PricePerNight", r."RoomNumber", r."Status", r."Type", r."UpdatedAt"
FROM "Rooms" AS r
ORDER BY r."FloorNumber", r."RoomNumber"
2026-04-23 14:40:51.206 +02:00 [INF] HTTP GET /api/dashboard/activity-feed responded 200 in 46.8973 ms
2026-04-23 14:40:51.212 +02:00 [INF] Request finished HTTP/1.1 GET http://localhost:5259/api/dashboard/activity-feed?count=6 - 200 null application/json; charset=utf-8 62.5212ms
2026-04-23 14:40:51.222 +02:00 [ERR] An exception occurred while iterating over the results of a query for context type 'HotelBooking.Persistence.Context.AppDbContext'.
System.InvalidOperationException: A second operation was started on this context instance before a previous operation completed. This is usually caused by different threads concurrently using the same instance of DbContext. For more information on how to avoid threading issues with DbContext, see https://go.microsoft.com/fwlink/?linkid=2097913.
   at Microsoft.EntityFrameworkCore.Infrastructure.Internal.ConcurrencyDetector.EnterCriticalSection()
   at Microsoft.EntityFrameworkCore.Query.Internal.SingleQueryingEnumerable`1.AsyncEnumerator.MoveNextAsync()
System.InvalidOperationException: A second operation was started on this context instance before a previous operation completed. This is usually caused by different threads concurrently using the same instance of DbContext. For more information on how to avoid threading issues with DbContext, see https://go.microsoft.com/fwlink/?linkid=2097913.
   at Microsoft.EntityFrameworkCore.Infrastructure.Internal.ConcurrencyDetector.EnterCriticalSection()
   at Microsoft.EntityFrameworkCore.Query.Internal.SingleQueryingEnumerable`1.AsyncEnumerator.MoveNextAsync()
2026-04-23 14:40:51.235 +02:00 [ERR] An exception occurred while iterating over the results of a query for context type 'HotelBooking.Persistence.Context.AppDbContext'.
System.InvalidOperationException: A second operation was started on this context instance before a previous operation completed. This is usually caused by different threads concurrently using the same instance of DbContext. For more information on how to avoid threading issues with DbContext, see https://go.microsoft.com/fwlink/?linkid=2097913.
   at Microsoft.EntityFrameworkCore.Infrastructure.Internal.ConcurrencyDetector.EnterCriticalSection()
   at Microsoft.EntityFrameworkCore.Query.Internal.SingleQueryingEnumerable`1.AsyncEnumerator.MoveNextAsync()
System.InvalidOperationException: A second operation was started on this context instance before a previous operation completed. This is usually caused by different threads concurrently using the same instance of DbContext. For more information on how to avoid threading issues with DbContext, see https://go.microsoft.com/fwlink/?linkid=2097913.
   at Microsoft.EntityFrameworkCore.Infrastructure.Internal.ConcurrencyDetector.EnterCriticalSection()
   at Microsoft.EntityFrameworkCore.Query.Internal.SingleQueryingEnumerable`1.AsyncEnumerator.MoveNextAsync()
2026-04-23 14:40:51.240 +02:00 [INF] Executed DbCommand (2ms) [Parameters=[], CommandType='"Text"', CommandTimeout='30']
SELECT b."RoomId", u."FullName"
FROM "Bookings" AS b
INNER JOIN "Users" AS u ON b."UserId" = u."Id"
WHERE b."Status" IN (2, 1)
2026-04-23 14:40:51.242 +02:00 [ERR] An exception occurred while iterating over the results of a query for context type 'HotelBooking.Persistence.Context.AppDbContext'.
System.InvalidOperationException: A second operation was started on this context instance before a previous operation completed. This is usually caused by different threads concurrently using the same instance of DbContext. For more information on how to avoid threading issues with DbContext, see https://go.microsoft.com/fwlink/?linkid=2097913.
   at Microsoft.EntityFrameworkCore.Infrastructure.Internal.ConcurrencyDetector.EnterCriticalSection()
   at Microsoft.EntityFrameworkCore.Query.Internal.SingleQueryingEnumerable`1.AsyncEnumerator.MoveNextAsync()
System.InvalidOperationException: A second operation was started on this context instance before a previous operation completed. This is usually caused by different threads concurrently using the same instance of DbContext. For more information on how to avoid threading issues with DbContext, see https://go.microsoft.com/fwlink/?linkid=2097913.
   at Microsoft.EntityFrameworkCore.Infrastructure.Internal.ConcurrencyDetector.EnterCriticalSection()
   at Microsoft.EntityFrameworkCore.Query.Internal.SingleQueryingEnumerable`1.AsyncEnumerator.MoveNextAsync()
2026-04-23 14:40:51.245 +02:00 [INF] Executing OkObjectResult, writing value of type 'HotelBooking.API.Common.ApiResponse'.
2026-04-23 14:40:51.255 +02:00 [INF] Executed action HotelBooking.API.Controllers.DashboardController.GetOccupancy (HotelBooking.API) in 75.3259ms
2026-04-23 14:40:51.257 +02:00 [INF] Executed endpoint 'HotelBooking.API.Controllers.DashboardController.GetOccupancy (HotelBooking.API)'
2026-04-23 14:40:51.258 +02:00 [INF] HTTP GET /api/dashboard/occupancy responded 200 in 94.8596 ms
2026-04-23 14:40:51.260 +02:00 [INF] Request finished HTTP/1.1 GET http://localhost:5259/api/dashboard/occupancy - 200 null application/json; charset=utf-8 104.7668ms
2026-04-23 14:40:51.267 +02:00 [INF] Executed DbCommand (3ms) [Parameters=[], CommandType='"Text"', CommandTimeout='30']
SELECT r."Status", count(*)::int AS "Count"
FROM "Rooms" AS r
GROUP BY r."Status"
2026-04-23 14:40:51.271 +02:00 [INF] Executed action HotelBooking.API.Controllers.DashboardController.GetSummary (HotelBooking.API) in 100.2007ms
2026-04-23 14:40:51.273 +02:00 [INF] Executed endpoint 'HotelBooking.API.Controllers.DashboardController.GetSummary (HotelBooking.API)'
2026-04-23 14:40:51.274 +02:00 [ERR] Unhandled exception. TraceId=0HNL16L8MG8NV:00000008 StatusCode=500 Method=GET Path=/api/dashboard/summary
System.InvalidOperationException: A second operation was started on this context instance before a previous operation completed. This is usually caused by different threads concurrently using the same instance of DbContext. For more information on how to avoid threading issues with DbContext, see https://go.microsoft.com/fwlink/?linkid=2097913.
   at Microsoft.EntityFrameworkCore.Infrastructure.Internal.ConcurrencyDetector.EnterCriticalSection()
   at Microsoft.EntityFrameworkCore.Query.Internal.SingleQueryingEnumerable`1.AsyncEnumerator.MoveNextAsync()
   at Microsoft.EntityFrameworkCore.EntityFrameworkQueryableExtensions.ToListAsync[TSource](IQueryable`1 source, CancellationToken cancellationToken)
   at Microsoft.EntityFrameworkCore.EntityFrameworkQueryableExtensions.ToListAsync[TSource](IQueryable`1 source, CancellationToken cancellationToken)
   at HotelBooking.Application.Features.Dashboard.Queries.GetDashboardSummary.GetDashboardSummaryQueryHandler.Handle(GetDashboardSummaryQuery request, CancellationToken cancellationToken) in C:\Users\Flori\Desktop\HBS\backend\src\HotelBooking.Application\Features\Dashboard\Queries\GetDashboardSummary\GetDashboardSummaryQueryHandler.cs:line 37
   at HotelBooking.Application.Common.Behaviors.ValidationBehavior`2.Handle(TRequest request, RequestHandlerDelegate`1 next, CancellationToken cancellationToken) in C:\Users\Flori\Desktop\HBS\backend\src\HotelBooking.Application\Common\Behaviors\ValidationBehavior.cs:line 16
   at HotelBooking.API.Controllers.DashboardController.GetSummary(CancellationToken ct) in C:\Users\Flori\Desktop\HBS\backend\src\HotelBooking.API\Controllers\DashboardController.cs:line 17
   at Microsoft.AspNetCore.Mvc.Infrastructure.ActionMethodExecutor.TaskOfIActionResultExecutor.Execute(ActionContext actionContext, IActionResultTypeMapper mapper, ObjectMethodExecutor executor, Object controller, Object[] arguments)
   at Microsoft.AspNetCore.Mvc.Infrastructure.ControllerActionInvoker.<InvokeActionMethodAsync>g__Awaited|12_0(ControllerActionInvoker invoker, ValueTask`1 actionResultValueTask)
   at Microsoft.AspNetCore.Mvc.Infrastructure.ControllerActionInvoker.<InvokeNextActionFilterAsync>g__Awaited|10_0(ControllerActionInvoker invoker, Task lastTask, State next, Scope scope, Object state, Boolean isCompleted)
   at Microsoft.AspNetCore.Mvc.Infrastructure.ControllerActionInvoker.Rethrow(ActionExecutedContextSealed context)
   at Microsoft.AspNetCore.Mvc.Infrastructure.ControllerActionInvoker.Next(State& next, Scope& scope, Object& state, Boolean& isCompleted)
   at Microsoft.AspNetCore.Mvc.Infrastructure.ControllerActionInvoker.<InvokeInnerFilterAsync>g__Awaited|13_0(ControllerActionInvoker invoker, Task lastTask, State next, Scope scope, Object state, Boolean isCompleted)
   at Microsoft.AspNetCore.Mvc.Infrastructure.ResourceInvoker.<InvokeFilterPipelineAsync>g__Awaited|20_0(ResourceInvoker invoker, Task lastTask, State next, Scope scope, Object state, Boolean isCompleted)
   at Microsoft.AspNetCore.Mvc.Infrastructure.ResourceInvoker.<InvokeAsync>g__Logged|17_1(ResourceInvoker invoker)
   at Microsoft.AspNetCore.Mvc.Infrastructure.ResourceInvoker.<InvokeAsync>g__Logged|17_1(ResourceInvoker invoker)
   at Microsoft.AspNetCore.Routing.EndpointMiddleware.<Invoke>g__AwaitRequestTask|7_0(Endpoint endpoint, Task requestTask, ILogger logger)
   at Microsoft.AspNetCore.Authorization.AuthorizationMiddleware.Invoke(HttpContext context)
   at Microsoft.AspNetCore.Authentication.AuthenticationMiddleware.Invoke(HttpContext context)
   at HotelBooking.API.Middleware.ExceptionHandlingMiddleware.Invoke(HttpContext context) in C:\Users\Flori\Desktop\HBS\backend\src\HotelBooking.API\Middleware\ExceptionHandlingMiddleware.cs:line 17
2026-04-23 14:40:51.279 +02:00 [INF] Executed DbCommand (6ms) [Parameters=[@__p_0='?' (DbType = Int32)], CommandType='"Text"', CommandTimeout='30']
SELECT b0."Id", b0."BookingCode", b0."UserId", u."FullName", u."Email", b0."RoomId", r."RoomNumber", CASE r."Type"
    WHEN 1 THEN 'Standard'
    WHEN 2 THEN 'Deluxe'
    WHEN 3 THEN 'Family'
    WHEN 4 THEN 'BusinessSuite'
    ELSE r."Type"::text
END, b0."CheckInDate", b0."CheckOutDate", b0."TotalAmount", CASE b0."PaymentMethod"
    WHEN 1 THEN 'Card'
    WHEN 2 THEN 'Cash'
    WHEN 3 THEN 'Check'
    ELSE b0."PaymentMethod"::text
END, CASE b0."Status"
    WHEN 1 THEN 'Confirmed'
    WHEN 2 THEN 'Active'
    WHEN 3 THEN 'CheckedOut'
    WHEN 4 THEN 'Cancelled'
    ELSE b0."Status"::text
END, b0."CheckOutDate" - b0."CheckInDate", b0."CreatedAt"
FROM (
    SELECT b."Id", b."BookingCode", b."CheckInDate", b."CheckOutDate", b."CreatedAt", b."PaymentMethod", b."RoomId", b."Status", b."TotalAmount", b."UserId"
    FROM "Bookings" AS b
    ORDER BY b."CreatedAt" DESC
    LIMIT @__p_0
) AS b0
INNER JOIN "Users" AS u ON b0."UserId" = u."Id"
INNER JOIN "Rooms" AS r ON b0."RoomId" = r."Id"
ORDER BY b0."CreatedAt" DESC
2026-04-23 14:40:51.283 +02:00 [ERR] HTTP GET /api/dashboard/summary responded 500 in 138.9688 ms
2026-04-23 14:40:51.288 +02:00 [INF] Request finished HTTP/1.1 GET http://localhost:5259/api/dashboard/summary - 500 null application/json 158.4804ms
2026-04-23 14:40:51.288 +02:00 [INF] Executing OkObjectResult, writing value of type 'HotelBooking.API.Common.ApiResponse'.
2026-04-23 14:40:51.303 +02:00 [INF] Executed action HotelBooking.API.Controllers.DashboardController.GetRecentBookings (HotelBooking.API) in 128.3453ms
2026-04-23 14:40:51.304 +02:00 [INF] Executed endpoint 'HotelBooking.API.Controllers.DashboardController.GetRecentBookings (HotelBooking.API)'
2026-04-23 14:40:51.306 +02:00 [INF] HTTP GET /api/dashboard/recent-bookings responded 200 in 153.6054 ms
2026-04-23 14:40:51.308 +02:00 [INF] Request finished HTTP/1.1 GET http://localhost:5259/api/dashboard/recent-bookings?count=5 - 200 null application/json; charset=utf-8 171.5163ms
2026-04-23 14:40:52.293 +02:00 [INF] Request starting HTTP/1.1 OPTIONS http://localhost:5259/api/dashboard/summary - null null
2026-04-23 14:40:52.293 +02:00 [INF] Request starting HTTP/1.1 OPTIONS http://localhost:5259/api/dashboard/recent-bookings?count=5 - null null
2026-04-23 14:40:52.294 +02:00 [INF] Request starting HTTP/1.1 OPTIONS http://localhost:5259/api/dashboard/activity-feed?count=6 - null null
2026-04-23 14:40:52.295 +02:00 [INF] Request starting HTTP/1.1 OPTIONS http://localhost:5259/api/dashboard/occupancy - null null
2026-04-23 14:40:52.297 +02:00 [INF] CORS policy execution successful.
2026-04-23 14:40:52.300 +02:00 [INF] CORS policy execution successful.
2026-04-23 14:40:52.303 +02:00 [INF] CORS policy execution successful.
2026-04-23 14:40:52.306 +02:00 [INF] CORS policy execution successful.
2026-04-23 14:40:52.307 +02:00 [INF] HTTP OPTIONS /api/dashboard/summary responded 204 in 10.3261 ms
2026-04-23 14:40:52.308 +02:00 [INF] HTTP OPTIONS /api/dashboard/recent-bookings responded 204 in 8.0781 ms
2026-04-23 14:40:52.309 +02:00 [INF] HTTP OPTIONS /api/dashboard/activity-feed responded 204 in 5.9136 ms
2026-04-23 14:40:52.310 +02:00 [INF] HTTP OPTIONS /api/dashboard/occupancy responded 204 in 3.7673 ms
2026-04-23 14:40:52.312 +02:00 [INF] Request finished HTTP/1.1 OPTIONS http://localhost:5259/api/dashboard/summary - 204 null null 19.6399ms
2026-04-23 14:40:52.315 +02:00 [INF] Request finished HTTP/1.1 OPTIONS http://localhost:5259/api/dashboard/recent-bookings?count=5 - 204 null null 21.5846ms
2026-04-23 14:40:52.317 +02:00 [INF] Request finished HTTP/1.1 OPTIONS http://localhost:5259/api/dashboard/activity-feed?count=6 - 204 null null 23.3148ms
2026-04-23 14:40:52.320 +02:00 [INF] Request finished HTTP/1.1 OPTIONS http://localhost:5259/api/dashboard/occupancy - 204 null null 25.0704ms
2026-04-23 14:40:52.324 +02:00 [INF] Request starting HTTP/1.1 GET http://localhost:5259/api/dashboard/summary - null null
2026-04-23 14:40:52.328 +02:00 [INF] Request starting HTTP/1.1 GET http://localhost:5259/api/dashboard/recent-bookings?count=5 - null null
2026-04-23 14:40:52.332 +02:00 [INF] Request starting HTTP/1.1 GET http://localhost:5259/api/dashboard/activity-feed?count=6 - null null
2026-04-23 14:40:52.335 +02:00 [INF] Request starting HTTP/1.1 GET http://localhost:5259/api/dashboard/occupancy - null null
2026-04-23 14:40:52.338 +02:00 [INF] CORS policy execution successful.
2026-04-23 14:40:52.341 +02:00 [INF] CORS policy execution successful.
2026-04-23 14:40:52.344 +02:00 [INF] CORS policy execution successful.
2026-04-23 14:40:52.346 +02:00 [INF] CORS policy execution successful.
2026-04-23 14:40:52.347 +02:00 [INF] Executing endpoint 'HotelBooking.API.Controllers.DashboardController.GetSummary (HotelBooking.API)'
2026-04-23 14:40:52.348 +02:00 [INF] Executing endpoint 'HotelBooking.API.Controllers.DashboardController.GetRecentBookings (HotelBooking.API)'
2026-04-23 14:40:52.349 +02:00 [INF] Executing endpoint 'HotelBooking.API.Controllers.DashboardController.GetActivityFeed (HotelBooking.API)'
2026-04-23 14:40:52.350 +02:00 [INF] Executing endpoint 'HotelBooking.API.Controllers.DashboardController.GetOccupancy (HotelBooking.API)'
2026-04-23 14:40:52.351 +02:00 [INF] Route matched with {action = "GetSummary", controller = "Dashboard"}. Executing controller action with signature System.Threading.Tasks.Task`1[Microsoft.AspNetCore.Mvc.IActionResult] GetSummary(System.Threading.CancellationToken) on controller HotelBooking.API.Controllers.DashboardController (HotelBooking.API).
2026-04-23 14:40:52.352 +02:00 [INF] Route matched with {action = "GetRecentBookings", controller = "Dashboard"}. Executing controller action with signature System.Threading.Tasks.Task`1[Microsoft.AspNetCore.Mvc.IActionResult] GetRecentBookings(Int32, System.Threading.CancellationToken) on controller HotelBooking.API.Controllers.DashboardController (HotelBooking.API).
2026-04-23 14:40:52.353 +02:00 [INF] Route matched with {action = "GetActivityFeed", controller = "Dashboard"}. Executing controller action with signature System.Threading.Tasks.Task`1[Microsoft.AspNetCore.Mvc.IActionResult] GetActivityFeed(Int32, System.Threading.CancellationToken) on controller HotelBooking.API.Controllers.DashboardController (HotelBooking.API).
2026-04-23 14:40:52.354 +02:00 [INF] Route matched with {action = "GetOccupancy", controller = "Dashboard"}. Executing controller action with signature System.Threading.Tasks.Task`1[Microsoft.AspNetCore.Mvc.IActionResult] GetOccupancy(System.Threading.CancellationToken) on controller HotelBooking.API.Controllers.DashboardController (HotelBooking.API).
2026-04-23 14:40:52.361 +02:00 [ERR] An exception occurred while iterating over the results of a query for context type 'HotelBooking.Persistence.Context.AppDbContext'.
System.InvalidOperationException: A second operation was started on this context instance before a previous operation completed. This is usually caused by different threads concurrently using the same instance of DbContext. For more information on how to avoid threading issues with DbContext, see https://go.microsoft.com/fwlink/?linkid=2097913.
   at Microsoft.EntityFrameworkCore.Infrastructure.Internal.ConcurrencyDetector.EnterCriticalSection()
   at Microsoft.EntityFrameworkCore.Query.Internal.SingleQueryingEnumerable`1.AsyncEnumerator.MoveNextAsync()
System.InvalidOperationException: A second operation was started on this context instance before a previous operation completed. This is usually caused by different threads concurrently using the same instance of DbContext. For more information on how to avoid threading issues with DbContext, see https://go.microsoft.com/fwlink/?linkid=2097913.
   at Microsoft.EntityFrameworkCore.Infrastructure.Internal.ConcurrencyDetector.EnterCriticalSection()
   at Microsoft.EntityFrameworkCore.Query.Internal.SingleQueryingEnumerable`1.AsyncEnumerator.MoveNextAsync()
2026-04-23 14:40:52.361 +02:00 [INF] Executed DbCommand (1ms) [Parameters=[], CommandType='"Text"', CommandTimeout='30']
SELECT r."Status", count(*)::int AS "Count"
FROM "Rooms" AS r
GROUP BY r."Status"
2026-04-23 14:40:52.362 +02:00 [INF] Executed DbCommand (1ms) [Parameters=[@__p_0='?' (DbType = Int32)], CommandType='"Text"', CommandTimeout='30']
SELECT b0."Id", b0."BookingCode", b0."UserId", u."FullName", u."Email", b0."RoomId", r."RoomNumber", CASE r."Type"
    WHEN 1 THEN 'Standard'
    WHEN 2 THEN 'Deluxe'
    WHEN 3 THEN 'Family'
    WHEN 4 THEN 'BusinessSuite'
    ELSE r."Type"::text
END, b0."CheckInDate", b0."CheckOutDate", b0."TotalAmount", CASE b0."PaymentMethod"
    WHEN 1 THEN 'Card'
    WHEN 2 THEN 'Cash'
    WHEN 3 THEN 'Check'
    ELSE b0."PaymentMethod"::text
END, CASE b0."Status"
    WHEN 1 THEN 'Confirmed'
    WHEN 2 THEN 'Active'
    WHEN 3 THEN 'CheckedOut'
    WHEN 4 THEN 'Cancelled'
    ELSE b0."Status"::text
END, b0."CheckOutDate" - b0."CheckInDate", b0."CreatedAt"
FROM (
    SELECT b."Id", b."BookingCode", b."CheckInDate", b."CheckOutDate", b."CreatedAt", b."PaymentMethod", b."RoomId", b."Status", b."TotalAmount", b."UserId"
    FROM "Bookings" AS b
    ORDER BY b."CreatedAt" DESC
    LIMIT @__p_0
) AS b0
INNER JOIN "Users" AS u ON b0."UserId" = u."Id"
INNER JOIN "Rooms" AS r ON b0."RoomId" = r."Id"
ORDER BY b0."CreatedAt" DESC
2026-04-23 14:40:52.364 +02:00 [INF] Executed DbCommand (2ms) [Parameters=[@__p_0='?' (DbType = Int32)], CommandType='"Text"', CommandTimeout='30']
SELECT n."Id", n."Title", n."Message", CASE n."Type"
    WHEN 1 THEN 'BookingCreated'
    WHEN 2 THEN 'BookingCancelled'
    WHEN 3 THEN 'CheckInCompleted'
    WHEN 4 THEN 'CheckOutCompleted'
    WHEN 5 THEN 'PaymentCompleted'
    WHEN 6 THEN 'HousekeepingUpdated'
    WHEN 7 THEN 'MaintenanceAlert'
    ELSE n."Type"::text
END, n."CreatedAt"
FROM "Notifications" AS n
ORDER BY n."CreatedAt" DESC
LIMIT @__p_0
2026-04-23 14:40:52.367 +02:00 [ERR] An exception occurred while iterating over the results of a query for context type 'HotelBooking.Persistence.Context.AppDbContext'.
System.InvalidOperationException: A second operation was started on this context instance before a previous operation completed. This is usually caused by different threads concurrently using the same instance of DbContext. For more information on how to avoid threading issues with DbContext, see https://go.microsoft.com/fwlink/?linkid=2097913.
   at Microsoft.EntityFrameworkCore.Infrastructure.Internal.ConcurrencyDetector.EnterCriticalSection()
   at Microsoft.EntityFrameworkCore.Query.Internal.SingleQueryingEnumerable`1.AsyncEnumerator.MoveNextAsync()
System.InvalidOperationException: A second operation was started on this context instance before a previous operation completed. This is usually caused by different threads concurrently using the same instance of DbContext. For more information on how to avoid threading issues with DbContext, see https://go.microsoft.com/fwlink/?linkid=2097913.
   at Microsoft.EntityFrameworkCore.Infrastructure.Internal.ConcurrencyDetector.EnterCriticalSection()
   at Microsoft.EntityFrameworkCore.Query.Internal.SingleQueryingEnumerable`1.AsyncEnumerator.MoveNextAsync()
2026-04-23 14:40:52.371 +02:00 [INF] Executing OkObjectResult, writing value of type 'HotelBooking.API.Common.ApiResponse'.
2026-04-23 14:40:52.374 +02:00 [INF] Executing OkObjectResult, writing value of type 'HotelBooking.API.Common.ApiResponse'.
2026-04-23 14:40:52.379 +02:00 [INF] Executed action HotelBooking.API.Controllers.DashboardController.GetRecentBookings (HotelBooking.API) in 20.0967ms
2026-04-23 14:40:52.380 +02:00 [INF] Executed DbCommand (2ms) [Parameters=[@__request_CallerId_0='?' (DbType = Guid)], CommandType='"Text"', CommandTimeout='30']
SELECT count(*)::int
FROM "Notifications" AS n
WHERE n."UserId" = @__request_CallerId_0 AND NOT (n."IsRead")
2026-04-23 14:40:52.380 +02:00 [INF] Executed action HotelBooking.API.Controllers.DashboardController.GetActivityFeed (HotelBooking.API) in 19.6521ms
2026-04-23 14:40:52.382 +02:00 [INF] Executed endpoint 'HotelBooking.API.Controllers.DashboardController.GetRecentBookings (HotelBooking.API)'
2026-04-23 14:40:52.385 +02:00 [INF] Executed action HotelBooking.API.Controllers.DashboardController.GetSummary (HotelBooking.API) in 28.9804ms
2026-04-23 14:40:52.386 +02:00 [INF] Executed endpoint 'HotelBooking.API.Controllers.DashboardController.GetActivityFeed (HotelBooking.API)'
2026-04-23 14:40:52.387 +02:00 [INF] HTTP GET /api/dashboard/recent-bookings responded 200 in 46.7985 ms
2026-04-23 14:40:52.389 +02:00 [INF] Executed endpoint 'HotelBooking.API.Controllers.DashboardController.GetSummary (HotelBooking.API)'
2026-04-23 14:40:52.391 +02:00 [INF] HTTP GET /api/dashboard/activity-feed responded 200 in 46.9795 ms
2026-04-23 14:40:52.392 +02:00 [INF] Request finished HTTP/1.1 GET http://localhost:5259/api/dashboard/recent-bookings?count=5 - 200 null application/json; charset=utf-8 64.7605ms
2026-04-23 14:40:52.394 +02:00 [ERR] Unhandled exception. TraceId=0HNL16L8MG8NT:00000008 StatusCode=500 Method=GET Path=/api/dashboard/summary
System.InvalidOperationException: A second operation was started on this context instance before a previous operation completed. This is usually caused by different threads concurrently using the same instance of DbContext. For more information on how to avoid threading issues with DbContext, see https://go.microsoft.com/fwlink/?linkid=2097913.
   at Microsoft.EntityFrameworkCore.Infrastructure.Internal.ConcurrencyDetector.EnterCriticalSection()
   at Microsoft.EntityFrameworkCore.Query.Internal.SingleQueryingEnumerable`1.AsyncEnumerator.MoveNextAsync()
   at Microsoft.EntityFrameworkCore.EntityFrameworkQueryableExtensions.ToListAsync[TSource](IQueryable`1 source, CancellationToken cancellationToken)
   at Microsoft.EntityFrameworkCore.EntityFrameworkQueryableExtensions.ToListAsync[TSource](IQueryable`1 source, CancellationToken cancellationToken)
   at HotelBooking.Application.Features.Dashboard.Queries.GetDashboardSummary.GetDashboardSummaryQueryHandler.Handle(GetDashboardSummaryQuery request, CancellationToken cancellationToken) in C:\Users\Flori\Desktop\HBS\backend\src\HotelBooking.Application\Features\Dashboard\Queries\GetDashboardSummary\GetDashboardSummaryQueryHandler.cs:line 37
   at HotelBooking.Application.Common.Behaviors.ValidationBehavior`2.Handle(TRequest request, RequestHandlerDelegate`1 next, CancellationToken cancellationToken) in C:\Users\Flori\Desktop\HBS\backend\src\HotelBooking.Application\Common\Behaviors\ValidationBehavior.cs:line 16
   at HotelBooking.API.Controllers.DashboardController.GetSummary(CancellationToken ct) in C:\Users\Flori\Desktop\HBS\backend\src\HotelBooking.API\Controllers\DashboardController.cs:line 17
   at Microsoft.AspNetCore.Mvc.Infrastructure.ActionMethodExecutor.TaskOfIActionResultExecutor.Execute(ActionContext actionContext, IActionResultTypeMapper mapper, ObjectMethodExecutor executor, Object controller, Object[] arguments)
   at Microsoft.AspNetCore.Mvc.Infrastructure.ControllerActionInvoker.<InvokeActionMethodAsync>g__Awaited|12_0(ControllerActionInvoker invoker, ValueTask`1 actionResultValueTask)
   at Microsoft.AspNetCore.Mvc.Infrastructure.ControllerActionInvoker.<InvokeNextActionFilterAsync>g__Awaited|10_0(ControllerActionInvoker invoker, Task lastTask, State next, Scope scope, Object state, Boolean isCompleted)
   at Microsoft.AspNetCore.Mvc.Infrastructure.ControllerActionInvoker.Rethrow(ActionExecutedContextSealed context)
   at Microsoft.AspNetCore.Mvc.Infrastructure.ControllerActionInvoker.Next(State& next, Scope& scope, Object& state, Boolean& isCompleted)
   at Microsoft.AspNetCore.Mvc.Infrastructure.ControllerActionInvoker.<InvokeInnerFilterAsync>g__Awaited|13_0(ControllerActionInvoker invoker, Task lastTask, State next, Scope scope, Object state, Boolean isCompleted)
   at Microsoft.AspNetCore.Mvc.Infrastructure.ResourceInvoker.<InvokeFilterPipelineAsync>g__Awaited|20_0(ResourceInvoker invoker, Task lastTask, State next, Scope scope, Object state, Boolean isCompleted)
   at Microsoft.AspNetCore.Mvc.Infrastructure.ResourceInvoker.<InvokeAsync>g__Logged|17_1(ResourceInvoker invoker)
   at Microsoft.AspNetCore.Mvc.Infrastructure.ResourceInvoker.<InvokeAsync>g__Logged|17_1(ResourceInvoker invoker)
   at Microsoft.AspNetCore.Routing.EndpointMiddleware.<Invoke>g__AwaitRequestTask|7_0(Endpoint endpoint, Task requestTask, ILogger logger)
   at Microsoft.AspNetCore.Authorization.AuthorizationMiddleware.Invoke(HttpContext context)
   at Microsoft.AspNetCore.Authentication.AuthenticationMiddleware.Invoke(HttpContext context)
   at HotelBooking.API.Middleware.ExceptionHandlingMiddleware.Invoke(HttpContext context) in C:\Users\Flori\Desktop\HBS\backend\src\HotelBooking.API\Middleware\ExceptionHandlingMiddleware.cs:line 17
2026-04-23 14:40:52.396 +02:00 [INF] Request finished HTTP/1.1 GET http://localhost:5259/api/dashboard/activity-feed?count=6 - 200 null application/json; charset=utf-8 64.0873ms
2026-04-23 14:40:52.407 +02:00 [ERR] HTTP GET /api/dashboard/summary responded 500 in 69.2671 ms
2026-04-23 14:40:52.413 +02:00 [INF] Request finished HTTP/1.1 GET http://localhost:5259/api/dashboard/summary - 500 null application/json 89.0773ms
2026-04-23 14:40:52.423 +02:00 [INF] Executed DbCommand (2ms) [Parameters=[], CommandType='"Text"', CommandTimeout='30']
SELECT r."Id", r."Amenities", r."BedCount", r."CreatedAt", r."FloorNumber", r."PricePerNight", r."RoomNumber", r."Status", r."Type", r."UpdatedAt"
FROM "Rooms" AS r
ORDER BY r."FloorNumber", r."RoomNumber"
2026-04-23 14:40:52.427 +02:00 [INF] Executed DbCommand (1ms) [Parameters=[], CommandType='"Text"', CommandTimeout='30']
SELECT b."RoomId", u."FullName"
FROM "Bookings" AS b
INNER JOIN "Users" AS u ON b."UserId" = u."Id"
WHERE b."Status" IN (2, 1)
2026-04-23 14:40:52.430 +02:00 [INF] Executing OkObjectResult, writing value of type 'HotelBooking.API.Common.ApiResponse'.
2026-04-23 14:40:52.431 +02:00 [INF] Executed action HotelBooking.API.Controllers.DashboardController.GetOccupancy (HotelBooking.API) in 68.418ms
2026-04-23 14:40:52.433 +02:00 [INF] Executed endpoint 'HotelBooking.API.Controllers.DashboardController.GetOccupancy (HotelBooking.API)'
2026-04-23 14:40:52.435 +02:00 [INF] HTTP GET /api/dashboard/occupancy responded 200 in 88.4281 ms
2026-04-23 14:40:52.437 +02:00 [INF] Request finished HTTP/1.1 GET http://localhost:5259/api/dashboard/occupancy - 200 null application/json; charset=utf-8 101.6385ms
2026-04-23 14:40:57.976 +02:00 [INF] Request starting HTTP/1.1 OPTIONS http://localhost:5259/api/dashboard/summary - null null
2026-04-23 14:40:57.978 +02:00 [INF] Request starting HTTP/1.1 OPTIONS http://localhost:5259/api/dashboard/recent-bookings?count=5 - null null
2026-04-23 14:40:57.979 +02:00 [INF] CORS policy execution successful.
2026-04-23 14:40:57.981 +02:00 [INF] Request starting HTTP/1.1 OPTIONS http://localhost:5259/api/dashboard/activity-feed?count=6 - null null
2026-04-23 14:40:57.988 +02:00 [INF] CORS policy execution successful.
2026-04-23 14:40:57.984 +02:00 [INF] Request starting HTTP/1.1 OPTIONS http://localhost:5259/api/dashboard/occupancy - null null
2026-04-23 14:40:57.986 +02:00 [INF] HTTP OPTIONS /api/dashboard/summary responded 204 in 6.1352 ms
2026-04-23 14:40:57.982 +02:00 [INF] CORS policy execution successful.
2026-04-23 14:40:57.989 +02:00 [INF] HTTP OPTIONS /api/dashboard/activity-feed responded 204 in 0.8402 ms
2026-04-23 14:40:57.992 +02:00 [INF] CORS policy execution successful.
2026-04-23 14:40:57.995 +02:00 [INF] Request finished HTTP/1.1 OPTIONS http://localhost:5259/api/dashboard/summary - 204 null null 18.2336ms
2026-04-23 14:40:57.995 +02:00 [INF] HTTP OPTIONS /api/dashboard/recent-bookings responded 204 in 12.8509 ms
2026-04-23 14:40:58.025 +02:00 [INF] Request finished HTTP/1.1 OPTIONS http://localhost:5259/api/dashboard/recent-bookings?count=5 - 204 null null 46.069ms
2026-04-23 14:40:57.998 +02:00 [INF] HTTP OPTIONS /api/dashboard/occupancy responded 204 in 5.9508 ms
2026-04-23 14:40:58.021 +02:00 [INF] Request starting HTTP/1.1 GET http://localhost:5259/api/dashboard/summary - null null
2026-04-23 14:40:57.997 +02:00 [INF] Request finished HTTP/1.1 OPTIONS http://localhost:5259/api/dashboard/activity-feed?count=6 - 204 null null 16.7611ms
2026-04-23 14:40:58.031 +02:00 [INF] Request starting HTTP/1.1 GET http://localhost:5259/api/dashboard/recent-bookings?count=5 - null null
2026-04-23 14:40:58.034 +02:00 [INF] Request finished HTTP/1.1 OPTIONS http://localhost:5259/api/dashboard/occupancy - 204 null null 50.4731ms
2026-04-23 14:40:58.039 +02:00 [INF] Request starting HTTP/1.1 OPTIONS http://localhost:5259/api/notifications?pageNumber=1&pageSize=8 - null null
2026-04-23 14:40:58.040 +02:00 [INF] CORS policy execution successful.
2026-04-23 14:40:58.046 +02:00 [INF] Request starting HTTP/1.1 GET http://localhost:5259/api/dashboard/activity-feed?count=6 - null null
2026-04-23 14:40:58.050 +02:00 [INF] CORS policy execution successful.
2026-04-23 14:40:58.054 +02:00 [INF] Request starting HTTP/1.1 GET http://localhost:5259/api/dashboard/occupancy - null null
2026-04-23 14:40:58.057 +02:00 [INF] CORS policy execution successful.
2026-04-23 14:40:58.059 +02:00 [INF] Executing endpoint 'HotelBooking.API.Controllers.DashboardController.GetSummary (HotelBooking.API)'
2026-04-23 14:40:58.062 +02:00 [INF] CORS policy execution successful.
2026-04-23 14:40:58.063 +02:00 [INF] Executing endpoint 'HotelBooking.API.Controllers.DashboardController.GetRecentBookings (HotelBooking.API)'
2026-04-23 14:40:58.066 +02:00 [INF] CORS policy execution successful.
2026-04-23 14:40:58.068 +02:00 [INF] HTTP OPTIONS /api/notifications responded 204 in 10.4189 ms
2026-04-23 14:40:58.069 +02:00 [INF] Route matched with {action = "GetSummary", controller = "Dashboard"}. Executing controller action with signature System.Threading.Tasks.Task`1[Microsoft.AspNetCore.Mvc.IActionResult] GetSummary(System.Threading.CancellationToken) on controller HotelBooking.API.Controllers.DashboardController (HotelBooking.API).
2026-04-23 14:40:58.070 +02:00 [INF] Executing endpoint 'HotelBooking.API.Controllers.DashboardController.GetActivityFeed (HotelBooking.API)'
2026-04-23 14:40:58.071 +02:00 [INF] Route matched with {action = "GetRecentBookings", controller = "Dashboard"}. Executing controller action with signature System.Threading.Tasks.Task`1[Microsoft.AspNetCore.Mvc.IActionResult] GetRecentBookings(Int32, System.Threading.CancellationToken) on controller HotelBooking.API.Controllers.DashboardController (HotelBooking.API).
2026-04-23 14:40:58.073 +02:00 [INF] Executing endpoint 'HotelBooking.API.Controllers.DashboardController.GetOccupancy (HotelBooking.API)'
2026-04-23 14:40:58.075 +02:00 [INF] Request finished HTTP/1.1 OPTIONS http://localhost:5259/api/notifications?pageNumber=1&pageSize=8 - 204 null null 35.3171ms
2026-04-23 14:40:58.078 +02:00 [INF] Route matched with {action = "GetActivityFeed", controller = "Dashboard"}. Executing controller action with signature System.Threading.Tasks.Task`1[Microsoft.AspNetCore.Mvc.IActionResult] GetActivityFeed(Int32, System.Threading.CancellationToken) on controller HotelBooking.API.Controllers.DashboardController (HotelBooking.API).
2026-04-23 14:40:58.079 +02:00 [ERR] An exception occurred while iterating over the results of a query for context type 'HotelBooking.Persistence.Context.AppDbContext'.
System.InvalidOperationException: A second operation was started on this context instance before a previous operation completed. This is usually caused by different threads concurrently using the same instance of DbContext. For more information on how to avoid threading issues with DbContext, see https://go.microsoft.com/fwlink/?linkid=2097913.
   at Microsoft.EntityFrameworkCore.Query.Internal.SingleQueryingEnumerable`1.AsyncEnumerator.MoveNextAsync()
System.InvalidOperationException: A second operation was started on this context instance before a previous operation completed. This is usually caused by different threads concurrently using the same instance of DbContext. For more information on how to avoid threading issues with DbContext, see https://go.microsoft.com/fwlink/?linkid=2097913.
   at Microsoft.EntityFrameworkCore.Query.Internal.SingleQueryingEnumerable`1.AsyncEnumerator.MoveNextAsync()
2026-04-23 14:40:58.079 +02:00 [INF] Executed DbCommand (1ms) [Parameters=[], CommandType='"Text"', CommandTimeout='30']
SELECT r."Status", count(*)::int AS "Count"
FROM "Rooms" AS r
GROUP BY r."Status"
2026-04-23 14:40:58.081 +02:00 [INF] Route matched with {action = "GetOccupancy", controller = "Dashboard"}. Executing controller action with signature System.Threading.Tasks.Task`1[Microsoft.AspNetCore.Mvc.IActionResult] GetOccupancy(System.Threading.CancellationToken) on controller HotelBooking.API.Controllers.DashboardController (HotelBooking.API).
2026-04-23 14:40:58.084 +02:00 [INF] Executed DbCommand (3ms) [Parameters=[@__p_0='?' (DbType = Int32)], CommandType='"Text"', CommandTimeout='30']
SELECT b0."Id", b0."BookingCode", b0."UserId", u."FullName", u."Email", b0."RoomId", r."RoomNumber", CASE r."Type"
    WHEN 1 THEN 'Standard'
    WHEN 2 THEN 'Deluxe'
    WHEN 3 THEN 'Family'
    WHEN 4 THEN 'BusinessSuite'
    ELSE r."Type"::text
END, b0."CheckInDate", b0."CheckOutDate", b0."TotalAmount", CASE b0."PaymentMethod"
    WHEN 1 THEN 'Card'
    WHEN 2 THEN 'Cash'
    WHEN 3 THEN 'Check'
    ELSE b0."PaymentMethod"::text
END, CASE b0."Status"
    WHEN 1 THEN 'Confirmed'
    WHEN 2 THEN 'Active'
    WHEN 3 THEN 'CheckedOut'
    WHEN 4 THEN 'Cancelled'
    ELSE b0."Status"::text
END, b0."CheckOutDate" - b0."CheckInDate", b0."CreatedAt"
FROM (
    SELECT b."Id", b."BookingCode", b."CheckInDate", b."CheckOutDate", b."CreatedAt", b."PaymentMethod", b."RoomId", b."Status", b."TotalAmount", b."UserId"
    FROM "Bookings" AS b
    ORDER BY b."CreatedAt" DESC
    LIMIT @__p_0
) AS b0
INNER JOIN "Users" AS u ON b0."UserId" = u."Id"
INNER JOIN "Rooms" AS r ON b0."RoomId" = r."Id"
ORDER BY b0."CreatedAt" DESC
2026-04-23 14:40:58.085 +02:00 [INF] Request starting HTTP/1.1 GET http://localhost:5259/api/notifications?pageNumber=1&pageSize=8 - null null
2026-04-23 14:40:58.089 +02:00 [ERR] An exception occurred while iterating over the results of a query for context type 'HotelBooking.Persistence.Context.AppDbContext'.
System.InvalidOperationException: A second operation was started on this context instance before a previous operation completed. This is usually caused by different threads concurrently using the same instance of DbContext. For more information on how to avoid threading issues with DbContext, see https://go.microsoft.com/fwlink/?linkid=2097913.
   at Microsoft.EntityFrameworkCore.Infrastructure.Internal.ConcurrencyDetector.EnterCriticalSection()
   at Microsoft.EntityFrameworkCore.Query.Internal.SingleQueryingEnumerable`1.AsyncEnumerator.MoveNextAsync()
System.InvalidOperationException: A second operation was started on this context instance before a previous operation completed. This is usually caused by different threads concurrently using the same instance of DbContext. For more information on how to avoid threading issues with DbContext, see https://go.microsoft.com/fwlink/?linkid=2097913.
   at Microsoft.EntityFrameworkCore.Infrastructure.Internal.ConcurrencyDetector.EnterCriticalSection()
   at Microsoft.EntityFrameworkCore.Query.Internal.SingleQueryingEnumerable`1.AsyncEnumerator.MoveNextAsync()
2026-04-23 14:40:58.090 +02:00 [INF] Executed DbCommand (2ms) [Parameters=[@__p_0='?' (DbType = Int32)], CommandType='"Text"', CommandTimeout='30']
SELECT n."Id", n."Title", n."Message", CASE n."Type"
    WHEN 1 THEN 'BookingCreated'
    WHEN 2 THEN 'BookingCancelled'
    WHEN 3 THEN 'CheckInCompleted'
    WHEN 4 THEN 'CheckOutCompleted'
    WHEN 5 THEN 'PaymentCompleted'
    WHEN 6 THEN 'HousekeepingUpdated'
    WHEN 7 THEN 'MaintenanceAlert'
    ELSE n."Type"::text
END, n."CreatedAt"
FROM "Notifications" AS n
ORDER BY n."CreatedAt" DESC
LIMIT @__p_0
2026-04-23 14:40:58.095 +02:00 [INF] Executed DbCommand (1ms) [Parameters=[], CommandType='"Text"', CommandTimeout='30']
SELECT r."Id", r."Amenities", r."BedCount", r."CreatedAt", r."FloorNumber", r."PricePerNight", r."RoomNumber", r."Status", r."Type", r."UpdatedAt"
FROM "Rooms" AS r
ORDER BY r."FloorNumber", r."RoomNumber"
2026-04-23 14:40:58.097 +02:00 [INF] Executing OkObjectResult, writing value of type 'HotelBooking.API.Common.ApiResponse'.
2026-04-23 14:40:58.100 +02:00 [INF] CORS policy execution successful.
2026-04-23 14:40:58.103 +02:00 [INF] Executed DbCommand (1ms) [Parameters=[@__request_CallerId_0='?' (DbType = Guid)], CommandType='"Text"', CommandTimeout='30']
SELECT count(*)::int
FROM "Notifications" AS n
WHERE n."UserId" = @__request_CallerId_0 AND NOT (n."IsRead")
2026-04-23 14:40:58.105 +02:00 [INF] Executing OkObjectResult, writing value of type 'HotelBooking.API.Common.ApiResponse'.
2026-04-23 14:40:58.110 +02:00 [INF] Executed action HotelBooking.API.Controllers.DashboardController.GetRecentBookings (HotelBooking.API) in 30.3393ms
2026-04-23 14:40:58.110 +02:00 [INF] Executed DbCommand (1ms) [Parameters=[], CommandType='"Text"', CommandTimeout='30']
SELECT b."RoomId", u."FullName"
FROM "Bookings" AS b
INNER JOIN "Users" AS u ON b."UserId" = u."Id"
WHERE b."Status" IN (2, 1)
2026-04-23 14:40:58.112 +02:00 [INF] Executing endpoint 'HotelBooking.API.Controllers.NotificationsController.GetNotifications (HotelBooking.API)'
2026-04-23 14:40:58.114 +02:00 [INF] Executed action HotelBooking.API.Controllers.DashboardController.GetSummary (HotelBooking.API) in 37.4519ms
2026-04-23 14:40:58.116 +02:00 [INF] Executed action HotelBooking.API.Controllers.DashboardController.GetActivityFeed (HotelBooking.API) in 28.6191ms
2026-04-23 14:40:58.117 +02:00 [INF] Executed endpoint 'HotelBooking.API.Controllers.DashboardController.GetRecentBookings (HotelBooking.API)'
2026-04-23 14:40:58.121 +02:00 [INF] Executing OkObjectResult, writing value of type 'HotelBooking.API.Common.ApiResponse'.
2026-04-23 14:40:58.122 +02:00 [INF] Route matched with {action = "GetNotifications", controller = "Notifications"}. Executing controller action with signature System.Threading.Tasks.Task`1[Microsoft.AspNetCore.Mvc.IActionResult] GetNotifications(Boolean, Int32, Int32, System.Threading.CancellationToken) on controller HotelBooking.API.Controllers.NotificationsController (HotelBooking.API).
2026-04-23 14:40:58.123 +02:00 [INF] Executed endpoint 'HotelBooking.API.Controllers.DashboardController.GetSummary (HotelBooking.API)'
2026-04-23 14:40:58.126 +02:00 [INF] Executed endpoint 'HotelBooking.API.Controllers.DashboardController.GetActivityFeed (HotelBooking.API)'
2026-04-23 14:40:58.127 +02:00 [INF] HTTP GET /api/dashboard/recent-bookings responded 200 in 77.6806 ms
2026-04-23 14:40:58.129 +02:00 [INF] Executed action HotelBooking.API.Controllers.DashboardController.GetOccupancy (HotelBooking.API) in 35.4985ms
2026-04-23 14:40:58.133 +02:00 [ERR] Unhandled exception. TraceId=0HNL16L8MG8NU:0000000A StatusCode=500 Method=GET Path=/api/dashboard/summary
System.InvalidOperationException: A second operation was started on this context instance before a previous operation completed. This is usually caused by different threads concurrently using the same instance of DbContext. For more information on how to avoid threading issues with DbContext, see https://go.microsoft.com/fwlink/?linkid=2097913.
   at Microsoft.EntityFrameworkCore.Query.Internal.SingleQueryingEnumerable`1.AsyncEnumerator.MoveNextAsync()
   at Microsoft.EntityFrameworkCore.EntityFrameworkQueryableExtensions.ToListAsync[TSource](IQueryable`1 source, CancellationToken cancellationToken)
   at Microsoft.EntityFrameworkCore.EntityFrameworkQueryableExtensions.ToListAsync[TSource](IQueryable`1 source, CancellationToken cancellationToken)
   at HotelBooking.Application.Features.Dashboard.Queries.GetDashboardSummary.GetDashboardSummaryQueryHandler.Handle(GetDashboardSummaryQuery request, CancellationToken cancellationToken) in C:\Users\Flori\Desktop\HBS\backend\src\HotelBooking.Application\Features\Dashboard\Queries\GetDashboardSummary\GetDashboardSummaryQueryHandler.cs:line 37
   at HotelBooking.Application.Common.Behaviors.ValidationBehavior`2.Handle(TRequest request, RequestHandlerDelegate`1 next, CancellationToken cancellationToken) in C:\Users\Flori\Desktop\HBS\backend\src\HotelBooking.Application\Common\Behaviors\ValidationBehavior.cs:line 16
   at HotelBooking.API.Controllers.DashboardController.GetSummary(CancellationToken ct) in C:\Users\Flori\Desktop\HBS\backend\src\HotelBooking.API\Controllers\DashboardController.cs:line 17
   at Microsoft.AspNetCore.Mvc.Infrastructure.ActionMethodExecutor.TaskOfIActionResultExecutor.Execute(ActionContext actionContext, IActionResultTypeMapper mapper, ObjectMethodExecutor executor, Object controller, Object[] arguments)
   at Microsoft.AspNetCore.Mvc.Infrastructure.ControllerActionInvoker.<InvokeActionMethodAsync>g__Awaited|12_0(ControllerActionInvoker invoker, ValueTask`1 actionResultValueTask)
   at Microsoft.AspNetCore.Mvc.Infrastructure.ControllerActionInvoker.<InvokeNextActionFilterAsync>g__Awaited|10_0(ControllerActionInvoker invoker, Task lastTask, State next, Scope scope, Object state, Boolean isCompleted)
   at Microsoft.AspNetCore.Mvc.Infrastructure.ControllerActionInvoker.Rethrow(ActionExecutedContextSealed context)
   at Microsoft.AspNetCore.Mvc.Infrastructure.ControllerActionInvoker.Next(State& next, Scope& scope, Object& state, Boolean& isCompleted)
   at Microsoft.AspNetCore.Mvc.Infrastructure.ControllerActionInvoker.<InvokeInnerFilterAsync>g__Awaited|13_0(ControllerActionInvoker invoker, Task lastTask, State next, Scope scope, Object state, Boolean isCompleted)
   at Microsoft.AspNetCore.Mvc.Infrastructure.ResourceInvoker.<InvokeFilterPipelineAsync>g__Awaited|20_0(ResourceInvoker invoker, Task lastTask, State next, Scope scope, Object state, Boolean isCompleted)
   at Microsoft.AspNetCore.Mvc.Infrastructure.ResourceInvoker.<InvokeAsync>g__Logged|17_1(ResourceInvoker invoker)
   at Microsoft.AspNetCore.Mvc.Infrastructure.ResourceInvoker.<InvokeAsync>g__Logged|17_1(ResourceInvoker invoker)
   at Microsoft.AspNetCore.Routing.EndpointMiddleware.<Invoke>g__AwaitRequestTask|7_0(Endpoint endpoint, Task requestTask, ILogger logger)
   at Microsoft.AspNetCore.Authorization.AuthorizationMiddleware.Invoke(HttpContext context)
   at Microsoft.AspNetCore.Authentication.AuthenticationMiddleware.Invoke(HttpContext context)
   at HotelBooking.API.Middleware.ExceptionHandlingMiddleware.Invoke(HttpContext context) in C:\Users\Flori\Desktop\HBS\backend\src\HotelBooking.API\Middleware\ExceptionHandlingMiddleware.cs:line 17
2026-04-23 14:40:58.134 +02:00 [INF] Executed DbCommand (1ms) [Parameters=[@__userId_0='?' (DbType = Guid)], CommandType='"Text"', CommandTimeout='30']
SELECT count(*)::int
FROM "Notifications" AS n
WHERE n."UserId" = @__userId_0 AND NOT (n."IsRead")
2026-04-23 14:40:58.134 +02:00 [INF] HTTP GET /api/dashboard/activity-feed responded 200 in 71.4605 ms
2026-04-23 14:40:58.136 +02:00 [INF] Request finished HTTP/1.1 GET http://localhost:5259/api/dashboard/recent-bookings?count=5 - 200 null application/json; charset=utf-8 104.6023ms
2026-04-23 14:40:58.138 +02:00 [INF] Executed endpoint 'HotelBooking.API.Controllers.DashboardController.GetOccupancy (HotelBooking.API)'
2026-04-23 14:40:58.147 +02:00 [ERR] HTTP GET /api/dashboard/summary responded 500 in 106.9632 ms
2026-04-23 14:40:58.149 +02:00 [INF] Executed DbCommand (1ms) [Parameters=[@__userId_0='?' (DbType = Guid)], CommandType='"Text"', CommandTimeout='30']
SELECT count(*)::int
FROM "Notifications" AS n
WHERE n."UserId" = @__userId_0
2026-04-23 14:40:58.150 +02:00 [INF] Request finished HTTP/1.1 GET http://localhost:5259/api/dashboard/activity-feed?count=6 - 200 null application/json; charset=utf-8 104.2537ms
2026-04-23 14:40:58.156 +02:00 [INF] HTTP GET /api/dashboard/occupancy responded 200 in 89.3149 ms
2026-04-23 14:40:58.160 +02:00 [INF] Request finished HTTP/1.1 GET http://localhost:5259/api/dashboard/summary - 500 null application/json 138.7706ms
2026-04-23 14:40:58.167 +02:00 [INF] Executed DbCommand (1ms) [Parameters=[@__userId_0='?' (DbType = Guid), @__p_2='?' (DbType = Int32), @__p_1='?' (DbType = Int32)], CommandType='"Text"', CommandTimeout='30']
SELECT n."Id", n."Title", n."Message", CASE n."Type"
    WHEN 1 THEN 'BookingCreated'
    WHEN 2 THEN 'BookingCancelled'
    WHEN 3 THEN 'CheckInCompleted'
    WHEN 4 THEN 'CheckOutCompleted'
    WHEN 5 THEN 'PaymentCompleted'
    WHEN 6 THEN 'HousekeepingUpdated'
    WHEN 7 THEN 'MaintenanceAlert'
    ELSE n."Type"::text
END, n."IsRead", n."CreatedAt"
FROM "Notifications" AS n
WHERE n."UserId" = @__userId_0
ORDER BY n."CreatedAt" DESC
LIMIT @__p_2 OFFSET @__p_1
2026-04-23 14:40:58.171 +02:00 [INF] Request finished HTTP/1.1 GET http://localhost:5259/api/dashboard/occupancy - 200 null application/json; charset=utf-8 116.8179ms
2026-04-23 14:40:58.180 +02:00 [INF] Executing OkObjectResult, writing value of type 'HotelBooking.API.Common.ApiResponse'.
2026-04-23 14:40:58.186 +02:00 [INF] Executed action HotelBooking.API.Controllers.NotificationsController.GetNotifications (HotelBooking.API) in 55.3114ms
2026-04-23 14:40:58.188 +02:00 [INF] Executed endpoint 'HotelBooking.API.Controllers.NotificationsController.GetNotifications (HotelBooking.API)'
2026-04-23 14:40:58.189 +02:00 [INF] HTTP GET /api/notifications responded 200 in 89.7076 ms
2026-04-23 14:40:58.192 +02:00 [INF] Request finished HTTP/1.1 GET http://localhost:5259/api/notifications?pageNumber=1&pageSize=8 - 200 null application/json; charset=utf-8 106.6217ms
2026-04-23 14:40:59.165 +02:00 [INF] Request starting HTTP/1.1 OPTIONS http://localhost:5259/api/dashboard/summary - null null
2026-04-23 14:40:59.165 +02:00 [INF] Request starting HTTP/1.1 OPTIONS http://localhost:5259/api/dashboard/recent-bookings?count=5 - null null
2026-04-23 14:40:59.166 +02:00 [INF] Request starting HTTP/1.1 OPTIONS http://localhost:5259/api/dashboard/activity-feed?count=6 - null null
2026-04-23 14:40:59.166 +02:00 [INF] Request starting HTTP/1.1 OPTIONS http://localhost:5259/api/dashboard/occupancy - null null
2026-04-23 14:40:59.168 +02:00 [INF] CORS policy execution successful.
2026-04-23 14:40:59.171 +02:00 [INF] CORS policy execution successful.
2026-04-23 14:40:59.174 +02:00 [INF] CORS policy execution successful.
2026-04-23 14:40:59.177 +02:00 [INF] CORS policy execution successful.
2026-04-23 14:40:59.178 +02:00 [INF] HTTP OPTIONS /api/dashboard/summary responded 204 in 9.7280 ms
2026-04-23 14:40:59.179 +02:00 [INF] HTTP OPTIONS /api/dashboard/recent-bookings responded 204 in 7.6917 ms
2026-04-23 14:40:59.180 +02:00 [INF] HTTP OPTIONS /api/dashboard/activity-feed responded 204 in 5.9359 ms
2026-04-23 14:40:59.181 +02:00 [INF] HTTP OPTIONS /api/dashboard/occupancy responded 204 in 3.7647 ms
2026-04-23 14:40:59.183 +02:00 [INF] Request finished HTTP/1.1 OPTIONS http://localhost:5259/api/dashboard/summary - 204 null null 18.3357ms
2026-04-23 14:40:59.185 +02:00 [INF] Request finished HTTP/1.1 OPTIONS http://localhost:5259/api/dashboard/recent-bookings?count=5 - 204 null null 20.2539ms
2026-04-23 14:40:59.188 +02:00 [INF] Request finished HTTP/1.1 OPTIONS http://localhost:5259/api/dashboard/activity-feed?count=6 - 204 null null 22.3716ms
2026-04-23 14:40:59.190 +02:00 [INF] Request finished HTTP/1.1 OPTIONS http://localhost:5259/api/dashboard/occupancy - 204 null null 24.3224ms
2026-04-23 14:40:59.195 +02:00 [INF] Request starting HTTP/1.1 GET http://localhost:5259/api/dashboard/summary - null null
2026-04-23 14:40:59.199 +02:00 [INF] Request starting HTTP/1.1 GET http://localhost:5259/api/dashboard/recent-bookings?count=5 - null null
2026-04-23 14:40:59.202 +02:00 [INF] Request starting HTTP/1.1 GET http://localhost:5259/api/dashboard/activity-feed?count=6 - null null
2026-04-23 14:40:59.206 +02:00 [INF] Request starting HTTP/1.1 GET http://localhost:5259/api/dashboard/occupancy - null null
2026-04-23 14:40:59.209 +02:00 [INF] CORS policy execution successful.
2026-04-23 14:40:59.212 +02:00 [INF] CORS policy execution successful.
2026-04-23 14:40:59.215 +02:00 [INF] CORS policy execution successful.
2026-04-23 14:40:59.217 +02:00 [INF] CORS policy execution successful.
2026-04-23 14:40:59.219 +02:00 [INF] Executing endpoint 'HotelBooking.API.Controllers.DashboardController.GetSummary (HotelBooking.API)'
2026-04-23 14:40:59.220 +02:00 [INF] Executing endpoint 'HotelBooking.API.Controllers.DashboardController.GetRecentBookings (HotelBooking.API)'
2026-04-23 14:40:59.221 +02:00 [INF] Executing endpoint 'HotelBooking.API.Controllers.DashboardController.GetActivityFeed (HotelBooking.API)'
2026-04-23 14:40:59.221 +02:00 [INF] Executing endpoint 'HotelBooking.API.Controllers.DashboardController.GetOccupancy (HotelBooking.API)'
2026-04-23 14:40:59.222 +02:00 [INF] Route matched with {action = "GetSummary", controller = "Dashboard"}. Executing controller action with signature System.Threading.Tasks.Task`1[Microsoft.AspNetCore.Mvc.IActionResult] GetSummary(System.Threading.CancellationToken) on controller HotelBooking.API.Controllers.DashboardController (HotelBooking.API).
2026-04-23 14:40:59.224 +02:00 [INF] Route matched with {action = "GetRecentBookings", controller = "Dashboard"}. Executing controller action with signature System.Threading.Tasks.Task`1[Microsoft.AspNetCore.Mvc.IActionResult] GetRecentBookings(Int32, System.Threading.CancellationToken) on controller HotelBooking.API.Controllers.DashboardController (HotelBooking.API).
2026-04-23 14:40:59.225 +02:00 [INF] Route matched with {action = "GetActivityFeed", controller = "Dashboard"}. Executing controller action with signature System.Threading.Tasks.Task`1[Microsoft.AspNetCore.Mvc.IActionResult] GetActivityFeed(Int32, System.Threading.CancellationToken) on controller HotelBooking.API.Controllers.DashboardController (HotelBooking.API).
2026-04-23 14:40:59.227 +02:00 [INF] Route matched with {action = "GetOccupancy", controller = "Dashboard"}. Executing controller action with signature System.Threading.Tasks.Task`1[Microsoft.AspNetCore.Mvc.IActionResult] GetOccupancy(System.Threading.CancellationToken) on controller HotelBooking.API.Controllers.DashboardController (HotelBooking.API).
2026-04-23 14:40:59.231 +02:00 [INF] Executed DbCommand (1ms) [Parameters=[], CommandType='"Text"', CommandTimeout='30']
SELECT r."Status", count(*)::int AS "Count"
FROM "Rooms" AS r
GROUP BY r."Status"
2026-04-23 14:40:59.231 +02:00 [ERR] An exception occurred while iterating over the results of a query for context type 'HotelBooking.Persistence.Context.AppDbContext'.
System.InvalidOperationException: A second operation was started on this context instance before a previous operation completed. This is usually caused by different threads concurrently using the same instance of DbContext. For more information on how to avoid threading issues with DbContext, see https://go.microsoft.com/fwlink/?linkid=2097913.
   at Microsoft.EntityFrameworkCore.Query.Internal.SingleQueryingEnumerable`1.AsyncEnumerator.MoveNextAsync()
System.InvalidOperationException: A second operation was started on this context instance before a previous operation completed. This is usually caused by different threads concurrently using the same instance of DbContext. For more information on how to avoid threading issues with DbContext, see https://go.microsoft.com/fwlink/?linkid=2097913.
   at Microsoft.EntityFrameworkCore.Query.Internal.SingleQueryingEnumerable`1.AsyncEnumerator.MoveNextAsync()
2026-04-23 14:40:59.235 +02:00 [INF] Executed DbCommand (3ms) [Parameters=[@__p_0='?' (DbType = Int32)], CommandType='"Text"', CommandTimeout='30']
SELECT b0."Id", b0."BookingCode", b0."UserId", u."FullName", u."Email", b0."RoomId", r."RoomNumber", CASE r."Type"
    WHEN 1 THEN 'Standard'
    WHEN 2 THEN 'Deluxe'
    WHEN 3 THEN 'Family'
    WHEN 4 THEN 'BusinessSuite'
    ELSE r."Type"::text
END, b0."CheckInDate", b0."CheckOutDate", b0."TotalAmount", CASE b0."PaymentMethod"
    WHEN 1 THEN 'Card'
    WHEN 2 THEN 'Cash'
    WHEN 3 THEN 'Check'
    ELSE b0."PaymentMethod"::text
END, CASE b0."Status"
    WHEN 1 THEN 'Confirmed'
    WHEN 2 THEN 'Active'
    WHEN 3 THEN 'CheckedOut'
    WHEN 4 THEN 'Cancelled'
    ELSE b0."Status"::text
END, b0."CheckOutDate" - b0."CheckInDate", b0."CreatedAt"
FROM (
    SELECT b."Id", b."BookingCode", b."CheckInDate", b."CheckOutDate", b."CreatedAt", b."PaymentMethod", b."RoomId", b."Status", b."TotalAmount", b."UserId"
    FROM "Bookings" AS b
    ORDER BY b."CreatedAt" DESC
    LIMIT @__p_0
) AS b0
INNER JOIN "Users" AS u ON b0."UserId" = u."Id"
INNER JOIN "Rooms" AS r ON b0."RoomId" = r."Id"
ORDER BY b0."CreatedAt" DESC
2026-04-23 14:40:59.235 +02:00 [INF] Executed DbCommand (1ms) [Parameters=[@__p_0='?' (DbType = Int32)], CommandType='"Text"', CommandTimeout='30']
SELECT n."Id", n."Title", n."Message", CASE n."Type"
    WHEN 1 THEN 'BookingCreated'
    WHEN 2 THEN 'BookingCancelled'
    WHEN 3 THEN 'CheckInCompleted'
    WHEN 4 THEN 'CheckOutCompleted'
    WHEN 5 THEN 'PaymentCompleted'
    WHEN 6 THEN 'HousekeepingUpdated'
    WHEN 7 THEN 'MaintenanceAlert'
    ELSE n."Type"::text
END, n."CreatedAt"
FROM "Notifications" AS n
ORDER BY n."CreatedAt" DESC
LIMIT @__p_0
2026-04-23 14:40:59.238 +02:00 [INF] Executed DbCommand (1ms) [Parameters=[], CommandType='"Text"', CommandTimeout='30']
SELECT r."Id", r."Amenities", r."BedCount", r."CreatedAt", r."FloorNumber", r."PricePerNight", r."RoomNumber", r."Status", r."Type", r."UpdatedAt"
FROM "Rooms" AS r
ORDER BY r."FloorNumber", r."RoomNumber"
2026-04-23 14:40:59.245 +02:00 [INF] Executing OkObjectResult, writing value of type 'HotelBooking.API.Common.ApiResponse'.
2026-04-23 14:40:59.247 +02:00 [INF] Executing OkObjectResult, writing value of type 'HotelBooking.API.Common.ApiResponse'.
2026-04-23 14:40:59.251 +02:00 [ERR] An exception occurred while iterating over the results of a query for context type 'HotelBooking.Persistence.Context.AppDbContext'.
System.InvalidOperationException: A second operation was started on this context instance before a previous operation completed. This is usually caused by different threads concurrently using the same instance of DbContext. For more information on how to avoid threading issues with DbContext, see https://go.microsoft.com/fwlink/?linkid=2097913.
   at Microsoft.EntityFrameworkCore.Infrastructure.Internal.ConcurrencyDetector.EnterCriticalSection()
   at Microsoft.EntityFrameworkCore.Query.Internal.SingleQueryingEnumerable`1.AsyncEnumerator.MoveNextAsync()
System.InvalidOperationException: A second operation was started on this context instance before a previous operation completed. This is usually caused by different threads concurrently using the same instance of DbContext. For more information on how to avoid threading issues with DbContext, see https://go.microsoft.com/fwlink/?linkid=2097913.
   at Microsoft.EntityFrameworkCore.Infrastructure.Internal.ConcurrencyDetector.EnterCriticalSection()
   at Microsoft.EntityFrameworkCore.Query.Internal.SingleQueryingEnumerable`1.AsyncEnumerator.MoveNextAsync()
2026-04-23 14:40:59.252 +02:00 [INF] Executed DbCommand (7ms) [Parameters=[@__startOfMonth_0='?' (DbType = DateTime)], CommandType='"Text"', CommandTimeout='30']
SELECT COALESCE(sum(p."Amount"), 0.0)
FROM "Payments" AS p
WHERE p."Status" = 2 AND p."PaidAt" >= @__startOfMonth_0
2026-04-23 14:40:59.261 +02:00 [INF] Executed DbCommand (1ms) [Parameters=[], CommandType='"Text"', CommandTimeout='30']
SELECT b."RoomId", u."FullName"
FROM "Bookings" AS b
INNER JOIN "Users" AS u ON b."UserId" = u."Id"
WHERE b."Status" IN (2, 1)
2026-04-23 14:40:59.263 +02:00 [INF] Executed action HotelBooking.API.Controllers.DashboardController.GetRecentBookings (HotelBooking.API) in 31.3473ms
2026-04-23 14:40:59.266 +02:00 [INF] Executed action HotelBooking.API.Controllers.DashboardController.GetActivityFeed (HotelBooking.API) in 32.3674ms
2026-04-23 14:40:59.278 +02:00 [INF] Executed action HotelBooking.API.Controllers.DashboardController.GetSummary (HotelBooking.API) in 49.3022ms
2026-04-23 14:40:59.281 +02:00 [INF] Executing OkObjectResult, writing value of type 'HotelBooking.API.Common.ApiResponse'.
2026-04-23 14:40:59.286 +02:00 [INF] Executed endpoint 'HotelBooking.API.Controllers.DashboardController.GetRecentBookings (HotelBooking.API)'
2026-04-23 14:40:59.288 +02:00 [INF] Executed endpoint 'HotelBooking.API.Controllers.DashboardController.GetActivityFeed (HotelBooking.API)'
2026-04-23 14:40:59.290 +02:00 [INF] Executed endpoint 'HotelBooking.API.Controllers.DashboardController.GetSummary (HotelBooking.API)'
2026-04-23 14:40:59.292 +02:00 [INF] Executed action HotelBooking.API.Controllers.DashboardController.GetOccupancy (HotelBooking.API) in 56.0048ms
2026-04-23 14:40:59.293 +02:00 [INF] HTTP GET /api/dashboard/recent-bookings responded 200 in 81.3541 ms
2026-04-23 14:40:59.294 +02:00 [INF] HTTP GET /api/dashboard/activity-feed responded 200 in 79.6684 ms
2026-04-23 14:40:59.297 +02:00 [ERR] Unhandled exception. TraceId=0HNL16L8MG8NS:00000006 StatusCode=500 Method=GET Path=/api/dashboard/summary
System.InvalidOperationException: A second operation was started on this context instance before a previous operation completed. This is usually caused by different threads concurrently using the same instance of DbContext. For more information on how to avoid threading issues with DbContext, see https://go.microsoft.com/fwlink/?linkid=2097913.
   at Microsoft.EntityFrameworkCore.Query.Internal.SingleQueryingEnumerable`1.AsyncEnumerator.MoveNextAsync()
   at Microsoft.EntityFrameworkCore.EntityFrameworkQueryableExtensions.ToListAsync[TSource](IQueryable`1 source, CancellationToken cancellationToken)
   at Microsoft.EntityFrameworkCore.EntityFrameworkQueryableExtensions.ToListAsync[TSource](IQueryable`1 source, CancellationToken cancellationToken)
   at HotelBooking.Application.Features.Dashboard.Queries.GetDashboardSummary.GetDashboardSummaryQueryHandler.Handle(GetDashboardSummaryQuery request, CancellationToken cancellationToken) in C:\Users\Flori\Desktop\HBS\backend\src\HotelBooking.Application\Features\Dashboard\Queries\GetDashboardSummary\GetDashboardSummaryQueryHandler.cs:line 37
   at HotelBooking.Application.Common.Behaviors.ValidationBehavior`2.Handle(TRequest request, RequestHandlerDelegate`1 next, CancellationToken cancellationToken) in C:\Users\Flori\Desktop\HBS\backend\src\HotelBooking.Application\Common\Behaviors\ValidationBehavior.cs:line 16
   at HotelBooking.API.Controllers.DashboardController.GetSummary(CancellationToken ct) in C:\Users\Flori\Desktop\HBS\backend\src\HotelBooking.API\Controllers\DashboardController.cs:line 17
   at Microsoft.AspNetCore.Mvc.Infrastructure.ActionMethodExecutor.TaskOfIActionResultExecutor.Execute(ActionContext actionContext, IActionResultTypeMapper mapper, ObjectMethodExecutor executor, Object controller, Object[] arguments)
   at Microsoft.AspNetCore.Mvc.Infrastructure.ControllerActionInvoker.<InvokeActionMethodAsync>g__Awaited|12_0(ControllerActionInvoker invoker, ValueTask`1 actionResultValueTask)
   at Microsoft.AspNetCore.Mvc.Infrastructure.ControllerActionInvoker.<InvokeNextActionFilterAsync>g__Awaited|10_0(ControllerActionInvoker invoker, Task lastTask, State next, Scope scope, Object state, Boolean isCompleted)
   at Microsoft.AspNetCore.Mvc.Infrastructure.ControllerActionInvoker.Rethrow(ActionExecutedContextSealed context)
   at Microsoft.AspNetCore.Mvc.Infrastructure.ControllerActionInvoker.Next(State& next, Scope& scope, Object& state, Boolean& isCompleted)
   at Microsoft.AspNetCore.Mvc.Infrastructure.ControllerActionInvoker.<InvokeInnerFilterAsync>g__Awaited|13_0(ControllerActionInvoker invoker, Task lastTask, State next, Scope scope, Object state, Boolean isCompleted)
   at Microsoft.AspNetCore.Mvc.Infrastructure.ResourceInvoker.<InvokeFilterPipelineAsync>g__Awaited|20_0(ResourceInvoker invoker, Task lastTask, State next, Scope scope, Object state, Boolean isCompleted)
   at Microsoft.AspNetCore.Mvc.Infrastructure.ResourceInvoker.<InvokeAsync>g__Logged|17_1(ResourceInvoker invoker)
   at Microsoft.AspNetCore.Mvc.Infrastructure.ResourceInvoker.<InvokeAsync>g__Logged|17_1(ResourceInvoker invoker)
   at Microsoft.AspNetCore.Routing.EndpointMiddleware.<Invoke>g__AwaitRequestTask|7_0(Endpoint endpoint, Task requestTask, ILogger logger)
   at Microsoft.AspNetCore.Authorization.AuthorizationMiddleware.Invoke(HttpContext context)
   at Microsoft.AspNetCore.Authentication.AuthenticationMiddleware.Invoke(HttpContext context)
   at HotelBooking.API.Middleware.ExceptionHandlingMiddleware.Invoke(HttpContext context) in C:\Users\Flori\Desktop\HBS\backend\src\HotelBooking.API\Middleware\ExceptionHandlingMiddleware.cs:line 17
2026-04-23 14:40:59.300 +02:00 [INF] Executed endpoint 'HotelBooking.API.Controllers.DashboardController.GetOccupancy (HotelBooking.API)'
2026-04-23 14:40:59.302 +02:00 [INF] Request finished HTTP/1.1 GET http://localhost:5259/api/dashboard/recent-bookings?count=5 - 200 null application/json; charset=utf-8 103.5038ms
2026-04-23 14:40:59.305 +02:00 [INF] Request finished HTTP/1.1 GET http://localhost:5259/api/dashboard/activity-feed?count=6 - 200 null application/json; charset=utf-8 102.9178ms
2026-04-23 14:40:59.312 +02:00 [ERR] HTTP GET /api/dashboard/summary responded 500 in 103.3596 ms
2026-04-23 14:40:59.312 +02:00 [INF] HTTP GET /api/dashboard/occupancy responded 200 in 94.9823 ms
2026-04-23 14:40:59.322 +02:00 [INF] Request finished HTTP/1.1 GET http://localhost:5259/api/dashboard/summary - 500 null application/json 127.0206ms
2026-04-23 14:40:59.324 +02:00 [INF] Request finished HTTP/1.1 GET http://localhost:5259/api/dashboard/occupancy - 200 null application/json; charset=utf-8 117.9771ms
2026-04-23 14:43:56.852 +02:00 [INF] Application is shutting down...
2026-04-23 14:51:18.069 +02:00 [INF] Environment: Development
2026-04-23 14:51:18.167 +02:00 [INF] Initializing database
2026-04-23 14:51:18.925 +02:00 [INF] Executed DbCommand (15ms) [Parameters=[], CommandType='"Text"', CommandTimeout='30']
SELECT "MigrationId", "ProductVersion"
FROM "__EFMigrationsHistory"
ORDER BY "MigrationId";
2026-04-23 14:51:19.162 +02:00 [INF] Executed DbCommand (5ms) [Parameters=[], CommandType='"Text"', CommandTimeout='30']
CREATE TABLE IF NOT EXISTS "__EFMigrationsHistory" (
    "MigrationId" character varying(150) NOT NULL,
    "ProductVersion" character varying(32) NOT NULL,
    CONSTRAINT "PK___EFMigrationsHistory" PRIMARY KEY ("MigrationId")
);
2026-04-23 14:51:19.177 +02:00 [INF] Executed DbCommand (1ms) [Parameters=[], CommandType='"Text"', CommandTimeout='30']
LOCK TABLE "__EFMigrationsHistory" IN ACCESS EXCLUSIVE MODE
2026-04-23 14:51:19.183 +02:00 [INF] Executed DbCommand (1ms) [Parameters=[], CommandType='"Text"', CommandTimeout='30']
SELECT "MigrationId", "ProductVersion"
FROM "__EFMigrationsHistory"
ORDER BY "MigrationId";
2026-04-23 14:51:19.191 +02:00 [INF] No migrations were applied. The database is already up to date.
2026-04-23 14:51:19.349 +02:00 [INF] Executed DbCommand (1ms) [Parameters=[], CommandType='"Text"', CommandTimeout='30']
SELECT r."Name"
FROM "Roles" AS r
2026-04-23 14:51:19.399 +02:00 [INF] Executed DbCommand (1ms) [Parameters=[], CommandType='"Text"', CommandTimeout='30']
SELECT EXISTS (
    SELECT 1
    FROM "Users" AS u
    WHERE u."Email" = 'admin@hotel.com')
2026-04-23 14:51:19.409 +02:00 [INF] Executed DbCommand (1ms) [Parameters=[], CommandType='"Text"', CommandTimeout='30']
SELECT EXISTS (
    SELECT 1
    FROM "Rooms" AS r)
2026-04-23 14:51:19.445 +02:00 [INF] Executed DbCommand (1ms) [Parameters=[], CommandType='"Text"', CommandTimeout='30']
SELECT r."Id", r."CreatedAt", r."Name", r."UpdatedAt"
FROM "Roles" AS r
WHERE r."Name" = 'Guest'
LIMIT 1
2026-04-23 14:51:19.562 +02:00 [INF] Executed DbCommand (45ms) [Parameters=[@__Select_0='?' (DbType = Object)], CommandType='"Text"', CommandTimeout='30']
SELECT u."Email"
FROM "Users" AS u
WHERE u."Email" = ANY (@__Select_0)
2026-04-23 14:51:19.570 +02:00 [INF] Executed DbCommand (1ms) [Parameters=[], CommandType='"Text"', CommandTimeout='30']
SELECT EXISTS (
    SELECT 1
    FROM "Bookings" AS b)
2026-04-23 14:51:19.577 +02:00 [INF] Executed DbCommand (1ms) [Parameters=[], CommandType='"Text"', CommandTimeout='30']
SELECT EXISTS (
    SELECT 1
    FROM "RoomCharges" AS r)
2026-04-23 14:51:19.584 +02:00 [INF] Database initialization complete
2026-04-23 14:51:19.597 +02:00 [INF] User profile is available. Using 'C:\Users\Flori\AppData\Local\ASP.NET\DataProtection-Keys' as key repository and Windows DPAPI to encrypt keys at rest.
2026-04-23 14:51:19.652 +02:00 [INF] Now listening on: http://localhost:5259
2026-04-23 14:51:19.653 +02:00 [INF] Application started. Press Ctrl+C to shut down.
2026-04-23 14:51:19.655 +02:00 [INF] Hosting environment: Development
2026-04-23 14:51:19.656 +02:00 [INF] Content root path: C:\Users\Flori\Desktop\HBS\backend\src\HotelBooking.API
2026-04-23 14:51:29.464 +02:00 [INF] Request starting HTTP/1.1 OPTIONS http://localhost:5259/api/dashboard/activity-feed?count=6 - null null
2026-04-23 14:51:29.464 +02:00 [INF] Request starting HTTP/1.1 OPTIONS http://localhost:5259/api/dashboard/recent-bookings?count=5 - null null
2026-04-23 14:51:29.464 +02:00 [INF] Request starting HTTP/1.1 OPTIONS http://localhost:5259/api/dashboard/summary - null null
2026-04-23 14:51:29.464 +02:00 [INF] Request starting HTTP/1.1 OPTIONS http://localhost:5259/api/dashboard/occupancy - null null
2026-04-23 14:51:29.464 +02:00 [INF] Request starting HTTP/1.1 OPTIONS http://localhost:5259/api/notifications?pageNumber=1&pageSize=8 - null null
2026-04-23 14:51:29.525 +02:00 [INF] CORS policy execution successful.
2026-04-23 14:51:29.525 +02:00 [INF] CORS policy execution successful.
2026-04-23 14:51:29.525 +02:00 [INF] CORS policy execution successful.
2026-04-23 14:51:29.525 +02:00 [INF] CORS policy execution successful.
2026-04-23 14:51:29.525 +02:00 [INF] CORS policy execution successful.
2026-04-23 14:51:29.529 +02:00 [INF] HTTP OPTIONS /api/dashboard/activity-feed responded 204 in 3.8761 ms
2026-04-23 14:51:29.529 +02:00 [INF] HTTP OPTIONS /api/dashboard/summary responded 204 in 3.8780 ms
2026-04-23 14:51:29.529 +02:00 [INF] HTTP OPTIONS /api/notifications responded 204 in 4.6571 ms
2026-04-23 14:51:29.529 +02:00 [INF] HTTP OPTIONS /api/dashboard/recent-bookings responded 204 in 6.2358 ms
2026-04-23 14:51:29.529 +02:00 [INF] HTTP OPTIONS /api/dashboard/occupancy responded 204 in 5.4454 ms
2026-04-23 14:51:29.538 +02:00 [INF] Request finished HTTP/1.1 OPTIONS http://localhost:5259/api/dashboard/activity-feed?count=6 - 204 null null 76.015ms
2026-04-23 14:51:29.538 +02:00 [INF] Request finished HTTP/1.1 OPTIONS http://localhost:5259/api/dashboard/summary - 204 null null 76.6428ms
2026-04-23 14:51:29.539 +02:00 [INF] Request finished HTTP/1.1 OPTIONS http://localhost:5259/api/notifications?pageNumber=1&pageSize=8 - 204 null null 77.8396ms
2026-04-23 14:51:29.541 +02:00 [INF] Request finished HTTP/1.1 OPTIONS http://localhost:5259/api/dashboard/recent-bookings?count=5 - 204 null null 79.8715ms
2026-04-23 14:51:29.544 +02:00 [INF] Request finished HTTP/1.1 OPTIONS http://localhost:5259/api/dashboard/occupancy - 204 null null 81.5315ms
2026-04-23 14:51:29.549 +02:00 [INF] Request starting HTTP/1.1 GET http://localhost:5259/api/dashboard/activity-feed?count=6 - null null
2026-04-23 14:51:29.552 +02:00 [INF] Request starting HTTP/1.1 GET http://localhost:5259/api/dashboard/summary - null null
2026-04-23 14:51:29.555 +02:00 [INF] Request starting HTTP/1.1 GET http://localhost:5259/api/notifications?pageNumber=1&pageSize=8 - null null
2026-04-23 14:51:29.558 +02:00 [INF] Request starting HTTP/1.1 GET http://localhost:5259/api/dashboard/recent-bookings?count=5 - null null
2026-04-23 14:51:29.562 +02:00 [INF] Request starting HTTP/1.1 GET http://localhost:5259/api/dashboard/occupancy - null null
2026-04-23 14:51:29.574 +02:00 [INF] CORS policy execution successful.
2026-04-23 14:51:29.574 +02:00 [INF] CORS policy execution successful.
2026-04-23 14:51:29.574 +02:00 [INF] CORS policy execution successful.
2026-04-23 14:51:29.576 +02:00 [INF] CORS policy execution successful.
2026-04-23 14:51:29.579 +02:00 [INF] CORS policy execution successful.
2026-04-23 14:51:29.580 +02:00 [WRN] Failed to determine the https port for redirect.
2026-04-23 14:51:29.674 +02:00 [INF] Executing endpoint 'HotelBooking.API.Controllers.DashboardController.GetOccupancy (HotelBooking.API)'
2026-04-23 14:51:29.674 +02:00 [INF] Executing endpoint 'HotelBooking.API.Controllers.DashboardController.GetRecentBookings (HotelBooking.API)'
2026-04-23 14:51:29.674 +02:00 [INF] Executing endpoint 'HotelBooking.API.Controllers.DashboardController.GetSummary (HotelBooking.API)'
2026-04-23 14:51:29.674 +02:00 [INF] Executing endpoint 'HotelBooking.API.Controllers.DashboardController.GetActivityFeed (HotelBooking.API)'
2026-04-23 14:51:29.674 +02:00 [INF] Executing endpoint 'HotelBooking.API.Controllers.NotificationsController.GetNotifications (HotelBooking.API)'
2026-04-23 14:51:29.688 +02:00 [INF] Route matched with {action = "GetNotifications", controller = "Notifications"}. Executing controller action with signature System.Threading.Tasks.Task`1[Microsoft.AspNetCore.Mvc.IActionResult] GetNotifications(Boolean, Int32, Int32, System.Threading.CancellationToken) on controller HotelBooking.API.Controllers.NotificationsController (HotelBooking.API).
2026-04-23 14:51:29.688 +02:00 [INF] Route matched with {action = "GetRecentBookings", controller = "Dashboard"}. Executing controller action with signature System.Threading.Tasks.Task`1[Microsoft.AspNetCore.Mvc.IActionResult] GetRecentBookings(Int32, System.Threading.CancellationToken) on controller HotelBooking.API.Controllers.DashboardController (HotelBooking.API).
2026-04-23 14:51:29.688 +02:00 [INF] Route matched with {action = "GetActivityFeed", controller = "Dashboard"}. Executing controller action with signature System.Threading.Tasks.Task`1[Microsoft.AspNetCore.Mvc.IActionResult] GetActivityFeed(Int32, System.Threading.CancellationToken) on controller HotelBooking.API.Controllers.DashboardController (HotelBooking.API).
2026-04-23 14:51:29.688 +02:00 [INF] Route matched with {action = "GetSummary", controller = "Dashboard"}. Executing controller action with signature System.Threading.Tasks.Task`1[Microsoft.AspNetCore.Mvc.IActionResult] GetSummary(System.Threading.CancellationToken) on controller HotelBooking.API.Controllers.DashboardController (HotelBooking.API).
2026-04-23 14:51:29.688 +02:00 [INF] Route matched with {action = "GetOccupancy", controller = "Dashboard"}. Executing controller action with signature System.Threading.Tasks.Task`1[Microsoft.AspNetCore.Mvc.IActionResult] GetOccupancy(System.Threading.CancellationToken) on controller HotelBooking.API.Controllers.DashboardController (HotelBooking.API).
2026-04-23 14:51:29.742 +02:00 [INF] Executed DbCommand (1ms) [Parameters=[], CommandType='"Text"', CommandTimeout='30']
SELECT r."Id", r."Amenities", r."BedCount", r."CreatedAt", r."FloorNumber", r."PricePerNight", r."RoomNumber", r."Status", r."Type", r."UpdatedAt"
FROM "Rooms" AS r
ORDER BY r."FloorNumber", r."RoomNumber"
2026-04-23 14:51:29.779 +02:00 [INF] Executed DbCommand (2ms) [Parameters=[@__p_0='?' (DbType = Int32)], CommandType='"Text"', CommandTimeout='30']
SELECT n."Id", n."Title", n."Message", CASE n."Type"
    WHEN 1 THEN 'BookingCreated'
    WHEN 2 THEN 'BookingCancelled'
    WHEN 3 THEN 'CheckInCompleted'
    WHEN 4 THEN 'CheckOutCompleted'
    WHEN 5 THEN 'PaymentCompleted'
    WHEN 6 THEN 'HousekeepingUpdated'
    WHEN 7 THEN 'MaintenanceAlert'
    ELSE n."Type"::text
END, n."CreatedAt"
FROM "Notifications" AS n
ORDER BY n."CreatedAt" DESC
LIMIT @__p_0
2026-04-23 14:51:29.790 +02:00 [INF] Executing OkObjectResult, writing value of type 'HotelBooking.API.Common.ApiResponse'.
2026-04-23 14:51:29.884 +02:00 [INF] Executed DbCommand (4ms) [Parameters=[@__userId_0='?' (DbType = Guid)], CommandType='"Text"', CommandTimeout='30']
SELECT count(*)::int
FROM "Notifications" AS n
WHERE n."UserId" = @__userId_0 AND NOT (n."IsRead")
2026-04-23 14:51:29.888 +02:00 [INF] Executed DbCommand (3ms) [Parameters=[], CommandType='"Text"', CommandTimeout='30']
SELECT r."Status", count(*)::int AS "Count"
FROM "Rooms" AS r
GROUP BY r."Status"
2026-04-23 14:51:29.891 +02:00 [INF] Executed DbCommand (6ms) [Parameters=[@__p_0='?' (DbType = Int32)], CommandType='"Text"', CommandTimeout='30']
SELECT b0."Id", b0."BookingCode", b0."UserId", u."FullName", u."Email", b0."RoomId", r."RoomNumber", CASE r."Type"
    WHEN 1 THEN 'Standard'
    WHEN 2 THEN 'Deluxe'
    WHEN 3 THEN 'Family'
    WHEN 4 THEN 'BusinessSuite'
    ELSE r."Type"::text
END, b0."CheckInDate", b0."CheckOutDate", b0."TotalAmount", CASE b0."PaymentMethod"
    WHEN 1 THEN 'Card'
    WHEN 2 THEN 'Cash'
    WHEN 3 THEN 'Check'
    ELSE b0."PaymentMethod"::text
END, CASE b0."Status"
    WHEN 1 THEN 'Confirmed'
    WHEN 2 THEN 'Active'
    WHEN 3 THEN 'CheckedOut'
    WHEN 4 THEN 'Cancelled'
    ELSE b0."Status"::text
END, b0."CheckOutDate" - b0."CheckInDate", b0."CreatedAt"
FROM (
    SELECT b."Id", b."BookingCode", b."CheckInDate", b."CheckOutDate", b."CreatedAt", b."PaymentMethod", b."RoomId", b."Status", b."TotalAmount", b."UserId"
    FROM "Bookings" AS b
    ORDER BY b."CreatedAt" DESC
    LIMIT @__p_0
) AS b0
INNER JOIN "Users" AS u ON b0."UserId" = u."Id"
INNER JOIN "Rooms" AS r ON b0."RoomId" = r."Id"
ORDER BY b0."CreatedAt" DESC
2026-04-23 14:51:29.897 +02:00 [INF] Executed DbCommand (1ms) [Parameters=[@__userId_0='?' (DbType = Guid)], CommandType='"Text"', CommandTimeout='30']
SELECT count(*)::int
FROM "Notifications" AS n
WHERE n."UserId" = @__userId_0
2026-04-23 14:51:29.897 +02:00 [INF] Executing OkObjectResult, writing value of type 'HotelBooking.API.Common.ApiResponse'.
2026-04-23 14:51:29.903 +02:00 [INF] Executed DbCommand (2ms) [Parameters=[], CommandType='"Text"', CommandTimeout='30']
SELECT b."Status", count(*)::int AS "Count"
FROM "Bookings" AS b
GROUP BY b."Status"
2026-04-23 14:51:29.910 +02:00 [INF] Executed DbCommand (4ms) [Parameters=[], CommandType='"Text"', CommandTimeout='30']
SELECT b."RoomId", u."FullName"
FROM "Bookings" AS b
INNER JOIN "Users" AS u ON b."UserId" = u."Id"
WHERE b."Status" IN (2, 1)
2026-04-23 14:51:29.916 +02:00 [INF] Executing OkObjectResult, writing value of type 'HotelBooking.API.Common.ApiResponse'.
2026-04-23 14:51:29.917 +02:00 [INF] Executed DbCommand (3ms) [Parameters=[@__userId_0='?' (DbType = Guid), @__p_2='?' (DbType = Int32), @__p_1='?' (DbType = Int32)], CommandType='"Text"', CommandTimeout='30']
SELECT n."Id", n."Title", n."Message", CASE n."Type"
    WHEN 1 THEN 'BookingCreated'
    WHEN 2 THEN 'BookingCancelled'
    WHEN 3 THEN 'CheckInCompleted'
    WHEN 4 THEN 'CheckOutCompleted'
    WHEN 5 THEN 'PaymentCompleted'
    WHEN 6 THEN 'HousekeepingUpdated'
    WHEN 7 THEN 'MaintenanceAlert'
    ELSE n."Type"::text
END, n."IsRead", n."CreatedAt"
FROM "Notifications" AS n
WHERE n."UserId" = @__userId_0
ORDER BY n."CreatedAt" DESC
LIMIT @__p_2 OFFSET @__p_1
2026-04-23 14:51:29.929 +02:00 [INF] Executing OkObjectResult, writing value of type 'HotelBooking.API.Common.ApiResponse'.
2026-04-23 14:51:29.929 +02:00 [INF] Executed DbCommand (4ms) [Parameters=[@__startOfMonth_0='?' (DbType = DateTime)], CommandType='"Text"', CommandTimeout='30']
SELECT COALESCE(sum(p."Amount"), 0.0)
FROM "Payments" AS p
WHERE p."Status" = 2 AND p."PaidAt" >= @__startOfMonth_0
2026-04-23 14:51:29.940 +02:00 [INF] Executed DbCommand (1ms) [Parameters=[@__request_CallerId_0='?' (DbType = Guid)], CommandType='"Text"', CommandTimeout='30']
SELECT count(*)::int
FROM "Notifications" AS n
WHERE n."UserId" = @__request_CallerId_0 AND NOT (n."IsRead")
2026-04-23 14:51:29.941 +02:00 [INF] Executed action HotelBooking.API.Controllers.DashboardController.GetActivityFeed (HotelBooking.API) in 242.6271ms
2026-04-23 14:51:29.941 +02:00 [INF] Executed action HotelBooking.API.Controllers.NotificationsController.GetNotifications (HotelBooking.API) in 247.5584ms
2026-04-23 14:51:29.941 +02:00 [INF] Executed action HotelBooking.API.Controllers.DashboardController.GetOccupancy (HotelBooking.API) in 237.7198ms
2026-04-23 14:51:29.941 +02:00 [INF] Executed action HotelBooking.API.Controllers.DashboardController.GetRecentBookings (HotelBooking.API) in 245.8653ms
2026-04-23 14:51:29.944 +02:00 [INF] Executed endpoint 'HotelBooking.API.Controllers.DashboardController.GetActivityFeed (HotelBooking.API)'
2026-04-23 14:51:29.945 +02:00 [INF] Executed endpoint 'HotelBooking.API.Controllers.NotificationsController.GetNotifications (HotelBooking.API)'
2026-04-23 14:51:29.947 +02:00 [INF] Executed endpoint 'HotelBooking.API.Controllers.DashboardController.GetOccupancy (HotelBooking.API)'
2026-04-23 14:51:29.948 +02:00 [INF] Executed endpoint 'HotelBooking.API.Controllers.DashboardController.GetRecentBookings (HotelBooking.API)'
2026-04-23 14:51:29.950 +02:00 [INF] Executing OkObjectResult, writing value of type 'HotelBooking.API.Common.ApiResponse'.
2026-04-23 14:51:29.951 +02:00 [INF] HTTP GET /api/dashboard/activity-feed responded 200 in 377.3899 ms
2026-04-23 14:51:29.951 +02:00 [INF] HTTP GET /api/notifications responded 200 in 377.8040 ms
2026-04-23 14:51:29.952 +02:00 [INF] HTTP GET /api/dashboard/occupancy responded 200 in 373.6276 ms
2026-04-23 14:51:29.953 +02:00 [INF] HTTP GET /api/dashboard/recent-bookings responded 200 in 377.5552 ms
2026-04-23 14:51:29.957 +02:00 [INF] Executed action HotelBooking.API.Controllers.DashboardController.GetSummary (HotelBooking.API) in 258.4227ms
2026-04-23 14:51:29.958 +02:00 [INF] Request finished HTTP/1.1 GET http://localhost:5259/api/dashboard/activity-feed?count=6 - 200 null application/json; charset=utf-8 408.6107ms
2026-04-23 14:51:29.959 +02:00 [INF] Request finished HTTP/1.1 GET http://localhost:5259/api/notifications?pageNumber=1&pageSize=8 - 200 null application/json; charset=utf-8 404.3239ms
2026-04-23 14:51:29.961 +02:00 [INF] Request finished HTTP/1.1 GET http://localhost:5259/api/dashboard/occupancy - 200 null application/json; charset=utf-8 399.4079ms
2026-04-23 14:51:29.963 +02:00 [INF] Request finished HTTP/1.1 GET http://localhost:5259/api/dashboard/recent-bookings?count=5 - 200 null application/json; charset=utf-8 405.3309ms
2026-04-23 14:51:29.965 +02:00 [INF] Executed endpoint 'HotelBooking.API.Controllers.DashboardController.GetSummary (HotelBooking.API)'
2026-04-23 14:51:29.982 +02:00 [INF] HTTP GET /api/dashboard/summary responded 200 in 408.5448 ms
2026-04-23 14:51:29.984 +02:00 [INF] Request finished HTTP/1.1 GET http://localhost:5259/api/dashboard/summary - 200 null application/json; charset=utf-8 432.077ms
2026-04-23 14:52:05.328 +02:00 [INF] Request starting HTTP/1.1 OPTIONS http://localhost:5259/api/rooms?page=1&pageSize=100 - null null
2026-04-23 14:52:05.340 +02:00 [INF] CORS policy execution successful.
2026-04-23 14:52:05.344 +02:00 [INF] HTTP OPTIONS /api/rooms responded 204 in 3.1688 ms
2026-04-23 14:52:05.353 +02:00 [INF] Request finished HTTP/1.1 OPTIONS http://localhost:5259/api/rooms?page=1&pageSize=100 - 204 null null 24.973ms
2026-04-23 14:52:05.381 +02:00 [INF] Request starting HTTP/1.1 GET http://localhost:5259/api/rooms?page=1&pageSize=100 - null null
2026-04-23 14:52:05.395 +02:00 [INF] CORS policy execution successful.
2026-04-23 14:52:05.407 +02:00 [INF] Executing endpoint 'HotelBooking.API.Controllers.RoomsController.GetRooms (HotelBooking.API)'
2026-04-23 14:52:05.417 +02:00 [INF] Route matched with {action = "GetRooms", controller = "Rooms"}. Executing controller action with signature System.Threading.Tasks.Task`1[Microsoft.AspNetCore.Mvc.IActionResult] GetRooms(System.Nullable`1[HotelBooking.Domain.Enums.RoomType], System.Nullable`1[HotelBooking.Domain.Enums.RoomStatus], System.Nullable`1[System.Int32], System.String, Int32, Int32, System.Threading.CancellationToken) on controller HotelBooking.API.Controllers.RoomsController (HotelBooking.API).
2026-04-23 14:52:05.561 +02:00 [INF] Executed DbCommand (2ms) [Parameters=[], CommandType='"Text"', CommandTimeout='30']
SELECT count(*)::int
FROM "Rooms" AS r
2026-04-23 14:52:05.583 +02:00 [INF] Executed DbCommand (2ms) [Parameters=[@__p_1='?' (DbType = Int32), @__p_0='?' (DbType = Int32)], CommandType='"Text"', CommandTimeout='30']
SELECT r."Id", r."RoomNumber", r."FloorNumber", CASE r."Type"
    WHEN 1 THEN 'Standard'
    WHEN 2 THEN 'Deluxe'
    WHEN 3 THEN 'Family'
    WHEN 4 THEN 'BusinessSuite'
    ELSE r."Type"::text
END, CASE r."Status"
    WHEN 1 THEN 'Available'
    WHEN 2 THEN 'Occupied'
    WHEN 3 THEN 'Cleaning'
    WHEN 4 THEN 'Maintenance'
    ELSE r."Status"::text
END, r."PricePerNight", r."BedCount", r."Amenities", r."CreatedAt"
FROM "Rooms" AS r
ORDER BY r."FloorNumber", r."RoomNumber"
LIMIT @__p_1 OFFSET @__p_0
2026-04-23 14:52:05.587 +02:00 [INF] Executing OkObjectResult, writing value of type 'HotelBooking.API.Common.ApiResponse'.
2026-04-23 14:52:05.596 +02:00 [INF] Executed action HotelBooking.API.Controllers.RoomsController.GetRooms (HotelBooking.API) in 173.7971ms
2026-04-23 14:52:05.598 +02:00 [INF] Executed endpoint 'HotelBooking.API.Controllers.RoomsController.GetRooms (HotelBooking.API)'
2026-04-23 14:52:05.600 +02:00 [INF] HTTP GET /api/rooms responded 200 in 204.5575 ms
2026-04-23 14:52:05.602 +02:00 [INF] Request finished HTTP/1.1 GET http://localhost:5259/api/rooms?page=1&pageSize=100 - 200 null application/json; charset=utf-8 220.9531ms
2026-04-23 14:52:21.908 +02:00 [INF] Request starting HTTP/1.1 OPTIONS http://localhost:5259/api/rooms - null null
2026-04-23 14:52:21.912 +02:00 [INF] CORS policy execution successful.
2026-04-23 14:52:21.914 +02:00 [INF] HTTP OPTIONS /api/rooms responded 204 in 1.4308 ms
2026-04-23 14:52:21.916 +02:00 [INF] Request finished HTTP/1.1 OPTIONS http://localhost:5259/api/rooms - 204 null null 8.8468ms
2026-04-23 14:52:21.921 +02:00 [INF] Request starting HTTP/1.1 POST http://localhost:5259/api/rooms - application/json 115
2026-04-23 14:52:21.926 +02:00 [INF] CORS policy execution successful.
2026-04-23 14:52:21.927 +02:00 [INF] Executing endpoint 'HotelBooking.API.Controllers.RoomsController.CreateRoom (HotelBooking.API)'
2026-04-23 14:52:21.933 +02:00 [INF] Route matched with {action = "CreateRoom", controller = "Rooms"}. Executing controller action with signature System.Threading.Tasks.Task`1[Microsoft.AspNetCore.Mvc.IActionResult] CreateRoom(HotelBooking.Application.Features.Rooms.DTOs.CreateRoomRequest, System.Threading.CancellationToken) on controller HotelBooking.API.Controllers.RoomsController (HotelBooking.API).
2026-04-23 14:52:21.974 +02:00 [INF] Executed DbCommand (1ms) [Parameters=[@__normalizedNumber_0='?'], CommandType='"Text"', CommandTimeout='30']
SELECT EXISTS (
    SELECT 1
    FROM "Rooms" AS r
    WHERE r."RoomNumber" = @__normalizedNumber_0)
2026-04-23 14:52:22.079 +02:00 [INF] Executed DbCommand (6ms) [Parameters=[@p0='?' (DbType = Guid), @p1='?' (DbType = Object), @p2='?' (DbType = Int32), @p3='?' (DbType = DateTime), @p4='?' (DbType = Int32), @p5='?' (DbType = Decimal), @p6='?', @p7='?' (DbType = Int32), @p8='?' (DbType = Int32), @p9='?' (DbType = DateTime)], CommandType='"Text"', CommandTimeout='30']
INSERT INTO "Rooms" ("Id", "Amenities", "BedCount", "CreatedAt", "FloorNumber", "PricePerNight", "RoomNumber", "Status", "Type", "UpdatedAt")
VALUES (@p0, @p1, @p2, @p3, @p4, @p5, @p6, @p7, @p8, @p9);
2026-04-23 14:52:22.112 +02:00 [INF] Executed DbCommand (4ms) [Parameters=[@p0='?' (DbType = Guid), @p1='?', @p2='?' (DbType = Guid), @p3='?', @p4='?' (DbType = Guid), @p5='?', @p6='?' (DbType = DateTime)], CommandType='"Text"', CommandTimeout='30']
INSERT INTO "AuditLogs" ("Id", "Action", "ActorId", "Details", "EntityId", "EntityName", "Timestamp")
VALUES (@p0, @p1, @p2, @p3, @p4, @p5, @p6);
2026-04-23 14:52:22.117 +02:00 [INF] Executing CreatedAtActionResult, writing value of type 'HotelBooking.API.Common.ApiResponse'.
2026-04-23 14:52:22.131 +02:00 [INF] Executed action HotelBooking.API.Controllers.RoomsController.CreateRoom (HotelBooking.API) in 195.0549ms
2026-04-23 14:52:22.133 +02:00 [INF] Executed endpoint 'HotelBooking.API.Controllers.RoomsController.CreateRoom (HotelBooking.API)'
2026-04-23 14:52:22.134 +02:00 [INF] HTTP POST /api/rooms responded 201 in 207.8269 ms
2026-04-23 14:52:22.136 +02:00 [INF] Request finished HTTP/1.1 POST http://localhost:5259/api/rooms - 201 null application/json; charset=utf-8 214.384ms
2026-04-23 14:52:22.139 +02:00 [INF] Request starting HTTP/1.1 OPTIONS http://localhost:5259/api/rooms?page=1&pageSize=100 - null null
2026-04-23 14:52:22.141 +02:00 [INF] CORS policy execution successful.
2026-04-23 14:52:22.142 +02:00 [INF] HTTP OPTIONS /api/rooms responded 204 in 0.9185 ms
2026-04-23 14:52:22.144 +02:00 [INF] Request finished HTTP/1.1 OPTIONS http://localhost:5259/api/rooms?page=1&pageSize=100 - 204 null null 4.8287ms
2026-04-23 14:52:22.147 +02:00 [INF] Request starting HTTP/1.1 GET http://localhost:5259/api/rooms?page=1&pageSize=100 - null null
2026-04-23 14:52:22.149 +02:00 [INF] CORS policy execution successful.
2026-04-23 14:52:22.150 +02:00 [INF] Executing endpoint 'HotelBooking.API.Controllers.RoomsController.GetRooms (HotelBooking.API)'
2026-04-23 14:52:22.151 +02:00 [INF] Route matched with {action = "GetRooms", controller = "Rooms"}. Executing controller action with signature System.Threading.Tasks.Task`1[Microsoft.AspNetCore.Mvc.IActionResult] GetRooms(System.Nullable`1[HotelBooking.Domain.Enums.RoomType], System.Nullable`1[HotelBooking.Domain.Enums.RoomStatus], System.Nullable`1[System.Int32], System.String, Int32, Int32, System.Threading.CancellationToken) on controller HotelBooking.API.Controllers.RoomsController (HotelBooking.API).
2026-04-23 14:52:22.157 +02:00 [INF] Executed DbCommand (0ms) [Parameters=[], CommandType='"Text"', CommandTimeout='30']
SELECT count(*)::int
FROM "Rooms" AS r
2026-04-23 14:52:22.162 +02:00 [INF] Executed DbCommand (1ms) [Parameters=[@__p_1='?' (DbType = Int32), @__p_0='?' (DbType = Int32)], CommandType='"Text"', CommandTimeout='30']
SELECT r."Id", r."RoomNumber", r."FloorNumber", CASE r."Type"
    WHEN 1 THEN 'Standard'
    WHEN 2 THEN 'Deluxe'
    WHEN 3 THEN 'Family'
    WHEN 4 THEN 'BusinessSuite'
    ELSE r."Type"::text
END, CASE r."Status"
    WHEN 1 THEN 'Available'
    WHEN 2 THEN 'Occupied'
    WHEN 3 THEN 'Cleaning'
    WHEN 4 THEN 'Maintenance'
    ELSE r."Status"::text
END, r."PricePerNight", r."BedCount", r."Amenities", r."CreatedAt"
FROM "Rooms" AS r
ORDER BY r."FloorNumber", r."RoomNumber"
LIMIT @__p_1 OFFSET @__p_0
2026-04-23 14:52:22.164 +02:00 [INF] Executing OkObjectResult, writing value of type 'HotelBooking.API.Common.ApiResponse'.
2026-04-23 14:52:22.166 +02:00 [INF] Executed action HotelBooking.API.Controllers.RoomsController.GetRooms (HotelBooking.API) in 12.7104ms
2026-04-23 14:52:22.167 +02:00 [INF] Executed endpoint 'HotelBooking.API.Controllers.RoomsController.GetRooms (HotelBooking.API)'
2026-04-23 14:52:22.168 +02:00 [INF] HTTP GET /api/rooms responded 200 in 18.8952 ms
2026-04-23 14:52:22.170 +02:00 [INF] Request finished HTTP/1.1 GET http://localhost:5259/api/rooms?page=1&pageSize=100 - 200 null application/json; charset=utf-8 23.0221ms
2026-04-23 14:52:28.040 +02:00 [INF] Request starting HTTP/1.1 OPTIONS http://localhost:5259/api/rooms/1c650bd9-3392-4e35-abc3-f51850792c9b - null null
2026-04-23 14:52:28.043 +02:00 [INF] CORS policy execution successful.
2026-04-23 14:52:28.043 +02:00 [INF] HTTP OPTIONS /api/rooms/1c650bd9-3392-4e35-abc3-f51850792c9b responded 204 in 0.7267 ms
2026-04-23 14:52:28.046 +02:00 [INF] Request finished HTTP/1.1 OPTIONS http://localhost:5259/api/rooms/1c650bd9-3392-4e35-abc3-f51850792c9b - 204 null null 5.5402ms
2026-04-23 14:52:28.049 +02:00 [INF] Request starting HTTP/1.1 DELETE http://localhost:5259/api/rooms/1c650bd9-3392-4e35-abc3-f51850792c9b - null null
2026-04-23 14:52:28.052 +02:00 [INF] CORS policy execution successful.
2026-04-23 14:52:28.053 +02:00 [INF] Executing endpoint 'HotelBooking.API.Controllers.RoomsController.DeleteRoom (HotelBooking.API)'
2026-04-23 14:52:28.056 +02:00 [INF] Route matched with {action = "DeleteRoom", controller = "Rooms"}. Executing controller action with signature System.Threading.Tasks.Task`1[Microsoft.AspNetCore.Mvc.IActionResult] DeleteRoom(System.Guid, System.Threading.CancellationToken) on controller HotelBooking.API.Controllers.RoomsController (HotelBooking.API).
2026-04-23 14:52:28.069 +02:00 [INF] Executed DbCommand (1ms) [Parameters=[@__id_0='?' (DbType = Guid)], CommandType='"Text"', CommandTimeout='30']
SELECT r."Id", r."Amenities", r."BedCount", r."CreatedAt", r."FloorNumber", r."PricePerNight", r."RoomNumber", r."Status", r."Type", r."UpdatedAt"
FROM "Rooms" AS r
WHERE r."Id" = @__id_0
LIMIT 1
2026-04-23 14:52:28.074 +02:00 [INF] Executed DbCommand (1ms) [Parameters=[@__id_0='?' (DbType = Guid)], CommandType='"Text"', CommandTimeout='30']
SELECT EXISTS (
    SELECT 1
    FROM "Bookings" AS b
    WHERE b."RoomId" = @__id_0 AND b."Status" <> 4 AND b."Status" <> 3)
2026-04-23 14:52:28.091 +02:00 [INF] Executed DbCommand (6ms) [Parameters=[@p0='?' (DbType = Guid)], CommandType='"Text"', CommandTimeout='30']
DELETE FROM "Rooms"
WHERE "Id" = @p0;
2026-04-23 14:52:28.098 +02:00 [INF] Executed DbCommand (1ms) [Parameters=[@p0='?' (DbType = Guid), @p1='?', @p2='?' (DbType = Guid), @p3='?', @p4='?' (DbType = Guid), @p5='?', @p6='?' (DbType = DateTime)], CommandType='"Text"', CommandTimeout='30']
INSERT INTO "AuditLogs" ("Id", "Action", "ActorId", "Details", "EntityId", "EntityName", "Timestamp")
VALUES (@p0, @p1, @p2, @p3, @p4, @p5, @p6);
2026-04-23 14:52:28.103 +02:00 [INF] Executing StatusCodeResult, setting HTTP status code 204
2026-04-23 14:52:28.105 +02:00 [INF] Executed action HotelBooking.API.Controllers.RoomsController.DeleteRoom (HotelBooking.API) in 46.6832ms
2026-04-23 14:52:28.106 +02:00 [INF] Executed endpoint 'HotelBooking.API.Controllers.RoomsController.DeleteRoom (HotelBooking.API)'
2026-04-23 14:52:28.107 +02:00 [INF] HTTP DELETE /api/rooms/1c650bd9-3392-4e35-abc3-f51850792c9b responded 204 in 55.5748 ms
2026-04-23 14:52:28.109 +02:00 [INF] Request finished HTTP/1.1 DELETE http://localhost:5259/api/rooms/1c650bd9-3392-4e35-abc3-f51850792c9b - 204 null null 59.8442ms
2026-04-23 14:52:28.113 +02:00 [INF] Request starting HTTP/1.1 OPTIONS http://localhost:5259/api/rooms?page=1&pageSize=100 - null null
2026-04-23 14:52:28.115 +02:00 [INF] CORS policy execution successful.
2026-04-23 14:52:28.116 +02:00 [INF] HTTP OPTIONS /api/rooms responded 204 in 0.8020 ms
2026-04-23 14:52:28.118 +02:00 [INF] Request finished HTTP/1.1 OPTIONS http://localhost:5259/api/rooms?page=1&pageSize=100 - 204 null null 5.2246ms
2026-04-23 14:52:28.121 +02:00 [INF] Request starting HTTP/1.1 GET http://localhost:5259/api/rooms?page=1&pageSize=100 - null null
2026-04-23 14:52:28.124 +02:00 [INF] CORS policy execution successful.
2026-04-23 14:52:28.125 +02:00 [INF] Executing endpoint 'HotelBooking.API.Controllers.RoomsController.GetRooms (HotelBooking.API)'
2026-04-23 14:52:28.126 +02:00 [INF] Route matched with {action = "GetRooms", controller = "Rooms"}. Executing controller action with signature System.Threading.Tasks.Task`1[Microsoft.AspNetCore.Mvc.IActionResult] GetRooms(System.Nullable`1[HotelBooking.Domain.Enums.RoomType], System.Nullable`1[HotelBooking.Domain.Enums.RoomStatus], System.Nullable`1[System.Int32], System.String, Int32, Int32, System.Threading.CancellationToken) on controller HotelBooking.API.Controllers.RoomsController (HotelBooking.API).
2026-04-23 14:52:28.129 +02:00 [INF] Executed DbCommand (1ms) [Parameters=[], CommandType='"Text"', CommandTimeout='30']
SELECT count(*)::int
FROM "Rooms" AS r
2026-04-23 14:52:28.132 +02:00 [INF] Executed DbCommand (1ms) [Parameters=[@__p_1='?' (DbType = Int32), @__p_0='?' (DbType = Int32)], CommandType='"Text"', CommandTimeout='30']
SELECT r."Id", r."RoomNumber", r."FloorNumber", CASE r."Type"
    WHEN 1 THEN 'Standard'
    WHEN 2 THEN 'Deluxe'
    WHEN 3 THEN 'Family'
    WHEN 4 THEN 'BusinessSuite'
    ELSE r."Type"::text
END, CASE r."Status"
    WHEN 1 THEN 'Available'
    WHEN 2 THEN 'Occupied'
    WHEN 3 THEN 'Cleaning'
    WHEN 4 THEN 'Maintenance'
    ELSE r."Status"::text
END, r."PricePerNight", r."BedCount", r."Amenities", r."CreatedAt"
FROM "Rooms" AS r
ORDER BY r."FloorNumber", r."RoomNumber"
LIMIT @__p_1 OFFSET @__p_0
2026-04-23 14:52:28.134 +02:00 [INF] Executing OkObjectResult, writing value of type 'HotelBooking.API.Common.ApiResponse'.
2026-04-23 14:52:28.136 +02:00 [INF] Executed action HotelBooking.API.Controllers.RoomsController.GetRooms (HotelBooking.API) in 8.7726ms
2026-04-23 14:52:28.138 +02:00 [INF] Executed endpoint 'HotelBooking.API.Controllers.RoomsController.GetRooms (HotelBooking.API)'
2026-04-23 14:52:28.139 +02:00 [INF] HTTP GET /api/rooms responded 200 in 15.0742 ms
2026-04-23 14:52:28.140 +02:00 [INF] Request finished HTTP/1.1 GET http://localhost:5259/api/rooms?page=1&pageSize=100 - 200 null application/json; charset=utf-8 19.0205ms
2026-04-23 14:52:30.405 +02:00 [INF] Request starting HTTP/1.1 OPTIONS http://localhost:5259/api/bookings?page=1&pageSize=100 - null null
2026-04-23 14:52:30.408 +02:00 [INF] CORS policy execution successful.
2026-04-23 14:52:30.410 +02:00 [INF] HTTP OPTIONS /api/bookings responded 204 in 1.4236 ms
2026-04-23 14:52:30.412 +02:00 [INF] Request finished HTTP/1.1 OPTIONS http://localhost:5259/api/bookings?page=1&pageSize=100 - 204 null null 7.5509ms
2026-04-23 14:52:30.416 +02:00 [INF] Request starting HTTP/1.1 GET http://localhost:5259/api/bookings?page=1&pageSize=100 - null null
2026-04-23 14:52:30.420 +02:00 [INF] CORS policy execution successful.
2026-04-23 14:52:30.421 +02:00 [INF] Executing endpoint 'HotelBooking.API.Controllers.BookingsController.GetBookings (HotelBooking.API)'
2026-04-23 14:52:30.427 +02:00 [INF] Route matched with {action = "GetBookings", controller = "Bookings"}. Executing controller action with signature System.Threading.Tasks.Task`1[Microsoft.AspNetCore.Mvc.IActionResult] GetBookings(System.Nullable`1[HotelBooking.Domain.Enums.BookingStatus], System.String, System.String, System.String, System.Nullable`1[System.DateOnly], System.Nullable`1[System.DateOnly], Int32, Int32, System.Threading.CancellationToken) on controller HotelBooking.API.Controllers.BookingsController (HotelBooking.API).
2026-04-23 14:52:30.456 +02:00 [INF] Executed DbCommand (1ms) [Parameters=[], CommandType='"Text"', CommandTimeout='30']
SELECT count(*)::int
FROM "Bookings" AS b
2026-04-23 14:52:30.469 +02:00 [INF] Executed DbCommand (1ms) [Parameters=[@__p_1='?' (DbType = Int32), @__p_0='?' (DbType = Int32)], CommandType='"Text"', CommandTimeout='30']
SELECT b0."Id", b0."BookingCode", b0."UserId", u."FullName", u."Email", b0."RoomId", r."RoomNumber", CASE r."Type"
    WHEN 1 THEN 'Standard'
    WHEN 2 THEN 'Deluxe'
    WHEN 3 THEN 'Family'
    WHEN 4 THEN 'BusinessSuite'
    ELSE r."Type"::text
END, b0."CheckInDate", b0."CheckOutDate", b0."TotalAmount", CASE b0."PaymentMethod"
    WHEN 1 THEN 'Card'
    WHEN 2 THEN 'Cash'
    WHEN 3 THEN 'Check'
    ELSE b0."PaymentMethod"::text
END, CASE b0."Status"
    WHEN 1 THEN 'Confirmed'
    WHEN 2 THEN 'Active'
    WHEN 3 THEN 'CheckedOut'
    WHEN 4 THEN 'Cancelled'
    ELSE b0."Status"::text
END, b0."CheckOutDate" - b0."CheckInDate", b0."CreatedAt"
FROM (
    SELECT b."Id", b."BookingCode", b."CheckInDate", b."CheckOutDate", b."CreatedAt", b."PaymentMethod", b."RoomId", b."Status", b."TotalAmount", b."UserId"
    FROM "Bookings" AS b
    ORDER BY b."CreatedAt" DESC
    LIMIT @__p_1 OFFSET @__p_0
) AS b0
INNER JOIN "Users" AS u ON b0."UserId" = u."Id"
INNER JOIN "Rooms" AS r ON b0."RoomId" = r."Id"
ORDER BY b0."CreatedAt" DESC
2026-04-23 14:52:30.474 +02:00 [INF] Executing OkObjectResult, writing value of type 'HotelBooking.API.Common.ApiResponse'.
2026-04-23 14:52:30.477 +02:00 [INF] Executed action HotelBooking.API.Controllers.BookingsController.GetBookings (HotelBooking.API) in 47.49ms
2026-04-23 14:52:30.479 +02:00 [INF] Executed endpoint 'HotelBooking.API.Controllers.BookingsController.GetBookings (HotelBooking.API)'
2026-04-23 14:52:30.481 +02:00 [INF] HTTP GET /api/bookings responded 200 in 61.1351 ms
2026-04-23 14:52:30.483 +02:00 [INF] Request finished HTTP/1.1 GET http://localhost:5259/api/bookings?page=1&pageSize=100 - 200 null application/json; charset=utf-8 67.3415ms
2026-04-23 14:52:36.350 +02:00 [INF] Request starting HTTP/1.1 OPTIONS http://localhost:5259/api/rooms?status=Available&page=1&pageSize=100 - null null
2026-04-23 14:52:36.355 +02:00 [INF] CORS policy execution successful.
2026-04-23 14:52:36.356 +02:00 [INF] HTTP OPTIONS /api/rooms responded 204 in 1.3418 ms
2026-04-23 14:52:36.359 +02:00 [INF] Request finished HTTP/1.1 OPTIONS http://localhost:5259/api/rooms?status=Available&page=1&pageSize=100 - 204 null null 8.448ms
2026-04-23 14:52:36.363 +02:00 [INF] Request starting HTTP/1.1 GET http://localhost:5259/api/rooms?status=Available&page=1&pageSize=100 - null null
2026-04-23 14:52:36.366 +02:00 [INF] CORS policy execution successful.
2026-04-23 14:52:36.368 +02:00 [INF] Executing endpoint 'HotelBooking.API.Controllers.RoomsController.GetRooms (HotelBooking.API)'
2026-04-23 14:52:36.369 +02:00 [INF] Route matched with {action = "GetRooms", controller = "Rooms"}. Executing controller action with signature System.Threading.Tasks.Task`1[Microsoft.AspNetCore.Mvc.IActionResult] GetRooms(System.Nullable`1[HotelBooking.Domain.Enums.RoomType], System.Nullable`1[HotelBooking.Domain.Enums.RoomStatus], System.Nullable`1[System.Int32], System.String, Int32, Int32, System.Threading.CancellationToken) on controller HotelBooking.API.Controllers.RoomsController (HotelBooking.API).
2026-04-23 14:52:36.376 +02:00 [INF] Executed DbCommand (1ms) [Parameters=[@__filter_Status_Value_0='?' (DbType = Int32)], CommandType='"Text"', CommandTimeout='30']
SELECT count(*)::int
FROM "Rooms" AS r
WHERE r."Status" = @__filter_Status_Value_0
2026-04-23 14:52:36.384 +02:00 [INF] Executed DbCommand (1ms) [Parameters=[@__filter_Status_Value_0='?' (DbType = Int32), @__p_2='?' (DbType = Int32), @__p_1='?' (DbType = Int32)], CommandType='"Text"', CommandTimeout='30']
SELECT r."Id", r."RoomNumber", r."FloorNumber", CASE r."Type"
    WHEN 1 THEN 'Standard'
    WHEN 2 THEN 'Deluxe'
    WHEN 3 THEN 'Family'
    WHEN 4 THEN 'BusinessSuite'
    ELSE r."Type"::text
END, CASE r."Status"
    WHEN 1 THEN 'Available'
    WHEN 2 THEN 'Occupied'
    WHEN 3 THEN 'Cleaning'
    WHEN 4 THEN 'Maintenance'
    ELSE r."Status"::text
END, r."PricePerNight", r."BedCount", r."Amenities", r."CreatedAt"
FROM "Rooms" AS r
WHERE r."Status" = @__filter_Status_Value_0
ORDER BY r."FloorNumber", r."RoomNumber"
LIMIT @__p_2 OFFSET @__p_1
2026-04-23 14:52:36.387 +02:00 [INF] Executing OkObjectResult, writing value of type 'HotelBooking.API.Common.ApiResponse'.
2026-04-23 14:52:36.389 +02:00 [INF] Executed action HotelBooking.API.Controllers.RoomsController.GetRooms (HotelBooking.API) in 17.7666ms
2026-04-23 14:52:36.390 +02:00 [INF] Executed endpoint 'HotelBooking.API.Controllers.RoomsController.GetRooms (HotelBooking.API)'
2026-04-23 14:52:36.392 +02:00 [INF] HTTP GET /api/rooms responded 200 in 25.2463 ms
2026-04-23 14:52:36.394 +02:00 [INF] Request finished HTTP/1.1 GET http://localhost:5259/api/rooms?status=Available&page=1&pageSize=100 - 200 null application/json; charset=utf-8 31.0882ms
2026-04-23 14:52:50.425 +02:00 [INF] Request starting HTTP/1.1 OPTIONS http://localhost:5259/api/bookings - null null
2026-04-23 14:52:50.430 +02:00 [INF] CORS policy execution successful.
2026-04-23 14:52:50.431 +02:00 [INF] HTTP OPTIONS /api/bookings responded 204 in 0.8857 ms
2026-04-23 14:52:50.433 +02:00 [INF] Request finished HTTP/1.1 OPTIONS http://localhost:5259/api/bookings - 204 null null 7.8617ms
2026-04-23 14:52:50.437 +02:00 [INF] Request starting HTTP/1.1 POST http://localhost:5259/api/bookings - application/json 137
2026-04-23 14:52:50.440 +02:00 [INF] CORS policy execution successful.
2026-04-23 14:52:50.441 +02:00 [INF] Executing endpoint 'HotelBooking.API.Controllers.BookingsController.CreateBooking (HotelBooking.API)'
2026-04-23 14:52:50.445 +02:00 [INF] Route matched with {action = "CreateBooking", controller = "Bookings"}. Executing controller action with signature System.Threading.Tasks.Task`1[Microsoft.AspNetCore.Mvc.IActionResult] CreateBooking(HotelBooking.Application.Features.Bookings.DTOs.CreateBookingRequest, System.Threading.CancellationToken) on controller HotelBooking.API.Controllers.BookingsController (HotelBooking.API).
2026-04-23 14:52:50.476 +02:00 [INF] Executed DbCommand (1ms) [Parameters=[@__request_RoomId_0='?' (DbType = Guid)], CommandType='"Text"', CommandTimeout='30']
SELECT r."Id", r."Amenities", r."BedCount", r."CreatedAt", r."FloorNumber", r."PricePerNight", r."RoomNumber", r."Status", r."Type", r."UpdatedAt"
FROM "Rooms" AS r
WHERE r."Id" = @__request_RoomId_0
LIMIT 1
2026-04-23 14:52:50.483 +02:00 [INF] Executed DbCommand (1ms) [Parameters=[@__request_RoomId_0='?' (DbType = Guid), @__request_CheckOutDate_1='?' (DbType = Date), @__request_CheckInDate_2='?' (DbType = Date)], CommandType='"Text"', CommandTimeout='30']
SELECT EXISTS (
    SELECT 1
    FROM "Bookings" AS b
    WHERE b."RoomId" = @__request_RoomId_0 AND b."Status" <> 4 AND b."CheckInDate" < @__request_CheckOutDate_1 AND b."CheckOutDate" > @__request_CheckInDate_2)
2026-04-23 14:52:50.490 +02:00 [INF] Executed DbCommand (1ms) [Parameters=[], CommandType='"Text"', CommandTimeout='30']
SELECT b."BookingCode"
FROM "Bookings" AS b
ORDER BY b."BookingCode" DESC
LIMIT 1
2026-04-23 14:52:50.538 +02:00 [INF] Executed DbCommand (2ms) [Parameters=[@p0='?' (DbType = Guid), @p1='?' (DbType = DateTime), @p2='?' (DbType = DateTime), @p3='?', @p4='?' (DbType = Date), @p5='?' (DbType = Date), @p6='?' (DbType = DateTime), @p7='?' (DbType = Int32), @p8='?' (DbType = Int32), @p9='?' (DbType = Guid), @p10='?', @p11='?' (DbType = Int32), @p12='?' (DbType = Decimal), @p13='?' (DbType = DateTime), @p14='?' (DbType = Guid)], CommandType='"Text"', CommandTimeout='30']
INSERT INTO "Bookings" ("Id", "ActualCheckIn", "ActualCheckOut", "BookingCode", "CheckInDate", "CheckOutDate", "CreatedAt", "GuestCount", "PaymentMethod", "RoomId", "SpecialRequests", "Status", "TotalAmount", "UpdatedAt", "UserId")
VALUES (@p0, @p1, @p2, @p3, @p4, @p5, @p6, @p7, @p8, @p9, @p10, @p11, @p12, @p13, @p14);
2026-04-23 14:52:50.546 +02:00 [INF] Executed DbCommand (1ms) [Parameters=[@p0='?' (DbType = Guid), @p1='?', @p2='?' (DbType = Guid), @p3='?', @p4='?' (DbType = Guid), @p5='?', @p6='?' (DbType = DateTime)], CommandType='"Text"', CommandTimeout='30']
INSERT INTO "AuditLogs" ("Id", "Action", "ActorId", "Details", "EntityId", "EntityName", "Timestamp")
VALUES (@p0, @p1, @p2, @p3, @p4, @p5, @p6);
2026-04-23 14:52:50.563 +02:00 [INF] Executed DbCommand (2ms) [Parameters=[@__userId_0='?' (DbType = Guid)], CommandType='"Text"', CommandTimeout='30']
SELECT u."Id", u."CreatedAt", u."Email", u."FullName", u."IsActive", u."PasswordHash", u."RoleId", u."UpdatedAt", r."Id", r."CreatedAt", r."Name", r."UpdatedAt"
FROM "Users" AS u
INNER JOIN "Roles" AS r ON u."RoleId" = r."Id"
WHERE u."Id" = @__userId_0
LIMIT 1
2026-04-23 14:52:50.586 +02:00 [INF] NOTIFICATION [BookingCreated] BookingId="4a5453c4-2fec-4158-9b94-25b58b28080c" Guest=System Administrator <admin@hotel.com> Room=301 CheckIn="2026-04-23" CheckOut="2026-04-30" Total=¤1,393.00
2026-04-23 14:52:50.631 +02:00 [INF] Executed DbCommand (3ms) [Parameters=[@p0='?' (DbType = Guid), @p1='?' (DbType = DateTime), @p2='?', @p3='?', @p4='?' (DbType = Int32), @p5='?' (DbType = DateTime), @p6='?' (DbType = Guid)], CommandType='"Text"', CommandTimeout='30']
INSERT INTO "Notifications" ("Id", "CreatedAt", "Message", "Title", "Type", "UpdatedAt", "UserId")
VALUES (@p0, @p1, @p2, @p3, @p4, @p5, @p6)
RETURNING "IsRead";
2026-04-23 14:52:50.640 +02:00 [INF] Booking created. BookingId="4a5453c4-2fec-4158-9b94-25b58b28080c" BookingCode=BK-2407 UserId="10000000-0000-0000-0000-000000000001" RoomId="20000000-0000-0000-0000-000000000005"
2026-04-23 14:52:50.643 +02:00 [INF] Executing CreatedAtActionResult, writing value of type 'HotelBooking.API.Common.ApiResponse'.
2026-04-23 14:52:50.645 +02:00 [INF] Executed action HotelBooking.API.Controllers.BookingsController.CreateBooking (HotelBooking.API) in 198.3462ms
2026-04-23 14:52:50.647 +02:00 [INF] Executed endpoint 'HotelBooking.API.Controllers.BookingsController.CreateBooking (HotelBooking.API)'
2026-04-23 14:52:50.648 +02:00 [INF] HTTP POST /api/bookings responded 201 in 207.7673 ms
2026-04-23 14:52:50.650 +02:00 [INF] Request finished HTTP/1.1 POST http://localhost:5259/api/bookings - 201 null application/json; charset=utf-8 212.9331ms
2026-04-23 14:52:50.652 +02:00 [INF] Request starting HTTP/1.1 OPTIONS http://localhost:5259/api/notifications?pageNumber=1&pageSize=8 - null null
2026-04-23 14:52:50.652 +02:00 [INF] Request starting HTTP/1.1 OPTIONS http://localhost:5259/api/rooms?status=Available&page=1&pageSize=100 - null null
2026-04-23 14:52:50.653 +02:00 [INF] Request starting HTTP/1.1 OPTIONS http://localhost:5259/api/bookings?page=1&pageSize=100 - null null
2026-04-23 14:52:50.655 +02:00 [INF] CORS policy execution successful.
2026-04-23 14:52:50.658 +02:00 [INF] CORS policy execution successful.
2026-04-23 14:52:50.660 +02:00 [INF] CORS policy execution successful.
2026-04-23 14:52:50.661 +02:00 [INF] HTTP OPTIONS /api/notifications responded 204 in 6.0498 ms
2026-04-23 14:52:50.662 +02:00 [INF] HTTP OPTIONS /api/rooms responded 204 in 4.6583 ms
2026-04-23 14:52:50.663 +02:00 [INF] HTTP OPTIONS /api/bookings responded 204 in 2.7668 ms
2026-04-23 14:52:50.665 +02:00 [INF] Request finished HTTP/1.1 OPTIONS http://localhost:5259/api/notifications?pageNumber=1&pageSize=8 - 204 null null 12.7302ms
2026-04-23 14:52:50.667 +02:00 [INF] Request finished HTTP/1.1 OPTIONS http://localhost:5259/api/rooms?status=Available&page=1&pageSize=100 - 204 null null 14.4212ms
2026-04-23 14:52:50.668 +02:00 [INF] Request finished HTTP/1.1 OPTIONS http://localhost:5259/api/bookings?page=1&pageSize=100 - 204 null null 15.2036ms
2026-04-23 14:52:50.671 +02:00 [INF] Request starting HTTP/1.1 GET http://localhost:5259/api/notifications?pageNumber=1&pageSize=8 - null null
2026-04-23 14:52:50.674 +02:00 [INF] Request starting HTTP/1.1 GET http://localhost:5259/api/rooms?status=Available&page=1&pageSize=100 - null null
2026-04-23 14:52:50.677 +02:00 [INF] Request starting HTTP/1.1 GET http://localhost:5259/api/bookings?page=1&pageSize=100 - null null
2026-04-23 14:52:50.679 +02:00 [INF] CORS policy execution successful.
2026-04-23 14:52:50.681 +02:00 [INF] CORS policy execution successful.
2026-04-23 14:52:50.683 +02:00 [INF] CORS policy execution successful.
2026-04-23 14:52:50.684 +02:00 [INF] Executing endpoint 'HotelBooking.API.Controllers.NotificationsController.GetNotifications (HotelBooking.API)'
2026-04-23 14:52:50.685 +02:00 [INF] Executing endpoint 'HotelBooking.API.Controllers.RoomsController.GetRooms (HotelBooking.API)'
2026-04-23 14:52:50.686 +02:00 [INF] Executing endpoint 'HotelBooking.API.Controllers.BookingsController.GetBookings (HotelBooking.API)'
2026-04-23 14:52:50.687 +02:00 [INF] Route matched with {action = "GetNotifications", controller = "Notifications"}. Executing controller action with signature System.Threading.Tasks.Task`1[Microsoft.AspNetCore.Mvc.IActionResult] GetNotifications(Boolean, Int32, Int32, System.Threading.CancellationToken) on controller HotelBooking.API.Controllers.NotificationsController (HotelBooking.API).
2026-04-23 14:52:50.688 +02:00 [INF] Route matched with {action = "GetRooms", controller = "Rooms"}. Executing controller action with signature System.Threading.Tasks.Task`1[Microsoft.AspNetCore.Mvc.IActionResult] GetRooms(System.Nullable`1[HotelBooking.Domain.Enums.RoomType], System.Nullable`1[HotelBooking.Domain.Enums.RoomStatus], System.Nullable`1[System.Int32], System.String, Int32, Int32, System.Threading.CancellationToken) on controller HotelBooking.API.Controllers.RoomsController (HotelBooking.API).
2026-04-23 14:52:50.688 +02:00 [INF] Route matched with {action = "GetBookings", controller = "Bookings"}. Executing controller action with signature System.Threading.Tasks.Task`1[Microsoft.AspNetCore.Mvc.IActionResult] GetBookings(System.Nullable`1[HotelBooking.Domain.Enums.BookingStatus], System.String, System.String, System.String, System.Nullable`1[System.DateOnly], System.Nullable`1[System.DateOnly], Int32, Int32, System.Threading.CancellationToken) on controller HotelBooking.API.Controllers.BookingsController (HotelBooking.API).
2026-04-23 14:52:50.691 +02:00 [INF] Executed DbCommand (0ms) [Parameters=[@__userId_0='?' (DbType = Guid)], CommandType='"Text"', CommandTimeout='30']
SELECT count(*)::int
FROM "Notifications" AS n
WHERE n."UserId" = @__userId_0 AND NOT (n."IsRead")
2026-04-23 14:52:50.693 +02:00 [INF] Executed DbCommand (1ms) [Parameters=[@__filter_Status_Value_0='?' (DbType = Int32)], CommandType='"Text"', CommandTimeout='30']
SELECT count(*)::int
FROM "Rooms" AS r
WHERE r."Status" = @__filter_Status_Value_0
2026-04-23 14:52:50.697 +02:00 [INF] Executed DbCommand (1ms) [Parameters=[@__userId_0='?' (DbType = Guid)], CommandType='"Text"', CommandTimeout='30']
SELECT count(*)::int
FROM "Notifications" AS n
WHERE n."UserId" = @__userId_0
2026-04-23 14:52:50.697 +02:00 [INF] Executed DbCommand (1ms) [Parameters=[], CommandType='"Text"', CommandTimeout='30']
SELECT count(*)::int
FROM "Bookings" AS b
2026-04-23 14:52:50.699 +02:00 [INF] Executed DbCommand (1ms) [Parameters=[@__filter_Status_Value_0='?' (DbType = Int32), @__p_2='?' (DbType = Int32), @__p_1='?' (DbType = Int32)], CommandType='"Text"', CommandTimeout='30']
SELECT r."Id", r."RoomNumber", r."FloorNumber", CASE r."Type"
    WHEN 1 THEN 'Standard'
    WHEN 2 THEN 'Deluxe'
    WHEN 3 THEN 'Family'
    WHEN 4 THEN 'BusinessSuite'
    ELSE r."Type"::text
END, CASE r."Status"
    WHEN 1 THEN 'Available'
    WHEN 2 THEN 'Occupied'
    WHEN 3 THEN 'Cleaning'
    WHEN 4 THEN 'Maintenance'
    ELSE r."Status"::text
END, r."PricePerNight", r."BedCount", r."Amenities", r."CreatedAt"
FROM "Rooms" AS r
WHERE r."Status" = @__filter_Status_Value_0
ORDER BY r."FloorNumber", r."RoomNumber"
LIMIT @__p_2 OFFSET @__p_1
2026-04-23 14:52:50.701 +02:00 [INF] Executed DbCommand (1ms) [Parameters=[@__userId_0='?' (DbType = Guid), @__p_2='?' (DbType = Int32), @__p_1='?' (DbType = Int32)], CommandType='"Text"', CommandTimeout='30']
SELECT n."Id", n."Title", n."Message", CASE n."Type"
    WHEN 1 THEN 'BookingCreated'
    WHEN 2 THEN 'BookingCancelled'
    WHEN 3 THEN 'CheckInCompleted'
    WHEN 4 THEN 'CheckOutCompleted'
    WHEN 5 THEN 'PaymentCompleted'
    WHEN 6 THEN 'HousekeepingUpdated'
    WHEN 7 THEN 'MaintenanceAlert'
    ELSE n."Type"::text
END, n."IsRead", n."CreatedAt"
FROM "Notifications" AS n
WHERE n."UserId" = @__userId_0
ORDER BY n."CreatedAt" DESC
LIMIT @__p_2 OFFSET @__p_1
2026-04-23 14:52:50.703 +02:00 [INF] Executed DbCommand (1ms) [Parameters=[@__p_1='?' (DbType = Int32), @__p_0='?' (DbType = Int32)], CommandType='"Text"', CommandTimeout='30']
SELECT b0."Id", b0."BookingCode", b0."UserId", u."FullName", u."Email", b0."RoomId", r."RoomNumber", CASE r."Type"
    WHEN 1 THEN 'Standard'
    WHEN 2 THEN 'Deluxe'
    WHEN 3 THEN 'Family'
    WHEN 4 THEN 'BusinessSuite'
    ELSE r."Type"::text
END, b0."CheckInDate", b0."CheckOutDate", b0."TotalAmount", CASE b0."PaymentMethod"
    WHEN 1 THEN 'Card'
    WHEN 2 THEN 'Cash'
    WHEN 3 THEN 'Check'
    ELSE b0."PaymentMethod"::text
END, CASE b0."Status"
    WHEN 1 THEN 'Confirmed'
    WHEN 2 THEN 'Active'
    WHEN 3 THEN 'CheckedOut'
    WHEN 4 THEN 'Cancelled'
    ELSE b0."Status"::text
END, b0."CheckOutDate" - b0."CheckInDate", b0."CreatedAt"
FROM (
    SELECT b."Id", b."BookingCode", b."CheckInDate", b."CheckOutDate", b."CreatedAt", b."PaymentMethod", b."RoomId", b."Status", b."TotalAmount", b."UserId"
    FROM "Bookings" AS b
    ORDER BY b."CreatedAt" DESC
    LIMIT @__p_1 OFFSET @__p_0
) AS b0
INNER JOIN "Users" AS u ON b0."UserId" = u."Id"
INNER JOIN "Rooms" AS r ON b0."RoomId" = r."Id"
ORDER BY b0."CreatedAt" DESC
2026-04-23 14:52:50.704 +02:00 [INF] Executing OkObjectResult, writing value of type 'HotelBooking.API.Common.ApiResponse'.
2026-04-23 14:52:50.706 +02:00 [INF] Executing OkObjectResult, writing value of type 'HotelBooking.API.Common.ApiResponse'.
2026-04-23 14:52:50.708 +02:00 [INF] Executing OkObjectResult, writing value of type 'HotelBooking.API.Common.ApiResponse'.
2026-04-23 14:52:50.709 +02:00 [INF] Executed action HotelBooking.API.Controllers.RoomsController.GetRooms (HotelBooking.API) in 17.1867ms
2026-04-23 14:52:50.710 +02:00 [INF] Executed action HotelBooking.API.Controllers.NotificationsController.GetNotifications (HotelBooking.API) in 20.1575ms
2026-04-23 14:52:50.711 +02:00 [INF] Executed action HotelBooking.API.Controllers.BookingsController.GetBookings (HotelBooking.API) in 17.8183ms
2026-04-23 14:52:50.713 +02:00 [INF] Executed endpoint 'HotelBooking.API.Controllers.RoomsController.GetRooms (HotelBooking.API)'
2026-04-23 14:52:50.714 +02:00 [INF] Executed endpoint 'HotelBooking.API.Controllers.NotificationsController.GetNotifications (HotelBooking.API)'
2026-04-23 14:52:50.715 +02:00 [INF] Executed endpoint 'HotelBooking.API.Controllers.BookingsController.GetBookings (HotelBooking.API)'
2026-04-23 14:52:50.716 +02:00 [INF] HTTP GET /api/rooms responded 200 in 34.4584 ms
2026-04-23 14:52:50.717 +02:00 [INF] HTTP GET /api/notifications responded 200 in 37.8225 ms
2026-04-23 14:52:50.718 +02:00 [INF] HTTP GET /api/bookings responded 200 in 34.3432 ms
2026-04-23 14:52:50.719 +02:00 [INF] Request finished HTTP/1.1 GET http://localhost:5259/api/rooms?status=Available&page=1&pageSize=100 - 200 null application/json; charset=utf-8 45.5161ms
2026-04-23 14:52:50.721 +02:00 [INF] Request finished HTTP/1.1 GET http://localhost:5259/api/notifications?pageNumber=1&pageSize=8 - 200 null application/json; charset=utf-8 49.9602ms
2026-04-23 14:52:50.723 +02:00 [INF] Request finished HTTP/1.1 GET http://localhost:5259/api/bookings?page=1&pageSize=100 - 200 null application/json; charset=utf-8 45.9596ms
2026-04-23 14:52:50.739 +02:00 [INF] Request starting HTTP/1.1 OPTIONS http://localhost:5259/api/bookings/4a5453c4-2fec-4158-9b94-25b58b28080c - null null
2026-04-23 14:52:50.741 +02:00 [INF] CORS policy execution successful.
2026-04-23 14:52:50.743 +02:00 [INF] HTTP OPTIONS /api/bookings/4a5453c4-2fec-4158-9b94-25b58b28080c responded 204 in 1.0252 ms
2026-04-23 14:52:50.745 +02:00 [INF] Request finished HTTP/1.1 OPTIONS http://localhost:5259/api/bookings/4a5453c4-2fec-4158-9b94-25b58b28080c - 204 null null 5.9812ms
2026-04-23 14:52:50.749 +02:00 [INF] Request starting HTTP/1.1 GET http://localhost:5259/api/bookings/4a5453c4-2fec-4158-9b94-25b58b28080c - null null
2026-04-23 14:52:50.752 +02:00 [INF] CORS policy execution successful.
2026-04-23 14:52:50.753 +02:00 [INF] Executing endpoint 'HotelBooking.API.Controllers.BookingsController.GetBooking (HotelBooking.API)'
2026-04-23 14:52:50.757 +02:00 [INF] Route matched with {action = "GetBooking", controller = "Bookings"}. Executing controller action with signature System.Threading.Tasks.Task`1[Microsoft.AspNetCore.Mvc.IActionResult] GetBooking(System.Guid, System.Threading.CancellationToken) on controller HotelBooking.API.Controllers.BookingsController (HotelBooking.API).
2026-04-23 14:52:50.781 +02:00 [INF] Executed DbCommand (1ms) [Parameters=[@__id_0='?' (DbType = Guid)], CommandType='"Text"', CommandTimeout='30']
SELECT b."Id", b."ActualCheckIn", b."ActualCheckOut", b."BookingCode", b."CheckInDate", b."CheckOutDate", b."CreatedAt", b."GuestCount", b."PaymentMethod", b."RoomId", b."SpecialRequests", b."Status", b."TotalAmount", b."UpdatedAt", b."UserId", u."Id", u."CreatedAt", u."Email", u."FullName", u."IsActive", u."PasswordHash", u."RoleId", u."UpdatedAt", r."Id", r."Amenities", r."BedCount", r."CreatedAt", r."FloorNumber", r."PricePerNight", r."RoomNumber", r."Status", r."Type", r."UpdatedAt"
FROM "Bookings" AS b
INNER JOIN "Users" AS u ON b."UserId" = u."Id"
INNER JOIN "Rooms" AS r ON b."RoomId" = r."Id"
WHERE b."Id" = @__id_0
LIMIT 1
2026-04-23 14:52:50.786 +02:00 [INF] Executing OkObjectResult, writing value of type 'HotelBooking.API.Common.ApiResponse'.
2026-04-23 14:52:50.793 +02:00 [INF] Executed action HotelBooking.API.Controllers.BookingsController.GetBooking (HotelBooking.API) in 34.0675ms
2026-04-23 14:52:50.795 +02:00 [INF] Executed endpoint 'HotelBooking.API.Controllers.BookingsController.GetBooking (HotelBooking.API)'
2026-04-23 14:52:50.796 +02:00 [INF] HTTP GET /api/bookings/4a5453c4-2fec-4158-9b94-25b58b28080c responded 200 in 44.2404 ms
2026-04-23 14:52:50.798 +02:00 [INF] Request finished HTTP/1.1 GET http://localhost:5259/api/bookings/4a5453c4-2fec-4158-9b94-25b58b28080c - 200 null application/json; charset=utf-8 48.8212ms
2026-04-23 14:52:55.228 +02:00 [INF] Request starting HTTP/1.1 OPTIONS http://localhost:5259/api/bookings?page=1&pageSize=100 - null null
2026-04-23 14:52:55.231 +02:00 [INF] CORS policy execution successful.
2026-04-23 14:52:55.232 +02:00 [INF] HTTP OPTIONS /api/bookings responded 204 in 1.1558 ms
2026-04-23 14:52:55.235 +02:00 [INF] Request finished HTTP/1.1 OPTIONS http://localhost:5259/api/bookings?page=1&pageSize=100 - 204 null null 6.9548ms
2026-04-23 14:52:55.239 +02:00 [INF] Request starting HTTP/1.1 GET http://localhost:5259/api/bookings?page=1&pageSize=100 - null null
2026-04-23 14:52:55.244 +02:00 [INF] CORS policy execution successful.
2026-04-23 14:52:55.245 +02:00 [INF] Executing endpoint 'HotelBooking.API.Controllers.BookingsController.GetBookings (HotelBooking.API)'
2026-04-23 14:52:55.247 +02:00 [INF] Route matched with {action = "GetBookings", controller = "Bookings"}. Executing controller action with signature System.Threading.Tasks.Task`1[Microsoft.AspNetCore.Mvc.IActionResult] GetBookings(System.Nullable`1[HotelBooking.Domain.Enums.BookingStatus], System.String, System.String, System.String, System.Nullable`1[System.DateOnly], System.Nullable`1[System.DateOnly], Int32, Int32, System.Threading.CancellationToken) on controller HotelBooking.API.Controllers.BookingsController (HotelBooking.API).
2026-04-23 14:52:55.262 +02:00 [INF] Executed DbCommand (1ms) [Parameters=[], CommandType='"Text"', CommandTimeout='30']
SELECT count(*)::int
FROM "Bookings" AS b
2026-04-23 14:52:55.273 +02:00 [INF] Executed DbCommand (2ms) [Parameters=[@__p_1='?' (DbType = Int32), @__p_0='?' (DbType = Int32)], CommandType='"Text"', CommandTimeout='30']
SELECT b0."Id", b0."BookingCode", b0."UserId", u."FullName", u."Email", b0."RoomId", r."RoomNumber", CASE r."Type"
    WHEN 1 THEN 'Standard'
    WHEN 2 THEN 'Deluxe'
    WHEN 3 THEN 'Family'
    WHEN 4 THEN 'BusinessSuite'
    ELSE r."Type"::text
END, b0."CheckInDate", b0."CheckOutDate", b0."TotalAmount", CASE b0."PaymentMethod"
    WHEN 1 THEN 'Card'
    WHEN 2 THEN 'Cash'
    WHEN 3 THEN 'Check'
    ELSE b0."PaymentMethod"::text
END, CASE b0."Status"
    WHEN 1 THEN 'Confirmed'
    WHEN 2 THEN 'Active'
    WHEN 3 THEN 'CheckedOut'
    WHEN 4 THEN 'Cancelled'
    ELSE b0."Status"::text
END, b0."CheckOutDate" - b0."CheckInDate", b0."CreatedAt"
FROM (
    SELECT b."Id", b."BookingCode", b."CheckInDate", b."CheckOutDate", b."CreatedAt", b."PaymentMethod", b."RoomId", b."Status", b."TotalAmount", b."UserId"
    FROM "Bookings" AS b
    ORDER BY b."CreatedAt" DESC
    LIMIT @__p_1 OFFSET @__p_0
) AS b0
INNER JOIN "Users" AS u ON b0."UserId" = u."Id"
INNER JOIN "Rooms" AS r ON b0."RoomId" = r."Id"
ORDER BY b0."CreatedAt" DESC
2026-04-23 14:52:55.280 +02:00 [INF] Executing OkObjectResult, writing value of type 'HotelBooking.API.Common.ApiResponse'.
2026-04-23 14:52:55.286 +02:00 [INF] Executed action HotelBooking.API.Controllers.BookingsController.GetBookings (HotelBooking.API) in 28.4163ms
2026-04-23 14:52:55.293 +02:00 [INF] Executed endpoint 'HotelBooking.API.Controllers.BookingsController.GetBookings (HotelBooking.API)'
2026-04-23 14:52:55.299 +02:00 [INF] HTTP GET /api/bookings responded 200 in 55.3061 ms
2026-04-23 14:52:55.302 +02:00 [INF] Request finished HTTP/1.1 GET http://localhost:5259/api/bookings?page=1&pageSize=100 - 200 null application/json; charset=utf-8 62.4206ms
2026-04-23 14:53:02.804 +02:00 [INF] Request starting HTTP/1.1 OPTIONS http://localhost:5259/api/bookings/search?roomNumber=1&page=1&pageSize=100 - null null
2026-04-23 14:53:02.804 +02:00 [INF] Request starting HTTP/1.1 OPTIONS http://localhost:5259/api/bookings/search?bookingCode=1&page=1&pageSize=100 - null null
2026-04-23 14:53:02.806 +02:00 [INF] CORS policy execution successful.
2026-04-23 14:53:02.809 +02:00 [INF] CORS policy execution successful.
2026-04-23 14:53:02.810 +02:00 [INF] HTTP OPTIONS /api/bookings/search responded 204 in 3.3374 ms
2026-04-23 14:53:02.811 +02:00 [INF] HTTP OPTIONS /api/bookings/search responded 204 in 1.7077 ms
2026-04-23 14:53:02.813 +02:00 [INF] Request finished HTTP/1.1 OPTIONS http://localhost:5259/api/bookings/search?roomNumber=1&page=1&pageSize=100 - 204 null null 8.6062ms
2026-04-23 14:53:02.814 +02:00 [INF] Request finished HTTP/1.1 OPTIONS http://localhost:5259/api/bookings/search?bookingCode=1&page=1&pageSize=100 - 204 null null 10.2193ms
2026-04-23 14:53:02.817 +02:00 [INF] Request starting HTTP/1.1 GET http://localhost:5259/api/bookings/search?roomNumber=1&page=1&pageSize=100 - null null
2026-04-23 14:53:02.820 +02:00 [INF] Request starting HTTP/1.1 GET http://localhost:5259/api/bookings/search?bookingCode=1&page=1&pageSize=100 - null null
2026-04-23 14:53:02.823 +02:00 [INF] CORS policy execution successful.
2026-04-23 14:53:02.825 +02:00 [INF] CORS policy execution successful.
2026-04-23 14:53:02.826 +02:00 [INF] HTTP GET /api/bookings/search responded 404 in 2.9649 ms
2026-04-23 14:53:02.827 +02:00 [INF] HTTP GET /api/bookings/search responded 404 in 1.6784 ms
2026-04-23 14:53:02.828 +02:00 [INF] Request finished HTTP/1.1 GET http://localhost:5259/api/bookings/search?roomNumber=1&page=1&pageSize=100 - 404 0 null 10.7795ms
2026-04-23 14:53:02.830 +02:00 [INF] Request finished HTTP/1.1 GET http://localhost:5259/api/bookings/search?bookingCode=1&page=1&pageSize=100 - 404 0 null 9.2858ms
2026-04-23 14:53:02.833 +02:00 [INF] Request reached the end of the middleware pipeline without being handled by application code. Request path: GET http://localhost:5259/api/bookings/search, Response status code: 404
2026-04-23 14:53:02.836 +02:00 [INF] Request reached the end of the middleware pipeline without being handled by application code. Request path: GET http://localhost:5259/api/bookings/search, Response status code: 404
2026-04-23 14:53:03.042 +02:00 [INF] Request starting HTTP/1.1 OPTIONS http://localhost:5259/api/bookings/search?roomNumber=10&page=1&pageSize=100 - null null
2026-04-23 14:53:03.042 +02:00 [INF] Request starting HTTP/1.1 OPTIONS http://localhost:5259/api/bookings/search?bookingCode=10&page=1&pageSize=100 - null null
2026-04-23 14:53:03.044 +02:00 [INF] CORS policy execution successful.
2026-04-23 14:53:03.046 +02:00 [INF] CORS policy execution successful.
2026-04-23 14:53:03.047 +02:00 [INF] HTTP OPTIONS /api/bookings/search responded 204 in 2.6120 ms
2026-04-23 14:53:03.048 +02:00 [INF] HTTP OPTIONS /api/bookings/search responded 204 in 1.4274 ms
2026-04-23 14:53:03.049 +02:00 [INF] Request finished HTTP/1.1 OPTIONS http://localhost:5259/api/bookings/search?roomNumber=10&page=1&pageSize=100 - 204 null null 7.5119ms
2026-04-23 14:53:03.051 +02:00 [INF] Request finished HTTP/1.1 OPTIONS http://localhost:5259/api/bookings/search?bookingCode=10&page=1&pageSize=100 - 204 null null 8.9208ms
2026-04-23 14:53:03.054 +02:00 [INF] Request starting HTTP/1.1 GET http://localhost:5259/api/bookings/search?roomNumber=10&page=1&pageSize=100 - null null
2026-04-23 14:53:03.056 +02:00 [INF] Request starting HTTP/1.1 GET http://localhost:5259/api/bookings/search?bookingCode=10&page=1&pageSize=100 - null null
2026-04-23 14:53:03.058 +02:00 [INF] CORS policy execution successful.
2026-04-23 14:53:03.060 +02:00 [INF] CORS policy execution successful.
2026-04-23 14:53:03.061 +02:00 [INF] HTTP GET /api/bookings/search responded 404 in 2.7553 ms
2026-04-23 14:53:03.062 +02:00 [INF] HTTP GET /api/bookings/search responded 404 in 1.3833 ms
2026-04-23 14:53:03.063 +02:00 [INF] Request finished HTTP/1.1 GET http://localhost:5259/api/bookings/search?roomNumber=10&page=1&pageSize=100 - 404 0 null 9.7046ms
2026-04-23 14:53:03.065 +02:00 [INF] Request finished HTTP/1.1 GET http://localhost:5259/api/bookings/search?bookingCode=10&page=1&pageSize=100 - 404 0 null 8.7589ms
2026-04-23 14:53:03.068 +02:00 [INF] Request reached the end of the middleware pipeline without being handled by application code. Request path: GET http://localhost:5259/api/bookings/search, Response status code: 404
2026-04-23 14:53:03.071 +02:00 [INF] Request reached the end of the middleware pipeline without being handled by application code. Request path: GET http://localhost:5259/api/bookings/search, Response status code: 404
2026-04-23 14:53:03.200 +02:00 [INF] Request starting HTTP/1.1 OPTIONS http://localhost:5259/api/bookings/search?roomNumber=100&page=1&pageSize=100 - null null
2026-04-23 14:53:03.200 +02:00 [INF] Request starting HTTP/1.1 OPTIONS http://localhost:5259/api/bookings/search?bookingCode=100&page=1&pageSize=100 - null null
2026-04-23 14:53:03.204 +02:00 [INF] CORS policy execution successful.
2026-04-23 14:53:03.206 +02:00 [INF] CORS policy execution successful.
2026-04-23 14:53:03.207 +02:00 [INF] HTTP OPTIONS /api/bookings/search responded 204 in 2.8099 ms
2026-04-23 14:53:03.207 +02:00 [INF] HTTP OPTIONS /api/bookings/search responded 204 in 1.2024 ms
2026-04-23 14:53:03.209 +02:00 [INF] Request finished HTTP/1.1 OPTIONS http://localhost:5259/api/bookings/search?roomNumber=100&page=1&pageSize=100 - 204 null null 9.0301ms
2026-04-23 14:53:03.210 +02:00 [INF] Request finished HTTP/1.1 OPTIONS http://localhost:5259/api/bookings/search?bookingCode=100&page=1&pageSize=100 - 204 null null 10.2135ms
2026-04-23 14:53:03.213 +02:00 [INF] Request starting HTTP/1.1 GET http://localhost:5259/api/bookings/search?roomNumber=100&page=1&pageSize=100 - null null
2026-04-23 14:53:03.216 +02:00 [INF] Request starting HTTP/1.1 GET http://localhost:5259/api/bookings/search?bookingCode=100&page=1&pageSize=100 - null null
2026-04-23 14:53:03.218 +02:00 [INF] CORS policy execution successful.
2026-04-23 14:53:03.220 +02:00 [INF] CORS policy execution successful.
2026-04-23 14:53:03.221 +02:00 [INF] HTTP GET /api/bookings/search responded 404 in 2.8120 ms
2026-04-23 14:53:03.221 +02:00 [INF] HTTP GET /api/bookings/search responded 404 in 1.6178 ms
2026-04-23 14:53:03.223 +02:00 [INF] Request finished HTTP/1.1 GET http://localhost:5259/api/bookings/search?roomNumber=100&page=1&pageSize=100 - 404 0 null 9.591ms
2026-04-23 14:53:03.224 +02:00 [INF] Request finished HTTP/1.1 GET http://localhost:5259/api/bookings/search?bookingCode=100&page=1&pageSize=100 - 404 0 null 8.5212ms
2026-04-23 14:53:03.227 +02:00 [INF] Request reached the end of the middleware pipeline without being handled by application code. Request path: GET http://localhost:5259/api/bookings/search, Response status code: 404
2026-04-23 14:53:03.230 +02:00 [INF] Request reached the end of the middleware pipeline without being handled by application code. Request path: GET http://localhost:5259/api/bookings/search, Response status code: 404
2026-04-23 14:53:04.848 +02:00 [INF] Request starting HTTP/1.1 OPTIONS http://localhost:5259/api/bookings/search?guestName=c&page=1&pageSize=100 - null null
2026-04-23 14:53:04.848 +02:00 [INF] Request starting HTTP/1.1 OPTIONS http://localhost:5259/api/bookings/search?bookingCode=C&page=1&pageSize=100 - null null
2026-04-23 14:53:04.848 +02:00 [INF] Request starting HTTP/1.1 OPTIONS http://localhost:5259/api/bookings/search?roomNumber=C&page=1&pageSize=100 - null null
2026-04-23 14:53:04.851 +02:00 [INF] CORS policy execution successful.
2026-04-23 14:53:04.853 +02:00 [INF] CORS policy execution successful.
2026-04-23 14:53:04.855 +02:00 [INF] CORS policy execution successful.
2026-04-23 14:53:04.856 +02:00 [INF] HTTP OPTIONS /api/bookings/search responded 204 in 4.9107 ms
2026-04-23 14:53:04.857 +02:00 [INF] HTTP OPTIONS /api/bookings/search responded 204 in 3.5531 ms
2026-04-23 14:53:04.857 +02:00 [INF] HTTP OPTIONS /api/bookings/search responded 204 in 2.0839 ms
2026-04-23 14:53:04.859 +02:00 [INF] Request finished HTTP/1.1 OPTIONS http://localhost:5259/api/bookings/search?guestName=c&page=1&pageSize=100 - 204 null null 11.4482ms
2026-04-23 14:53:04.860 +02:00 [INF] Request finished HTTP/1.1 OPTIONS http://localhost:5259/api/bookings/search?bookingCode=C&page=1&pageSize=100 - 204 null null 12.5414ms
2026-04-23 14:53:04.862 +02:00 [INF] Request finished HTTP/1.1 OPTIONS http://localhost:5259/api/bookings/search?roomNumber=C&page=1&pageSize=100 - 204 null null 14.0881ms
2026-04-23 14:53:04.865 +02:00 [INF] Request starting HTTP/1.1 GET http://localhost:5259/api/bookings/search?guestName=c&page=1&pageSize=100 - null null
2026-04-23 14:53:04.867 +02:00 [INF] Request starting HTTP/1.1 GET http://localhost:5259/api/bookings/search?bookingCode=C&page=1&pageSize=100 - null null
2026-04-23 14:53:04.870 +02:00 [INF] Request starting HTTP/1.1 GET http://localhost:5259/api/bookings/search?roomNumber=C&page=1&pageSize=100 - null null
2026-04-23 14:53:04.872 +02:00 [INF] CORS policy execution successful.
2026-04-23 14:53:04.874 +02:00 [INF] CORS policy execution successful.
2026-04-23 14:53:04.876 +02:00 [INF] CORS policy execution successful.
2026-04-23 14:53:04.877 +02:00 [INF] HTTP GET /api/bookings/search responded 404 in 4.8599 ms
2026-04-23 14:53:04.878 +02:00 [INF] HTTP GET /api/bookings/search responded 404 in 3.3982 ms
2026-04-23 14:53:04.878 +02:00 [INF] HTTP GET /api/bookings/search responded 404 in 2.0360 ms
2026-04-23 14:53:04.880 +02:00 [INF] Request finished HTTP/1.1 GET http://localhost:5259/api/bookings/search?guestName=c&page=1&pageSize=100 - 404 0 null 14.9112ms
2026-04-23 14:53:04.882 +02:00 [INF] Request finished HTTP/1.1 GET http://localhost:5259/api/bookings/search?bookingCode=C&page=1&pageSize=100 - 404 0 null 14.2193ms
2026-04-23 14:53:04.883 +02:00 [INF] Request finished HTTP/1.1 GET http://localhost:5259/api/bookings/search?roomNumber=C&page=1&pageSize=100 - 404 0 null 13.198ms
2026-04-23 14:53:04.886 +02:00 [INF] Request reached the end of the middleware pipeline without being handled by application code. Request path: GET http://localhost:5259/api/bookings/search, Response status code: 404
2026-04-23 14:53:04.889 +02:00 [INF] Request reached the end of the middleware pipeline without being handled by application code. Request path: GET http://localhost:5259/api/bookings/search, Response status code: 404
2026-04-23 14:53:04.892 +02:00 [INF] Request reached the end of the middleware pipeline without being handled by application code. Request path: GET http://localhost:5259/api/bookings/search, Response status code: 404
2026-04-23 14:53:05.710 +02:00 [INF] Request starting HTTP/1.1 OPTIONS http://localhost:5259/api/bookings/search?guestName=a&page=1&pageSize=100 - null null
2026-04-23 14:53:05.710 +02:00 [INF] Request starting HTTP/1.1 OPTIONS http://localhost:5259/api/bookings/search?bookingCode=A&page=1&pageSize=100 - null null
2026-04-23 14:53:05.710 +02:00 [INF] Request starting HTTP/1.1 OPTIONS http://localhost:5259/api/bookings/search?roomNumber=A&page=1&pageSize=100 - null null
2026-04-23 14:53:05.713 +02:00 [INF] CORS policy execution successful.
2026-04-23 14:53:05.716 +02:00 [INF] CORS policy execution successful.
2026-04-23 14:53:05.718 +02:00 [INF] CORS policy execution successful.
2026-04-23 14:53:05.719 +02:00 [INF] HTTP OPTIONS /api/bookings/search responded 204 in 5.5920 ms
2026-04-23 14:53:05.720 +02:00 [INF] HTTP OPTIONS /api/bookings/search responded 204 in 3.7094 ms
2026-04-23 14:53:05.721 +02:00 [INF] HTTP OPTIONS /api/bookings/search responded 204 in 2.4342 ms
2026-04-23 14:53:05.722 +02:00 [INF] Request finished HTTP/1.1 OPTIONS http://localhost:5259/api/bookings/search?guestName=a&page=1&pageSize=100 - 204 null null 12.2306ms
2026-04-23 14:53:05.724 +02:00 [INF] Request finished HTTP/1.1 OPTIONS http://localhost:5259/api/bookings/search?bookingCode=A&page=1&pageSize=100 - 204 null null 13.3685ms
2026-04-23 14:53:05.725 +02:00 [INF] Request finished HTTP/1.1 OPTIONS http://localhost:5259/api/bookings/search?roomNumber=A&page=1&pageSize=100 - 204 null null 14.9544ms
2026-04-23 14:53:05.728 +02:00 [INF] Request starting HTTP/1.1 GET http://localhost:5259/api/bookings/search?guestName=a&page=1&pageSize=100 - null null
2026-04-23 14:53:05.731 +02:00 [INF] Request starting HTTP/1.1 GET http://localhost:5259/api/bookings/search?bookingCode=A&page=1&pageSize=100 - null null
2026-04-23 14:53:05.733 +02:00 [INF] Request starting HTTP/1.1 GET http://localhost:5259/api/bookings/search?roomNumber=A&page=1&pageSize=100 - null null
2026-04-23 14:53:05.735 +02:00 [INF] CORS policy execution successful.
2026-04-23 14:53:05.738 +02:00 [INF] CORS policy execution successful.
2026-04-23 14:53:05.739 +02:00 [INF] CORS policy execution successful.
2026-04-23 14:53:05.740 +02:00 [INF] HTTP GET /api/bookings/search responded 404 in 4.9622 ms
2026-04-23 14:53:05.741 +02:00 [INF] HTTP GET /api/bookings/search responded 404 in 3.4039 ms
2026-04-23 14:53:05.742 +02:00 [INF] HTTP GET /api/bookings/search responded 404 in 2.2939 ms
2026-04-23 14:53:05.743 +02:00 [INF] Request finished HTTP/1.1 GET http://localhost:5259/api/bookings/search?guestName=a&page=1&pageSize=100 - 404 0 null 15.3393ms
2026-04-23 14:53:05.745 +02:00 [INF] Request finished HTTP/1.1 GET http://localhost:5259/api/bookings/search?bookingCode=A&page=1&pageSize=100 - 404 0 null 14.1189ms
2026-04-23 14:53:05.747 +02:00 [INF] Request finished HTTP/1.1 GET http://localhost:5259/api/bookings/search?roomNumber=A&page=1&pageSize=100 - 404 0 null 13.155ms
2026-04-23 14:53:05.749 +02:00 [INF] Request reached the end of the middleware pipeline without being handled by application code. Request path: GET http://localhost:5259/api/bookings/search, Response status code: 404
2026-04-23 14:53:05.752 +02:00 [INF] Request reached the end of the middleware pipeline without being handled by application code. Request path: GET http://localhost:5259/api/bookings/search, Response status code: 404
2026-04-23 14:53:05.755 +02:00 [INF] Request reached the end of the middleware pipeline without being handled by application code. Request path: GET http://localhost:5259/api/bookings/search, Response status code: 404
2026-04-23 14:53:06.365 +02:00 [INF] Request starting HTTP/1.1 OPTIONS http://localhost:5259/api/bookings/search?guestName=q&page=1&pageSize=100 - null null
2026-04-23 14:53:06.365 +02:00 [INF] Request starting HTTP/1.1 OPTIONS http://localhost:5259/api/bookings/search?bookingCode=Q&page=1&pageSize=100 - null null
2026-04-23 14:53:06.365 +02:00 [INF] Request starting HTTP/1.1 OPTIONS http://localhost:5259/api/bookings/search?roomNumber=Q&page=1&pageSize=100 - null null
2026-04-23 14:53:06.368 +02:00 [INF] CORS policy execution successful.
2026-04-23 14:53:06.370 +02:00 [INF] CORS policy execution successful.
2026-04-23 14:53:06.373 +02:00 [INF] CORS policy execution successful.
2026-04-23 14:53:06.373 +02:00 [INF] HTTP OPTIONS /api/bookings/search responded 204 in 5.6266 ms
2026-04-23 14:53:06.374 +02:00 [INF] HTTP OPTIONS /api/bookings/search responded 204 in 3.7834 ms
2026-04-23 14:53:06.375 +02:00 [INF] HTTP OPTIONS /api/bookings/search responded 204 in 1.9871 ms
2026-04-23 14:53:06.377 +02:00 [INF] Request finished HTTP/1.1 OPTIONS http://localhost:5259/api/bookings/search?guestName=q&page=1&pageSize=100 - 204 null null 11.7723ms
2026-04-23 14:53:06.378 +02:00 [INF] Request finished HTTP/1.1 OPTIONS http://localhost:5259/api/bookings/search?bookingCode=Q&page=1&pageSize=100 - 204 null null 12.9125ms
2026-04-23 14:53:06.380 +02:00 [INF] Request finished HTTP/1.1 OPTIONS http://localhost:5259/api/bookings/search?roomNumber=Q&page=1&pageSize=100 - 204 null null 14.6345ms
2026-04-23 14:53:06.383 +02:00 [INF] Request starting HTTP/1.1 GET http://localhost:5259/api/bookings/search?guestName=q&page=1&pageSize=100 - null null
2026-04-23 14:53:06.385 +02:00 [INF] Request starting HTTP/1.1 GET http://localhost:5259/api/bookings/search?bookingCode=Q&page=1&pageSize=100 - null null
2026-04-23 14:53:06.388 +02:00 [INF] Request starting HTTP/1.1 GET http://localhost:5259/api/bookings/search?roomNumber=Q&page=1&pageSize=100 - null null
2026-04-23 14:53:06.390 +02:00 [INF] CORS policy execution successful.
2026-04-23 14:53:06.392 +02:00 [INF] CORS policy execution successful.
2026-04-23 14:53:06.394 +02:00 [INF] CORS policy execution successful.
2026-04-23 14:53:06.395 +02:00 [INF] HTTP GET /api/bookings/search responded 404 in 5.1864 ms
2026-04-23 14:53:06.396 +02:00 [INF] HTTP GET /api/bookings/search responded 404 in 3.6022 ms
2026-04-23 14:53:06.397 +02:00 [INF] HTTP GET /api/bookings/search responded 404 in 2.3017 ms
2026-04-23 14:53:06.398 +02:00 [INF] Request finished HTTP/1.1 GET http://localhost:5259/api/bookings/search?guestName=q&page=1&pageSize=100 - 404 0 null 15.7993ms
2026-04-23 14:53:06.400 +02:00 [INF] Request finished HTTP/1.1 GET http://localhost:5259/api/bookings/search?bookingCode=Q&page=1&pageSize=100 - 404 0 null 14.7599ms
2026-04-23 14:53:06.402 +02:00 [INF] Request finished HTTP/1.1 GET http://localhost:5259/api/bookings/search?roomNumber=Q&page=1&pageSize=100 - 404 0 null 13.7024ms
2026-04-23 14:53:06.405 +02:00 [INF] Request reached the end of the middleware pipeline without being handled by application code. Request path: GET http://localhost:5259/api/bookings/search, Response status code: 404
2026-04-23 14:53:06.408 +02:00 [INF] Request reached the end of the middleware pipeline without being handled by application code. Request path: GET http://localhost:5259/api/bookings/search, Response status code: 404
2026-04-23 14:53:06.411 +02:00 [INF] Request reached the end of the middleware pipeline without being handled by application code. Request path: GET http://localhost:5259/api/bookings/search, Response status code: 404
2026-04-23 14:53:06.706 +02:00 [INF] Request starting HTTP/1.1 OPTIONS http://localhost:5259/api/bookings/search?guestName=qw&page=1&pageSize=100 - null null
2026-04-23 14:53:06.706 +02:00 [INF] Request starting HTTP/1.1 OPTIONS http://localhost:5259/api/bookings/search?bookingCode=QW&page=1&pageSize=100 - null null
2026-04-23 14:53:06.707 +02:00 [INF] Request starting HTTP/1.1 OPTIONS http://localhost:5259/api/bookings/search?roomNumber=QW&page=1&pageSize=100 - null null
2026-04-23 14:53:06.710 +02:00 [INF] CORS policy execution successful.
2026-04-23 14:53:06.713 +02:00 [INF] CORS policy execution successful.
2026-04-23 14:53:06.716 +02:00 [INF] CORS policy execution successful.
2026-04-23 14:53:06.716 +02:00 [INF] HTTP OPTIONS /api/bookings/search responded 204 in 6.8347 ms
2026-04-23 14:53:06.717 +02:00 [INF] HTTP OPTIONS /api/bookings/search responded 204 in 4.0167 ms
2026-04-23 14:53:06.718 +02:00 [INF] HTTP OPTIONS /api/bookings/search responded 204 in 2.0018 ms
2026-04-23 14:53:06.720 +02:00 [INF] Request finished HTTP/1.1 OPTIONS http://localhost:5259/api/bookings/search?guestName=qw&page=1&pageSize=100 - 204 null null 13.3888ms
2026-04-23 14:53:06.721 +02:00 [INF] Request finished HTTP/1.1 OPTIONS http://localhost:5259/api/bookings/search?bookingCode=QW&page=1&pageSize=100 - 204 null null 14.6649ms
2026-04-23 14:53:06.723 +02:00 [INF] Request finished HTTP/1.1 OPTIONS http://localhost:5259/api/bookings/search?roomNumber=QW&page=1&pageSize=100 - 204 null null 16.3496ms
2026-04-23 14:53:06.726 +02:00 [INF] Request starting HTTP/1.1 GET http://localhost:5259/api/bookings/search?guestName=qw&page=1&pageSize=100 - null null
2026-04-23 14:53:06.729 +02:00 [INF] Request starting HTTP/1.1 GET http://localhost:5259/api/bookings/search?bookingCode=QW&page=1&pageSize=100 - null null
2026-04-23 14:53:06.731 +02:00 [INF] Request starting HTTP/1.1 GET http://localhost:5259/api/bookings/search?roomNumber=QW&page=1&pageSize=100 - null null
2026-04-23 14:53:06.734 +02:00 [INF] CORS policy execution successful.
2026-04-23 14:53:06.736 +02:00 [INF] CORS policy execution successful.
2026-04-23 14:53:06.739 +02:00 [INF] CORS policy execution successful.
2026-04-23 14:53:06.740 +02:00 [INF] HTTP GET /api/bookings/search responded 404 in 6.1213 ms
2026-04-23 14:53:06.740 +02:00 [INF] HTTP GET /api/bookings/search responded 404 in 4.7859 ms
2026-04-23 14:53:06.741 +02:00 [INF] HTTP GET /api/bookings/search responded 404 in 2.4791 ms
2026-04-23 14:53:06.743 +02:00 [INF] Request finished HTTP/1.1 GET http://localhost:5259/api/bookings/search?guestName=qw&page=1&pageSize=100 - 404 0 null 16.9149ms
2026-04-23 14:53:06.745 +02:00 [INF] Request finished HTTP/1.1 GET http://localhost:5259/api/bookings/search?bookingCode=QW&page=1&pageSize=100 - 404 0 null 16.2228ms
2026-04-23 14:53:06.746 +02:00 [INF] Request finished HTTP/1.1 GET http://localhost:5259/api/bookings/search?roomNumber=QW&page=1&pageSize=100 - 404 0 null 15.0011ms
2026-04-23 14:53:06.750 +02:00 [INF] Request reached the end of the middleware pipeline without being handled by application code. Request path: GET http://localhost:5259/api/bookings/search, Response status code: 404
2026-04-23 14:53:06.753 +02:00 [INF] Request reached the end of the middleware pipeline without being handled by application code. Request path: GET http://localhost:5259/api/bookings/search, Response status code: 404
2026-04-23 14:53:06.756 +02:00 [INF] Request reached the end of the middleware pipeline without being handled by application code. Request path: GET http://localhost:5259/api/bookings/search, Response status code: 404
2026-04-23 14:53:06.861 +02:00 [INF] Request starting HTTP/1.1 OPTIONS http://localhost:5259/api/bookings/search?guestName=qwe&page=1&pageSize=100 - null null
2026-04-23 14:53:06.862 +02:00 [INF] Request starting HTTP/1.1 OPTIONS http://localhost:5259/api/bookings/search?bookingCode=QWE&page=1&pageSize=100 - null null
2026-04-23 14:53:06.862 +02:00 [INF] Request starting HTTP/1.1 OPTIONS http://localhost:5259/api/bookings/search?roomNumber=QWE&page=1&pageSize=100 - null null
2026-04-23 14:53:06.864 +02:00 [INF] CORS policy execution successful.
2026-04-23 14:53:06.867 +02:00 [INF] CORS policy execution successful.
2026-04-23 14:53:06.869 +02:00 [INF] CORS policy execution successful.
2026-04-23 14:53:06.870 +02:00 [INF] HTTP OPTIONS /api/bookings/search responded 204 in 6.0100 ms
2026-04-23 14:53:06.871 +02:00 [INF] HTTP OPTIONS /api/bookings/search responded 204 in 3.9762 ms
2026-04-23 14:53:06.872 +02:00 [INF] HTTP OPTIONS /api/bookings/search responded 204 in 2.7761 ms
2026-04-23 14:53:06.873 +02:00 [INF] Request finished HTTP/1.1 OPTIONS http://localhost:5259/api/bookings/search?guestName=qwe&page=1&pageSize=100 - 204 null null 11.9392ms
2026-04-23 14:53:06.875 +02:00 [INF] Request finished HTTP/1.1 OPTIONS http://localhost:5259/api/bookings/search?bookingCode=QWE&page=1&pageSize=100 - 204 null null 13.2886ms
2026-04-23 14:53:06.877 +02:00 [INF] Request finished HTTP/1.1 OPTIONS http://localhost:5259/api/bookings/search?roomNumber=QWE&page=1&pageSize=100 - 204 null null 15.1876ms
2026-04-23 14:53:06.880 +02:00 [INF] Request starting HTTP/1.1 GET http://localhost:5259/api/bookings/search?guestName=qwe&page=1&pageSize=100 - null null
2026-04-23 14:53:06.882 +02:00 [INF] Request starting HTTP/1.1 GET http://localhost:5259/api/bookings/search?bookingCode=QWE&page=1&pageSize=100 - null null
2026-04-23 14:53:06.885 +02:00 [INF] Request starting HTTP/1.1 GET http://localhost:5259/api/bookings/search?roomNumber=QWE&page=1&pageSize=100 - null null
2026-04-23 14:53:06.887 +02:00 [INF] CORS policy execution successful.
2026-04-23 14:53:06.889 +02:00 [INF] CORS policy execution successful.
2026-04-23 14:53:06.892 +02:00 [INF] CORS policy execution successful.
2026-04-23 14:53:06.893 +02:00 [INF] HTTP GET /api/bookings/search responded 404 in 5.2901 ms
2026-04-23 14:53:06.893 +02:00 [INF] HTTP GET /api/bookings/search responded 404 in 3.6231 ms
2026-04-23 14:53:06.894 +02:00 [INF] HTTP GET /api/bookings/search responded 404 in 2.1405 ms
2026-04-23 14:53:06.895 +02:00 [INF] Request finished HTTP/1.1 GET http://localhost:5259/api/bookings/search?guestName=qwe&page=1&pageSize=100 - 404 0 null 15.7782ms
2026-04-23 14:53:06.897 +02:00 [INF] Request finished HTTP/1.1 GET http://localhost:5259/api/bookings/search?bookingCode=QWE&page=1&pageSize=100 - 404 0 null 15.0251ms
2026-04-23 14:53:06.899 +02:00 [INF] Request finished HTTP/1.1 GET http://localhost:5259/api/bookings/search?roomNumber=QWE&page=1&pageSize=100 - 404 0 null 14.2498ms
2026-04-23 14:53:06.903 +02:00 [INF] Request reached the end of the middleware pipeline without being handled by application code. Request path: GET http://localhost:5259/api/bookings/search, Response status code: 404
2026-04-23 14:53:06.906 +02:00 [INF] Request reached the end of the middleware pipeline without being handled by application code. Request path: GET http://localhost:5259/api/bookings/search, Response status code: 404
2026-04-23 14:53:06.909 +02:00 [INF] Request reached the end of the middleware pipeline without being handled by application code. Request path: GET http://localhost:5259/api/bookings/search, Response status code: 404
2026-04-23 14:53:06.973 +02:00 [INF] Request starting HTTP/1.1 OPTIONS http://localhost:5259/api/bookings/search?guestName=qweq&page=1&pageSize=100 - null null
2026-04-23 14:53:06.974 +02:00 [INF] Request starting HTTP/1.1 OPTIONS http://localhost:5259/api/bookings/search?bookingCode=QWEQ&page=1&pageSize=100 - null null
2026-04-23 14:53:06.974 +02:00 [INF] Request starting HTTP/1.1 OPTIONS http://localhost:5259/api/bookings/search?roomNumber=QWEQ&page=1&pageSize=100 - null null
2026-04-23 14:53:06.977 +02:00 [INF] CORS policy execution successful.
2026-04-23 14:53:06.980 +02:00 [INF] CORS policy execution successful.
2026-04-23 14:53:06.982 +02:00 [INF] Request starting HTTP/1.1 OPTIONS http://localhost:5259/api/bookings/search?guestName=qweqw&page=1&pageSize=100 - null null
2026-04-23 14:53:06.983 +02:00 [INF] Request starting HTTP/1.1 OPTIONS http://localhost:5259/api/bookings/search?bookingCode=QWEQW&page=1&pageSize=100 - null null
2026-04-23 14:53:06.983 +02:00 [INF] Request starting HTTP/1.1 OPTIONS http://localhost:5259/api/bookings/search?roomNumber=QWEQW&page=1&pageSize=100 - null null
2026-04-23 14:53:06.984 +02:00 [INF] CORS policy execution successful.
2026-04-23 14:53:06.985 +02:00 [INF] HTTP OPTIONS /api/bookings/search responded 204 in 7.8600 ms
2026-04-23 14:53:06.986 +02:00 [INF] HTTP OPTIONS /api/bookings/search responded 204 in 5.5741 ms
2026-04-23 14:53:06.988 +02:00 [INF] CORS policy execution successful.
2026-04-23 14:53:06.990 +02:00 [INF] CORS policy execution successful.
2026-04-23 14:53:06.993 +02:00 [INF] CORS policy execution successful.
2026-04-23 14:53:06.993 +02:00 [INF] HTTP OPTIONS /api/bookings/search responded 204 in 9.6312 ms
2026-04-23 14:53:06.995 +02:00 [INF] Request finished HTTP/1.1 OPTIONS http://localhost:5259/api/bookings/search?guestName=qweq&page=1&pageSize=100 - 204 null null 21.5538ms
2026-04-23 14:53:06.997 +02:00 [INF] Request finished HTTP/1.1 OPTIONS http://localhost:5259/api/bookings/search?bookingCode=QWEQ&page=1&pageSize=100 - 204 null null 22.6758ms
2026-04-23 14:53:06.998 +02:00 [INF] HTTP OPTIONS /api/bookings/search responded 204 in 9.6519 ms
2026-04-23 14:53:06.998 +02:00 [INF] HTTP OPTIONS /api/bookings/search responded 204 in 8.2976 ms
2026-04-23 14:53:06.999 +02:00 [INF] HTTP OPTIONS /api/bookings/search responded 204 in 6.3725 ms
2026-04-23 14:53:07.001 +02:00 [INF] Request finished HTTP/1.1 OPTIONS http://localhost:5259/api/bookings/search?roomNumber=QWEQ&page=1&pageSize=100 - 204 null null 26.6315ms
2026-04-23 14:53:07.004 +02:00 [INF] Request starting HTTP/1.1 GET http://localhost:5259/api/bookings/search?guestName=qweq&page=1&pageSize=100 - null null
2026-04-23 14:53:07.006 +02:00 [INF] Request starting HTTP/1.1 GET http://localhost:5259/api/bookings/search?bookingCode=QWEQ&page=1&pageSize=100 - null null
2026-04-23 14:53:07.008 +02:00 [INF] Request finished HTTP/1.1 OPTIONS http://localhost:5259/api/bookings/search?guestName=qweqw&page=1&pageSize=100 - 204 null null 26.0503ms
2026-04-23 14:53:07.010 +02:00 [INF] Request finished HTTP/1.1 OPTIONS http://localhost:5259/api/bookings/search?bookingCode=QWEQW&page=1&pageSize=100 - 204 null null 27.3549ms
2026-04-23 14:53:07.012 +02:00 [INF] Request finished HTTP/1.1 OPTIONS http://localhost:5259/api/bookings/search?roomNumber=QWEQW&page=1&pageSize=100 - 204 null null 28.3626ms
2026-04-23 14:53:07.015 +02:00 [INF] Request starting HTTP/1.1 GET http://localhost:5259/api/bookings/search?roomNumber=QWEQ&page=1&pageSize=100 - null null
2026-04-23 14:53:07.017 +02:00 [INF] CORS policy execution successful.
2026-04-23 14:53:07.021 +02:00 [INF] CORS policy execution successful.
2026-04-23 14:53:07.024 +02:00 [INF] Request starting HTTP/1.1 GET http://localhost:5259/api/bookings/search?guestName=qweqw&page=1&pageSize=100 - null null
2026-04-23 14:53:07.027 +02:00 [INF] Request starting HTTP/1.1 GET http://localhost:5259/api/bookings/search?bookingCode=QWEQW&page=1&pageSize=100 - null null
2026-04-23 14:53:07.030 +02:00 [INF] Request starting HTTP/1.1 GET http://localhost:5259/api/bookings/search?roomNumber=QWEQW&page=1&pageSize=100 - null null
2026-04-23 14:53:07.033 +02:00 [INF] CORS policy execution successful.
2026-04-23 14:53:07.033 +02:00 [INF] HTTP GET /api/bookings/search responded 404 in 15.9010 ms
2026-04-23 14:53:07.034 +02:00 [INF] HTTP GET /api/bookings/search responded 404 in 13.7102 ms
2026-04-23 14:53:07.037 +02:00 [INF] CORS policy execution successful.
2026-04-23 14:53:07.039 +02:00 [INF] CORS policy execution successful.
2026-04-23 14:53:07.041 +02:00 [INF] CORS policy execution successful.
2026-04-23 14:53:07.042 +02:00 [INF] HTTP GET /api/bookings/search responded 404 in 9.6441 ms
2026-04-23 14:53:07.044 +02:00 [INF] Request finished HTTP/1.1 GET http://localhost:5259/api/bookings/search?guestName=qweq&page=1&pageSize=100 - 404 0 null 39.9667ms
2026-04-23 14:53:07.046 +02:00 [INF] Request finished HTTP/1.1 GET http://localhost:5259/api/bookings/search?bookingCode=QWEQ&page=1&pageSize=100 - 404 0 null 39.3131ms
2026-04-23 14:53:07.047 +02:00 [INF] HTTP GET /api/bookings/search responded 404 in 10.0943 ms
2026-04-23 14:53:07.048 +02:00 [INF] HTTP GET /api/bookings/search responded 404 in 8.5471 ms
2026-04-23 14:53:07.048 +02:00 [INF] HTTP GET /api/bookings/search responded 404 in 6.9376 ms
2026-04-23 14:53:07.050 +02:00 [INF] Request finished HTTP/1.1 GET http://localhost:5259/api/bookings/search?roomNumber=QWEQ&page=1&pageSize=100 - 404 0 null 35.1239ms
2026-04-23 14:53:07.053 +02:00 [INF] Request reached the end of the middleware pipeline without being handled by application code. Request path: GET http://localhost:5259/api/bookings/search, Response status code: 404
2026-04-23 14:53:07.056 +02:00 [INF] Request reached the end of the middleware pipeline without being handled by application code. Request path: GET http://localhost:5259/api/bookings/search, Response status code: 404
2026-04-23 14:53:07.058 +02:00 [INF] Request finished HTTP/1.1 GET http://localhost:5259/api/bookings/search?guestName=qweqw&page=1&pageSize=100 - 404 0 null 33.4711ms
2026-04-23 14:53:07.059 +02:00 [INF] Request finished HTTP/1.1 GET http://localhost:5259/api/bookings/search?bookingCode=QWEQW&page=1&pageSize=100 - 404 0 null 32.2108ms
2026-04-23 14:53:07.061 +02:00 [INF] Request finished HTTP/1.1 GET http://localhost:5259/api/bookings/search?roomNumber=QWEQW&page=1&pageSize=100 - 404 0 null 30.818ms
2026-04-23 14:53:07.065 +02:00 [INF] Request reached the end of the middleware pipeline without being handled by application code. Request path: GET http://localhost:5259/api/bookings/search, Response status code: 404
2026-04-23 14:53:07.072 +02:00 [INF] Request reached the end of the middleware pipeline without being handled by application code. Request path: GET http://localhost:5259/api/bookings/search, Response status code: 404
2026-04-23 14:53:07.075 +02:00 [INF] Request reached the end of the middleware pipeline without being handled by application code. Request path: GET http://localhost:5259/api/bookings/search, Response status code: 404
2026-04-23 14:53:07.078 +02:00 [INF] Request reached the end of the middleware pipeline without being handled by application code. Request path: GET http://localhost:5259/api/bookings/search, Response status code: 404
2026-04-23 14:53:09.587 +02:00 [INF] Request starting HTTP/1.1 OPTIONS http://localhost:5259/api/housekeeping?page=1&pageSize=100 - null null
2026-04-23 14:53:09.587 +02:00 [INF] Request starting HTTP/1.1 OPTIONS http://localhost:5259/api/rooms?page=1&pageSize=100 - null null
2026-04-23 14:53:09.588 +02:00 [INF] Request starting HTTP/1.1 OPTIONS http://localhost:5259/api/staff/housekeepers - null null
2026-04-23 14:53:09.591 +02:00 [INF] CORS policy execution successful.
2026-04-23 14:53:09.594 +02:00 [INF] CORS policy execution successful.
2026-04-23 14:53:09.599 +02:00 [INF] CORS policy execution successful.
2026-04-23 14:53:09.600 +02:00 [INF] HTTP OPTIONS /api/housekeeping responded 204 in 8.6316 ms
2026-04-23 14:53:09.601 +02:00 [INF] HTTP OPTIONS /api/rooms responded 204 in 6.7296 ms
2026-04-23 14:53:09.602 +02:00 [INF] HTTP OPTIONS /api/staff/housekeepers responded 204 in 3.0776 ms
2026-04-23 14:53:09.605 +02:00 [INF] Request finished HTTP/1.1 OPTIONS http://localhost:5259/api/housekeeping?page=1&pageSize=100 - 204 null null 17.6634ms
2026-04-23 14:53:09.607 +02:00 [INF] Request finished HTTP/1.1 OPTIONS http://localhost:5259/api/rooms?page=1&pageSize=100 - 204 null null 19.2373ms
2026-04-23 14:53:09.609 +02:00 [INF] Request finished HTTP/1.1 OPTIONS http://localhost:5259/api/staff/housekeepers - 204 null null 20.8425ms
2026-04-23 14:53:09.613 +02:00 [INF] Request starting HTTP/1.1 GET http://localhost:5259/api/housekeeping?page=1&pageSize=100 - null null
2026-04-23 14:53:09.616 +02:00 [INF] Request starting HTTP/1.1 GET http://localhost:5259/api/rooms?page=1&pageSize=100 - null null
2026-04-23 14:53:09.620 +02:00 [INF] Request starting HTTP/1.1 GET http://localhost:5259/api/staff/housekeepers - null null
2026-04-23 14:53:09.622 +02:00 [INF] CORS policy execution successful.
2026-04-23 14:53:09.625 +02:00 [INF] CORS policy execution successful.
2026-04-23 14:53:09.628 +02:00 [INF] CORS policy execution successful.
2026-04-23 14:53:09.629 +02:00 [INF] Executing endpoint 'HotelBooking.API.Controllers.HousekeepingController.GetTasks (HotelBooking.API)'
2026-04-23 14:53:09.629 +02:00 [INF] Executing endpoint 'HotelBooking.API.Controllers.RoomsController.GetRooms (HotelBooking.API)'
2026-04-23 14:53:09.630 +02:00 [INF] Executing endpoint 'HotelBooking.API.Controllers.StaffController.GetHousekeepers (HotelBooking.API)'
2026-04-23 14:53:09.633 +02:00 [INF] Route matched with {action = "GetRooms", controller = "Rooms"}. Executing controller action with signature System.Threading.Tasks.Task`1[Microsoft.AspNetCore.Mvc.IActionResult] GetRooms(System.Nullable`1[HotelBooking.Domain.Enums.RoomType], System.Nullable`1[HotelBooking.Domain.Enums.RoomStatus], System.Nullable`1[System.Int32], System.String, Int32, Int32, System.Threading.CancellationToken) on controller HotelBooking.API.Controllers.RoomsController (HotelBooking.API).
2026-04-23 14:53:09.634 +02:00 [INF] Route matched with {action = "GetTasks", controller = "Housekeeping"}. Executing controller action with signature System.Threading.Tasks.Task`1[Microsoft.AspNetCore.Mvc.IActionResult] GetTasks(System.Nullable`1[HotelBooking.Domain.Enums.HousekeepingStatus], System.Nullable`1[System.Guid], Int32, Int32, System.Threading.CancellationToken) on controller HotelBooking.API.Controllers.HousekeepingController (HotelBooking.API).
2026-04-23 14:53:09.637 +02:00 [INF] Route matched with {action = "GetHousekeepers", controller = "Staff"}. Executing controller action with signature System.Threading.Tasks.Task`1[Microsoft.AspNetCore.Mvc.IActionResult] GetHousekeepers(System.Threading.CancellationToken) on controller HotelBooking.API.Controllers.StaffController (HotelBooking.API).
2026-04-23 14:53:09.637 +02:00 [INF] Executed DbCommand (1ms) [Parameters=[], CommandType='"Text"', CommandTimeout='30']
SELECT count(*)::int
FROM "Rooms" AS r
2026-04-23 14:53:09.643 +02:00 [INF] Executed DbCommand (1ms) [Parameters=[@__p_1='?' (DbType = Int32), @__p_0='?' (DbType = Int32)], CommandType='"Text"', CommandTimeout='30']
SELECT r."Id", r."RoomNumber", r."FloorNumber", CASE r."Type"
    WHEN 1 THEN 'Standard'
    WHEN 2 THEN 'Deluxe'
    WHEN 3 THEN 'Family'
    WHEN 4 THEN 'BusinessSuite'
    ELSE r."Type"::text
END, CASE r."Status"
    WHEN 1 THEN 'Available'
    WHEN 2 THEN 'Occupied'
    WHEN 3 THEN 'Cleaning'
    WHEN 4 THEN 'Maintenance'
    ELSE r."Status"::text
END, r."PricePerNight", r."BedCount", r."Amenities", r."CreatedAt"
FROM "Rooms" AS r
ORDER BY r."FloorNumber", r."RoomNumber"
LIMIT @__p_1 OFFSET @__p_0
2026-04-23 14:53:09.646 +02:00 [INF] Executing OkObjectResult, writing value of type 'HotelBooking.API.Common.ApiResponse'.
2026-04-23 14:53:09.647 +02:00 [INF] Executed action HotelBooking.API.Controllers.RoomsController.GetRooms (HotelBooking.API) in 11.3506ms
2026-04-23 14:53:09.649 +02:00 [INF] Executed DbCommand (2ms) [Parameters=[], CommandType='"Text"', CommandTimeout='30']
SELECT count(*)::int
FROM "HousekeepingTasks" AS h
2026-04-23 14:53:09.649 +02:00 [INF] Executed endpoint 'HotelBooking.API.Controllers.RoomsController.GetRooms (HotelBooking.API)'
2026-04-23 14:53:09.652 +02:00 [INF] HTTP GET /api/rooms responded 200 in 27.5638 ms
2026-04-23 14:53:09.655 +02:00 [INF] Request finished HTTP/1.1 GET http://localhost:5259/api/rooms?page=1&pageSize=100 - 200 null application/json; charset=utf-8 38.4993ms
2026-04-23 14:53:09.657 +02:00 [INF] Executed DbCommand (1ms) [Parameters=[], CommandType='"Text"', CommandTimeout='30']
SELECT u."Id", u."FullName"
FROM "Users" AS u
INNER JOIN "Roles" AS r ON u."RoleId" = r."Id"
WHERE r."Name" = 'Housekeeper' AND u."IsActive"
ORDER BY u."FullName"
2026-04-23 14:53:09.661 +02:00 [INF] Executing OkObjectResult, writing value of type 'HotelBooking.API.Common.ApiResponse'.
2026-04-23 14:53:09.664 +02:00 [INF] Executed action HotelBooking.API.Controllers.StaffController.GetHousekeepers (HotelBooking.API) in 24.4663ms
2026-04-23 14:53:09.665 +02:00 [INF] Executed DbCommand (1ms) [Parameters=[@__p_1='?' (DbType = Int32), @__p_0='?' (DbType = Int32)], CommandType='"Text"', CommandTimeout='30']
SELECT h0."Id", r."RoomNumber", CASE h0."Status"
    WHEN 1 THEN 'Clean'
    WHEN 2 THEN 'Dirty'
    WHEN 3 THEN 'InProgress'
    WHEN 4 THEN 'Maintenance'
    ELSE h0."Status"::text
END, u."FullName", h0."Notes", h0."LastCleanedAt"
FROM (
    SELECT h."Id", h."AssignedToUserId", h."CreatedAt", h."LastCleanedAt", h."Notes", h."RoomId", h."Status"
    FROM "HousekeepingTasks" AS h
    ORDER BY h."CreatedAt" DESC
    LIMIT @__p_1 OFFSET @__p_0
) AS h0
INNER JOIN "Rooms" AS r ON h0."RoomId" = r."Id"
LEFT JOIN "Users" AS u ON h0."AssignedToUserId" = u."Id"
ORDER BY h0."CreatedAt" DESC
2026-04-23 14:53:09.666 +02:00 [INF] Executed endpoint 'HotelBooking.API.Controllers.StaffController.GetHousekeepers (HotelBooking.API)'
2026-04-23 14:53:09.669 +02:00 [INF] Executing OkObjectResult, writing value of type 'HotelBooking.API.Common.ApiResponse'.
2026-04-23 14:53:09.669 +02:00 [INF] HTTP GET /api/staff/housekeepers responded 200 in 41.6020 ms
2026-04-23 14:53:09.673 +02:00 [INF] Request finished HTTP/1.1 GET http://localhost:5259/api/staff/housekeepers - 200 null application/json; charset=utf-8 53.0026ms
2026-04-23 14:53:09.673 +02:00 [INF] Executed action HotelBooking.API.Controllers.HousekeepingController.GetTasks (HotelBooking.API) in 34.7102ms
2026-04-23 14:53:09.677 +02:00 [INF] Executed endpoint 'HotelBooking.API.Controllers.HousekeepingController.GetTasks (HotelBooking.API)'
2026-04-23 14:53:09.678 +02:00 [INF] HTTP GET /api/housekeeping responded 200 in 56.1427 ms
2026-04-23 14:53:09.680 +02:00 [INF] Request finished HTTP/1.1 GET http://localhost:5259/api/housekeeping?page=1&pageSize=100 - 200 null application/json; charset=utf-8 67.6376ms
2026-04-23 14:53:14.536 +02:00 [INF] Request starting HTTP/1.1 OPTIONS http://localhost:5259/api/bookings?page=1&pageSize=100 - null null
2026-04-23 14:53:14.540 +02:00 [INF] CORS policy execution successful.
2026-04-23 14:53:14.541 +02:00 [INF] HTTP OPTIONS /api/bookings responded 204 in 1.1524 ms
2026-04-23 14:53:14.543 +02:00 [INF] Request finished HTTP/1.1 OPTIONS http://localhost:5259/api/bookings?page=1&pageSize=100 - 204 null null 7.7145ms
2026-04-23 14:53:14.548 +02:00 [INF] Request starting HTTP/1.1 GET http://localhost:5259/api/bookings?page=1&pageSize=100 - null null
2026-04-23 14:53:14.552 +02:00 [INF] CORS policy execution successful.
2026-04-23 14:53:14.553 +02:00 [INF] Executing endpoint 'HotelBooking.API.Controllers.BookingsController.GetBookings (HotelBooking.API)'
2026-04-23 14:53:14.555 +02:00 [INF] Route matched with {action = "GetBookings", controller = "Bookings"}. Executing controller action with signature System.Threading.Tasks.Task`1[Microsoft.AspNetCore.Mvc.IActionResult] GetBookings(System.Nullable`1[HotelBooking.Domain.Enums.BookingStatus], System.String, System.String, System.String, System.Nullable`1[System.DateOnly], System.Nullable`1[System.DateOnly], Int32, Int32, System.Threading.CancellationToken) on controller HotelBooking.API.Controllers.BookingsController (HotelBooking.API).
2026-04-23 14:53:14.558 +02:00 [INF] Executed DbCommand (0ms) [Parameters=[], CommandType='"Text"', CommandTimeout='30']
SELECT count(*)::int
FROM "Bookings" AS b
2026-04-23 14:53:14.561 +02:00 [INF] Executed DbCommand (1ms) [Parameters=[@__p_1='?' (DbType = Int32), @__p_0='?' (DbType = Int32)], CommandType='"Text"', CommandTimeout='30']
SELECT b0."Id", b0."BookingCode", b0."UserId", u."FullName", u."Email", b0."RoomId", r."RoomNumber", CASE r."Type"
    WHEN 1 THEN 'Standard'
    WHEN 2 THEN 'Deluxe'
    WHEN 3 THEN 'Family'
    WHEN 4 THEN 'BusinessSuite'
    ELSE r."Type"::text
END, b0."CheckInDate", b0."CheckOutDate", b0."TotalAmount", CASE b0."PaymentMethod"
    WHEN 1 THEN 'Card'
    WHEN 2 THEN 'Cash'
    WHEN 3 THEN 'Check'
    ELSE b0."PaymentMethod"::text
END, CASE b0."Status"
    WHEN 1 THEN 'Confirmed'
    WHEN 2 THEN 'Active'
    WHEN 3 THEN 'CheckedOut'
    WHEN 4 THEN 'Cancelled'
    ELSE b0."Status"::text
END, b0."CheckOutDate" - b0."CheckInDate", b0."CreatedAt"
FROM (
    SELECT b."Id", b."BookingCode", b."CheckInDate", b."CheckOutDate", b."CreatedAt", b."PaymentMethod", b."RoomId", b."Status", b."TotalAmount", b."UserId"
    FROM "Bookings" AS b
    ORDER BY b."CreatedAt" DESC
    LIMIT @__p_1 OFFSET @__p_0
) AS b0
INNER JOIN "Users" AS u ON b0."UserId" = u."Id"
INNER JOIN "Rooms" AS r ON b0."RoomId" = r."Id"
ORDER BY b0."CreatedAt" DESC
2026-04-23 14:53:14.564 +02:00 [INF] Executing OkObjectResult, writing value of type 'HotelBooking.API.Common.ApiResponse'.
2026-04-23 14:53:14.566 +02:00 [INF] Executed action HotelBooking.API.Controllers.BookingsController.GetBookings (HotelBooking.API) in 9.4064ms
2026-04-23 14:53:14.567 +02:00 [INF] Executed endpoint 'HotelBooking.API.Controllers.BookingsController.GetBookings (HotelBooking.API)'
2026-04-23 14:53:14.569 +02:00 [INF] HTTP GET /api/bookings responded 200 in 16.9621 ms
2026-04-23 14:53:14.570 +02:00 [INF] Request finished HTTP/1.1 GET http://localhost:5259/api/bookings?page=1&pageSize=100 - 200 null application/json; charset=utf-8 22.3491ms
2026-04-23 14:53:14.576 +02:00 [INF] Request starting HTTP/1.1 OPTIONS http://localhost:5259/api/invoices/4a5453c4-2fec-4158-9b94-25b58b28080c - null null
2026-04-23 14:53:14.578 +02:00 [INF] CORS policy execution successful.
2026-04-23 14:53:14.579 +02:00 [INF] HTTP OPTIONS /api/invoices/4a5453c4-2fec-4158-9b94-25b58b28080c responded 204 in 1.0176 ms
2026-04-23 14:53:14.581 +02:00 [INF] Request finished HTTP/1.1 OPTIONS http://localhost:5259/api/invoices/4a5453c4-2fec-4158-9b94-25b58b28080c - 204 null null 5.8574ms
2026-04-23 14:53:14.585 +02:00 [INF] Request starting HTTP/1.1 GET http://localhost:5259/api/invoices/4a5453c4-2fec-4158-9b94-25b58b28080c - null null
2026-04-23 14:53:14.588 +02:00 [INF] CORS policy execution successful.
2026-04-23 14:53:14.590 +02:00 [INF] Executing endpoint 'HotelBooking.API.Controllers.InvoicesController.GetInvoice (HotelBooking.API)'
2026-04-23 14:53:14.593 +02:00 [INF] Route matched with {action = "GetInvoice", controller = "Invoices"}. Executing controller action with signature System.Threading.Tasks.Task`1[Microsoft.AspNetCore.Mvc.IActionResult] GetInvoice(System.Guid, System.Threading.CancellationToken) on controller HotelBooking.API.Controllers.InvoicesController (HotelBooking.API).
2026-04-23 14:53:14.651 +02:00 [INF] Executed DbCommand (5ms) [Parameters=[@__bookingId_0='?' (DbType = Guid)], CommandType='"Text"', CommandTimeout='30']
SELECT s."Id", s."ActualCheckIn", s."ActualCheckOut", s."BookingCode", s."CheckInDate", s."CheckOutDate", s."CreatedAt", s."GuestCount", s."PaymentMethod", s."RoomId", s."SpecialRequests", s."Status", s."TotalAmount", s."UpdatedAt", s."UserId", s."Id0", s."CreatedAt0", s."Email", s."FullName", s."IsActive", s."PasswordHash", s."RoleId", s."UpdatedAt0", s."Id1", s."Amenities", s."BedCount", s."CreatedAt1", s."FloorNumber", s."PricePerNight", s."RoomNumber", s."Status0", s."Type", s."UpdatedAt1", s."Id2", r0."Id", r0."Amount", r0."BookingId", r0."CreatedAt", r0."Description", r0."UpdatedAt", s."BookingId", s."CreatedAt2", s."InvoiceNumber", s."IssuedAt", s."Subtotal", s."TaxAmount", s."TaxRate", s."TotalAmount0", s."UpdatedAt2"
FROM (
    SELECT b."Id", b."ActualCheckIn", b."ActualCheckOut", b."BookingCode", b."CheckInDate", b."CheckOutDate", b."CreatedAt", b."GuestCount", b."PaymentMethod", b."RoomId", b."SpecialRequests", b."Status", b."TotalAmount", b."UpdatedAt", b."UserId", u."Id" AS "Id0", u."CreatedAt" AS "CreatedAt0", u."Email", u."FullName", u."IsActive", u."PasswordHash", u."RoleId", u."UpdatedAt" AS "UpdatedAt0", r."Id" AS "Id1", r."Amenities", r."BedCount", r."CreatedAt" AS "CreatedAt1", r."FloorNumber", r."PricePerNight", r."RoomNumber", r."Status" AS "Status0", r."Type", r."UpdatedAt" AS "UpdatedAt1", i."Id" AS "Id2", i."BookingId", i."CreatedAt" AS "CreatedAt2", i."InvoiceNumber", i."IssuedAt", i."Subtotal", i."TaxAmount", i."TaxRate", i."TotalAmount" AS "TotalAmount0", i."UpdatedAt" AS "UpdatedAt2"
    FROM "Bookings" AS b
    INNER JOIN "Users" AS u ON b."UserId" = u."Id"
    INNER JOIN "Rooms" AS r ON b."RoomId" = r."Id"
    LEFT JOIN "Invoices" AS i ON b."Id" = i."BookingId"
    WHERE b."Id" = @__bookingId_0
    LIMIT 1
) AS s
LEFT JOIN "RoomCharges" AS r0 ON s."Id" = r0."BookingId"
ORDER BY s."Id", s."Id0", s."Id1", s."Id2"
2026-04-23 14:53:14.689 +02:00 [INF] Executed DbCommand (3ms) [Parameters=[@p2='?' (DbType = Guid), @p0='?' (DbType = Decimal), @p1='?' (DbType = DateTime), @p3='?' (DbType = Guid), @p4='?' (DbType = Guid), @p5='?' (DbType = DateTime), @p6='?', @p7='?' (DbType = DateTime), @p8='?' (DbType = Decimal), @p9='?' (DbType = Decimal), @p10='?' (DbType = Decimal), @p11='?' (DbType = Decimal), @p12='?' (DbType = DateTime)], CommandType='"Text"', CommandTimeout='30']
UPDATE "Bookings" SET "TotalAmount" = @p0, "UpdatedAt" = @p1
WHERE "Id" = @p2;
INSERT INTO "Invoices" ("Id", "BookingId", "CreatedAt", "InvoiceNumber", "IssuedAt", "Subtotal", "TaxAmount", "TaxRate", "TotalAmount", "UpdatedAt")
VALUES (@p3, @p4, @p5, @p6, @p7, @p8, @p9, @p10, @p11, @p12);
2026-04-23 14:53:14.730 +02:00 [INF] Executed DbCommand (2ms) [Parameters=[@__invoice_Id_0='?' (DbType = Guid)], CommandType='"Text"', CommandTimeout='30']
SELECT s."Id", s."BookingId", s."CreatedAt", s."InvoiceNumber", s."IssuedAt", s."Subtotal", s."TaxAmount", s."TaxRate", s."TotalAmount", s."UpdatedAt", s."Id0", s."ActualCheckIn", s."ActualCheckOut", s."BookingCode", s."CheckInDate", s."CheckOutDate", s."CreatedAt0", s."GuestCount", s."PaymentMethod", s."RoomId", s."SpecialRequests", s."Status", s."TotalAmount0", s."UpdatedAt0", s."UserId", s."Id1", s."CreatedAt1", s."Email", s."FullName", s."IsActive", s."PasswordHash", s."RoleId", s."UpdatedAt1", s."Id2", s."Amenities", s."BedCount", s."CreatedAt2", s."FloorNumber", s."PricePerNight", s."RoomNumber", s."Status0", s."Type", s."UpdatedAt2", r0."Id", r0."Amount", r0."BookingId", r0."CreatedAt", r0."Description", r0."UpdatedAt"
FROM (
    SELECT i."Id", i."BookingId", i."CreatedAt", i."InvoiceNumber", i."IssuedAt", i."Subtotal", i."TaxAmount", i."TaxRate", i."TotalAmount", i."UpdatedAt", b."Id" AS "Id0", b."ActualCheckIn", b."ActualCheckOut", b."BookingCode", b."CheckInDate", b."CheckOutDate", b."CreatedAt" AS "CreatedAt0", b."GuestCount", b."PaymentMethod", b."RoomId", b."SpecialRequests", b."Status", b."TotalAmount" AS "TotalAmount0", b."UpdatedAt" AS "UpdatedAt0", b."UserId", u."Id" AS "Id1", u."CreatedAt" AS "CreatedAt1", u."Email", u."FullName", u."IsActive", u."PasswordHash", u."RoleId", u."UpdatedAt" AS "UpdatedAt1", r."Id" AS "Id2", r."Amenities", r."BedCount", r."CreatedAt" AS "CreatedAt2", r."FloorNumber", r."PricePerNight", r."RoomNumber", r."Status" AS "Status0", r."Type", r."UpdatedAt" AS "UpdatedAt2"
    FROM "Invoices" AS i
    INNER JOIN "Bookings" AS b ON i."BookingId" = b."Id"
    INNER JOIN "Users" AS u ON b."UserId" = u."Id"
    INNER JOIN "Rooms" AS r ON b."RoomId" = r."Id"
    WHERE i."Id" = @__invoice_Id_0
    LIMIT 1
) AS s
LEFT JOIN "RoomCharges" AS r0 ON s."Id0" = r0."BookingId"
ORDER BY s."Id", s."Id0", s."Id1", s."Id2"
2026-04-23 14:53:14.736 +02:00 [INF] Executing OkObjectResult, writing value of type 'HotelBooking.API.Common.ApiResponse'.
2026-04-23 14:53:14.741 +02:00 [INF] Executed action HotelBooking.API.Controllers.InvoicesController.GetInvoice (HotelBooking.API) in 145.5268ms
2026-04-23 14:53:14.743 +02:00 [INF] Executed endpoint 'HotelBooking.API.Controllers.InvoicesController.GetInvoice (HotelBooking.API)'
2026-04-23 14:53:14.743 +02:00 [INF] HTTP GET /api/invoices/4a5453c4-2fec-4158-9b94-25b58b28080c responded 200 in 155.1717 ms
2026-04-23 14:53:14.745 +02:00 [INF] Request finished HTTP/1.1 GET http://localhost:5259/api/invoices/4a5453c4-2fec-4158-9b94-25b58b28080c - 200 null application/json; charset=utf-8 159.7885ms
2026-04-23 14:53:17.233 +02:00 [INF] Request starting HTTP/1.1 OPTIONS http://localhost:5259/api/payments - null null
2026-04-23 14:53:17.237 +02:00 [INF] CORS policy execution successful.
2026-04-23 14:53:17.238 +02:00 [INF] HTTP OPTIONS /api/payments responded 204 in 0.6947 ms
2026-04-23 14:53:17.240 +02:00 [INF] Request finished HTTP/1.1 OPTIONS http://localhost:5259/api/payments - 204 null null 7.1419ms
2026-04-23 14:53:17.243 +02:00 [INF] Request starting HTTP/1.1 POST http://localhost:5259/api/payments - application/json 92
2026-04-23 14:53:17.246 +02:00 [INF] CORS policy execution successful.
2026-04-23 14:53:17.247 +02:00 [INF] Executing endpoint 'HotelBooking.API.Controllers.PaymentsController.ProcessPayment (HotelBooking.API)'
2026-04-23 14:53:17.250 +02:00 [INF] Route matched with {action = "ProcessPayment", controller = "Payments"}. Executing controller action with signature System.Threading.Tasks.Task`1[Microsoft.AspNetCore.Mvc.IActionResult] ProcessPayment(HotelBooking.Application.Features.Payments.DTOs.ProcessPaymentRequest, System.Threading.CancellationToken) on controller HotelBooking.API.Controllers.PaymentsController (HotelBooking.API).
2026-04-23 14:53:17.283 +02:00 [INF] Executed DbCommand (2ms) [Parameters=[@__request_BookingId_0='?' (DbType = Guid)], CommandType='"Text"', CommandTimeout='30']
SELECT b."Id", b."ActualCheckIn", b."ActualCheckOut", b."BookingCode", b."CheckInDate", b."CheckOutDate", b."CreatedAt", b."GuestCount", b."PaymentMethod", b."RoomId", b."SpecialRequests", b."Status", b."TotalAmount", b."UpdatedAt", b."UserId", i."Id", i."BookingId", i."CreatedAt", i."InvoiceNumber", i."IssuedAt", i."Subtotal", i."TaxAmount", i."TaxRate", i."TotalAmount", i."UpdatedAt", u."Id", u."CreatedAt", u."Email", u."FullName", u."IsActive", u."PasswordHash", u."RoleId", u."UpdatedAt"
FROM "Bookings" AS b
LEFT JOIN "Invoices" AS i ON b."Id" = i."BookingId"
INNER JOIN "Users" AS u ON b."UserId" = u."Id"
WHERE b."Id" = @__request_BookingId_0
LIMIT 1
2026-04-23 14:53:17.290 +02:00 [INF] Executed DbCommand (2ms) [Parameters=[@__bookingId_0='?' (DbType = Guid)], CommandType='"Text"', CommandTimeout='30']
SELECT s."Id", s."ActualCheckIn", s."ActualCheckOut", s."BookingCode", s."CheckInDate", s."CheckOutDate", s."CreatedAt", s."GuestCount", s."PaymentMethod", s."RoomId", s."SpecialRequests", s."Status", s."TotalAmount", s."UpdatedAt", s."UserId", s."Id0", s."CreatedAt0", s."Email", s."FullName", s."IsActive", s."PasswordHash", s."RoleId", s."UpdatedAt0", s."Id1", s."Amenities", s."BedCount", s."CreatedAt1", s."FloorNumber", s."PricePerNight", s."RoomNumber", s."Status0", s."Type", s."UpdatedAt1", s."Id2", r0."Id", r0."Amount", r0."BookingId", r0."CreatedAt", r0."Description", r0."UpdatedAt", s."BookingId", s."CreatedAt2", s."InvoiceNumber", s."IssuedAt", s."Subtotal", s."TaxAmount", s."TaxRate", s."TotalAmount0", s."UpdatedAt2"
FROM (
    SELECT b."Id", b."ActualCheckIn", b."ActualCheckOut", b."BookingCode", b."CheckInDate", b."CheckOutDate", b."CreatedAt", b."GuestCount", b."PaymentMethod", b."RoomId", b."SpecialRequests", b."Status", b."TotalAmount", b."UpdatedAt", b."UserId", u."Id" AS "Id0", u."CreatedAt" AS "CreatedAt0", u."Email", u."FullName", u."IsActive", u."PasswordHash", u."RoleId", u."UpdatedAt" AS "UpdatedAt0", r."Id" AS "Id1", r."Amenities", r."BedCount", r."CreatedAt" AS "CreatedAt1", r."FloorNumber", r."PricePerNight", r."RoomNumber", r."Status" AS "Status0", r."Type", r."UpdatedAt" AS "UpdatedAt1", i."Id" AS "Id2", i."BookingId", i."CreatedAt" AS "CreatedAt2", i."InvoiceNumber", i."IssuedAt", i."Subtotal", i."TaxAmount", i."TaxRate", i."TotalAmount" AS "TotalAmount0", i."UpdatedAt" AS "UpdatedAt2"
    FROM "Bookings" AS b
    INNER JOIN "Users" AS u ON b."UserId" = u."Id"
    INNER JOIN "Rooms" AS r ON b."RoomId" = r."Id"
    LEFT JOIN "Invoices" AS i ON b."Id" = i."BookingId"
    WHERE b."Id" = @__bookingId_0
    LIMIT 1
) AS s
LEFT JOIN "RoomCharges" AS r0 ON s."Id" = r0."BookingId"
ORDER BY s."Id", s."Id0", s."Id1", s."Id2"
2026-04-23 14:53:17.336 +02:00 [INF] Executed DbCommand (9ms) [Parameters=[@__booking_Invoice_Id_0='?' (DbType = Guid)], CommandType='"Text"', CommandTimeout='30']
SELECT s."Id", s."BookingId", s."CreatedAt", s."InvoiceNumber", s."IssuedAt", s."Subtotal", s."TaxAmount", s."TaxRate", s."TotalAmount", s."UpdatedAt", s."Id0", s."ActualCheckIn", s."ActualCheckOut", s."BookingCode", s."CheckInDate", s."CheckOutDate", s."CreatedAt0", s."GuestCount", s."PaymentMethod", s."RoomId", s."SpecialRequests", s."Status", s."TotalAmount0", s."UpdatedAt0", s."UserId", s."Id1", s."CreatedAt1", s."Email", s."FullName", s."IsActive", s."PasswordHash", s."RoleId", s."UpdatedAt1", s."Id2", s."Amenities", s."BedCount", s."CreatedAt2", s."FloorNumber", s."PricePerNight", s."RoomNumber", s."Status0", s."Type", s."UpdatedAt2", r0."Id", r0."Amount", r0."BookingId", r0."CreatedAt", r0."Description", r0."UpdatedAt"
FROM (
    SELECT i."Id", i."BookingId", i."CreatedAt", i."InvoiceNumber", i."IssuedAt", i."Subtotal", i."TaxAmount", i."TaxRate", i."TotalAmount", i."UpdatedAt", b."Id" AS "Id0", b."ActualCheckIn", b."ActualCheckOut", b."BookingCode", b."CheckInDate", b."CheckOutDate", b."CreatedAt" AS "CreatedAt0", b."GuestCount", b."PaymentMethod", b."RoomId", b."SpecialRequests", b."Status", b."TotalAmount" AS "TotalAmount0", b."UpdatedAt" AS "UpdatedAt0", b."UserId", u."Id" AS "Id1", u."CreatedAt" AS "CreatedAt1", u."Email", u."FullName", u."IsActive", u."PasswordHash", u."RoleId", u."UpdatedAt" AS "UpdatedAt1", r."Id" AS "Id2", r."Amenities", r."BedCount", r."CreatedAt" AS "CreatedAt2", r."FloorNumber", r."PricePerNight", r."RoomNumber", r."Status" AS "Status0", r."Type", r."UpdatedAt" AS "UpdatedAt2"
    FROM "Invoices" AS i
    INNER JOIN "Bookings" AS b ON i."BookingId" = b."Id"
    INNER JOIN "Users" AS u ON b."UserId" = u."Id"
    INNER JOIN "Rooms" AS r ON b."RoomId" = r."Id"
    WHERE i."Id" = @__booking_Invoice_Id_0
    LIMIT 1
) AS s
LEFT JOIN "RoomCharges" AS r0 ON s."Id0" = r0."BookingId"
ORDER BY s."Id", s."Id0", s."Id1", s."Id2"
2026-04-23 14:53:17.348 +02:00 [INF] Executed DbCommand (1ms) [Parameters=[@__invoice_InvoiceId_0='?' (DbType = Guid)], CommandType='"Text"', CommandTimeout='30']
SELECT COALESCE(sum(p."Amount"), 0.0)
FROM "Payments" AS p
WHERE p."InvoiceId" = @__invoice_InvoiceId_0 AND p."Status" = 2
2026-04-23 14:53:17.373 +02:00 [INF] Executed DbCommand (1ms) [Parameters=[@p0='?' (DbType = Guid), @p1='?' (DbType = Decimal), @p2='?' (DbType = DateTime), @p3='?' (DbType = Guid), @p4='?', @p5='?' (DbType = DateTime), @p6='?' (DbType = Int32), @p7='?', @p8='?' (DbType = DateTime)], CommandType='"Text"', CommandTimeout='30']
INSERT INTO "Payments" ("Id", "Amount", "CreatedAt", "InvoiceId", "Method", "PaidAt", "Status", "TransactionReference", "UpdatedAt")
VALUES (@p0, @p1, @p2, @p3, @p4, @p5, @p6, @p7, @p8);
2026-04-23 14:53:17.377 +02:00 [INF] Executed DbCommand (1ms) [Parameters=[@p0='?' (DbType = Guid), @p1='?', @p2='?' (DbType = Guid), @p3='?', @p4='?' (DbType = Guid), @p5='?', @p6='?' (DbType = DateTime)], CommandType='"Text"', CommandTimeout='30']
INSERT INTO "AuditLogs" ("Id", "Action", "ActorId", "Details", "EntityId", "EntityName", "Timestamp")
VALUES (@p0, @p1, @p2, @p3, @p4, @p5, @p6);
2026-04-23 14:53:17.380 +02:00 [INF] Executed DbCommand (1ms) [Parameters=[@p0='?' (DbType = Guid), @p1='?' (DbType = DateTime), @p2='?', @p3='?', @p4='?' (DbType = Int32), @p5='?' (DbType = DateTime), @p6='?' (DbType = Guid)], CommandType='"Text"', CommandTimeout='30']
INSERT INTO "Notifications" ("Id", "CreatedAt", "Message", "Title", "Type", "UpdatedAt", "UserId")
VALUES (@p0, @p1, @p2, @p3, @p4, @p5, @p6)
RETURNING "IsRead";
2026-04-23 14:53:17.384 +02:00 [INF] NOTIFICATION [PaymentCompleted] PaymentId="9ea01162-31a4-47a3-8bd5-4286060a2bf4" BookingId="4a5453c4-2fec-4158-9b94-25b58b28080c" Guest=System Administrator <admin@hotel.com> Amount=¤1,560.16 Invoice=INV-20260423-BK-2407
2026-04-23 14:53:17.387 +02:00 [INF] Payment processed. PaymentId="9ea01162-31a4-47a3-8bd5-4286060a2bf4" BookingId="4a5453c4-2fec-4158-9b94-25b58b28080c" InvoiceId="ada7510f-6c46-4548-8948-69dcbe7ba8e0" Amount=1560.16
2026-04-23 14:53:17.389 +02:00 [INF] Executing OkObjectResult, writing value of type 'HotelBooking.API.Common.ApiResponse'.
2026-04-23 14:53:17.392 +02:00 [INF] Executed action HotelBooking.API.Controllers.PaymentsController.ProcessPayment (HotelBooking.API) in 140.4552ms
2026-04-23 14:53:17.394 +02:00 [INF] Executed endpoint 'HotelBooking.API.Controllers.PaymentsController.ProcessPayment (HotelBooking.API)'
2026-04-23 14:53:17.396 +02:00 [INF] HTTP POST /api/payments responded 200 in 150.7474 ms
2026-04-23 14:53:17.399 +02:00 [INF] Request finished HTTP/1.1 POST http://localhost:5259/api/payments - 200 null application/json; charset=utf-8 155.8468ms
2026-04-23 14:53:17.401 +02:00 [INF] Request starting HTTP/1.1 OPTIONS http://localhost:5259/api/bookings?page=1&pageSize=100 - null null
2026-04-23 14:53:17.401 +02:00 [INF] Request starting HTTP/1.1 OPTIONS http://localhost:5259/api/notifications?pageNumber=1&pageSize=8 - null null
2026-04-23 14:53:17.403 +02:00 [INF] Request starting HTTP/1.1 OPTIONS http://localhost:5259/api/invoices/4a5453c4-2fec-4158-9b94-25b58b28080c - null null
2026-04-23 14:53:17.406 +02:00 [INF] CORS policy execution successful.
2026-04-23 14:53:17.409 +02:00 [INF] CORS policy execution successful.
2026-04-23 14:53:17.412 +02:00 [INF] CORS policy execution successful.
2026-04-23 14:53:17.413 +02:00 [INF] HTTP OPTIONS /api/bookings responded 204 in 6.7400 ms
2026-04-23 14:53:17.414 +02:00 [INF] HTTP OPTIONS /api/notifications responded 204 in 4.7246 ms
2026-04-23 14:53:17.415 +02:00 [INF] HTTP OPTIONS /api/invoices/4a5453c4-2fec-4158-9b94-25b58b28080c responded 204 in 2.7726 ms
2026-04-23 14:53:17.417 +02:00 [INF] Request finished HTTP/1.1 OPTIONS http://localhost:5259/api/bookings?page=1&pageSize=100 - 204 null null 15.4109ms
2026-04-23 14:53:17.419 +02:00 [INF] Request finished HTTP/1.1 OPTIONS http://localhost:5259/api/notifications?pageNumber=1&pageSize=8 - 204 null null 17.1736ms
2026-04-23 14:53:17.421 +02:00 [INF] Request finished HTTP/1.1 OPTIONS http://localhost:5259/api/invoices/4a5453c4-2fec-4158-9b94-25b58b28080c - 204 null null 17.1608ms
2026-04-23 14:53:17.424 +02:00 [INF] Request starting HTTP/1.1 GET http://localhost:5259/api/bookings?page=1&pageSize=100 - null null
2026-04-23 14:53:17.429 +02:00 [INF] Request starting HTTP/1.1 GET http://localhost:5259/api/notifications?pageNumber=1&pageSize=8 - null null
2026-04-23 14:53:17.433 +02:00 [INF] Request starting HTTP/1.1 GET http://localhost:5259/api/invoices/4a5453c4-2fec-4158-9b94-25b58b28080c - null null
2026-04-23 14:53:17.436 +02:00 [INF] CORS policy execution successful.
2026-04-23 14:53:17.439 +02:00 [INF] CORS policy execution successful.
2026-04-23 14:53:17.442 +02:00 [INF] CORS policy execution successful.
2026-04-23 14:53:17.443 +02:00 [INF] Executing endpoint 'HotelBooking.API.Controllers.BookingsController.GetBookings (HotelBooking.API)'
2026-04-23 14:53:17.443 +02:00 [INF] Executing endpoint 'HotelBooking.API.Controllers.NotificationsController.GetNotifications (HotelBooking.API)'
2026-04-23 14:53:17.444 +02:00 [INF] Executing endpoint 'HotelBooking.API.Controllers.InvoicesController.GetInvoice (HotelBooking.API)'
2026-04-23 14:53:17.445 +02:00 [INF] Route matched with {action = "GetBookings", controller = "Bookings"}. Executing controller action with signature System.Threading.Tasks.Task`1[Microsoft.AspNetCore.Mvc.IActionResult] GetBookings(System.Nullable`1[HotelBooking.Domain.Enums.BookingStatus], System.String, System.String, System.String, System.Nullable`1[System.DateOnly], System.Nullable`1[System.DateOnly], Int32, Int32, System.Threading.CancellationToken) on controller HotelBooking.API.Controllers.BookingsController (HotelBooking.API).
2026-04-23 14:53:17.446 +02:00 [INF] Route matched with {action = "GetNotifications", controller = "Notifications"}. Executing controller action with signature System.Threading.Tasks.Task`1[Microsoft.AspNetCore.Mvc.IActionResult] GetNotifications(Boolean, Int32, Int32, System.Threading.CancellationToken) on controller HotelBooking.API.Controllers.NotificationsController (HotelBooking.API).
2026-04-23 14:53:17.447 +02:00 [INF] Route matched with {action = "GetInvoice", controller = "Invoices"}. Executing controller action with signature System.Threading.Tasks.Task`1[Microsoft.AspNetCore.Mvc.IActionResult] GetInvoice(System.Guid, System.Threading.CancellationToken) on controller HotelBooking.API.Controllers.InvoicesController (HotelBooking.API).
2026-04-23 14:53:17.450 +02:00 [INF] Executed DbCommand (0ms) [Parameters=[], CommandType='"Text"', CommandTimeout='30']
SELECT count(*)::int
FROM "Bookings" AS b
2026-04-23 14:53:17.452 +02:00 [INF] Executed DbCommand (0ms) [Parameters=[@__userId_0='?' (DbType = Guid)], CommandType='"Text"', CommandTimeout='30']
SELECT count(*)::int
FROM "Notifications" AS n
WHERE n."UserId" = @__userId_0 AND NOT (n."IsRead")
2026-04-23 14:53:17.455 +02:00 [INF] Executed DbCommand (1ms) [Parameters=[@__bookingId_0='?' (DbType = Guid)], CommandType='"Text"', CommandTimeout='30']
SELECT s."Id", s."ActualCheckIn", s."ActualCheckOut", s."BookingCode", s."CheckInDate", s."CheckOutDate", s."CreatedAt", s."GuestCount", s."PaymentMethod", s."RoomId", s."SpecialRequests", s."Status", s."TotalAmount", s."UpdatedAt", s."UserId", s."Id0", s."CreatedAt0", s."Email", s."FullName", s."IsActive", s."PasswordHash", s."RoleId", s."UpdatedAt0", s."Id1", s."Amenities", s."BedCount", s."CreatedAt1", s."FloorNumber", s."PricePerNight", s."RoomNumber", s."Status0", s."Type", s."UpdatedAt1", s."Id2", r0."Id", r0."Amount", r0."BookingId", r0."CreatedAt", r0."Description", r0."UpdatedAt", s."BookingId", s."CreatedAt2", s."InvoiceNumber", s."IssuedAt", s."Subtotal", s."TaxAmount", s."TaxRate", s."TotalAmount0", s."UpdatedAt2"
FROM (
    SELECT b."Id", b."ActualCheckIn", b."ActualCheckOut", b."BookingCode", b."CheckInDate", b."CheckOutDate", b."CreatedAt", b."GuestCount", b."PaymentMethod", b."RoomId", b."SpecialRequests", b."Status", b."TotalAmount", b."UpdatedAt", b."UserId", u."Id" AS "Id0", u."CreatedAt" AS "CreatedAt0", u."Email", u."FullName", u."IsActive", u."PasswordHash", u."RoleId", u."UpdatedAt" AS "UpdatedAt0", r."Id" AS "Id1", r."Amenities", r."BedCount", r."CreatedAt" AS "CreatedAt1", r."FloorNumber", r."PricePerNight", r."RoomNumber", r."Status" AS "Status0", r."Type", r."UpdatedAt" AS "UpdatedAt1", i."Id" AS "Id2", i."BookingId", i."CreatedAt" AS "CreatedAt2", i."InvoiceNumber", i."IssuedAt", i."Subtotal", i."TaxAmount", i."TaxRate", i."TotalAmount" AS "TotalAmount0", i."UpdatedAt" AS "UpdatedAt2"
    FROM "Bookings" AS b
    INNER JOIN "Users" AS u ON b."UserId" = u."Id"
    INNER JOIN "Rooms" AS r ON b."RoomId" = r."Id"
    LEFT JOIN "Invoices" AS i ON b."Id" = i."BookingId"
    WHERE b."Id" = @__bookingId_0
    LIMIT 1
) AS s
LEFT JOIN "RoomCharges" AS r0 ON s."Id" = r0."BookingId"
ORDER BY s."Id", s."Id0", s."Id1", s."Id2"
2026-04-23 14:53:17.456 +02:00 [INF] Executed DbCommand (1ms) [Parameters=[@__p_1='?' (DbType = Int32), @__p_0='?' (DbType = Int32)], CommandType='"Text"', CommandTimeout='30']
SELECT b0."Id", b0."BookingCode", b0."UserId", u."FullName", u."Email", b0."RoomId", r."RoomNumber", CASE r."Type"
    WHEN 1 THEN 'Standard'
    WHEN 2 THEN 'Deluxe'
    WHEN 3 THEN 'Family'
    WHEN 4 THEN 'BusinessSuite'
    ELSE r."Type"::text
END, b0."CheckInDate", b0."CheckOutDate", b0."TotalAmount", CASE b0."PaymentMethod"
    WHEN 1 THEN 'Card'
    WHEN 2 THEN 'Cash'
    WHEN 3 THEN 'Check'
    ELSE b0."PaymentMethod"::text
END, CASE b0."Status"
    WHEN 1 THEN 'Confirmed'
    WHEN 2 THEN 'Active'
    WHEN 3 THEN 'CheckedOut'
    WHEN 4 THEN 'Cancelled'
    ELSE b0."Status"::text
END, b0."CheckOutDate" - b0."CheckInDate", b0."CreatedAt"
FROM (
    SELECT b."Id", b."BookingCode", b."CheckInDate", b."CheckOutDate", b."CreatedAt", b."PaymentMethod", b."RoomId", b."Status", b."TotalAmount", b."UserId"
    FROM "Bookings" AS b
    ORDER BY b."CreatedAt" DESC
    LIMIT @__p_1 OFFSET @__p_0
) AS b0
INNER JOIN "Users" AS u ON b0."UserId" = u."Id"
INNER JOIN "Rooms" AS r ON b0."RoomId" = r."Id"
ORDER BY b0."CreatedAt" DESC
2026-04-23 14:53:17.458 +02:00 [INF] Executed DbCommand (1ms) [Parameters=[@__userId_0='?' (DbType = Guid)], CommandType='"Text"', CommandTimeout='30']
SELECT count(*)::int
FROM "Notifications" AS n
WHERE n."UserId" = @__userId_0
2026-04-23 14:53:17.462 +02:00 [INF] Executed DbCommand (1ms) [Parameters=[@__booking_Invoice_Id_0='?' (DbType = Guid)], CommandType='"Text"', CommandTimeout='30']
SELECT s."Id", s."BookingId", s."CreatedAt", s."InvoiceNumber", s."IssuedAt", s."Subtotal", s."TaxAmount", s."TaxRate", s."TotalAmount", s."UpdatedAt", s."Id0", s."ActualCheckIn", s."ActualCheckOut", s."BookingCode", s."CheckInDate", s."CheckOutDate", s."CreatedAt0", s."GuestCount", s."PaymentMethod", s."RoomId", s."SpecialRequests", s."Status", s."TotalAmount0", s."UpdatedAt0", s."UserId", s."Id1", s."CreatedAt1", s."Email", s."FullName", s."IsActive", s."PasswordHash", s."RoleId", s."UpdatedAt1", s."Id2", s."Amenities", s."BedCount", s."CreatedAt2", s."FloorNumber", s."PricePerNight", s."RoomNumber", s."Status0", s."Type", s."UpdatedAt2", r0."Id", r0."Amount", r0."BookingId", r0."CreatedAt", r0."Description", r0."UpdatedAt"
FROM (
    SELECT i."Id", i."BookingId", i."CreatedAt", i."InvoiceNumber", i."IssuedAt", i."Subtotal", i."TaxAmount", i."TaxRate", i."TotalAmount", i."UpdatedAt", b."Id" AS "Id0", b."ActualCheckIn", b."ActualCheckOut", b."BookingCode", b."CheckInDate", b."CheckOutDate", b."CreatedAt" AS "CreatedAt0", b."GuestCount", b."PaymentMethod", b."RoomId", b."SpecialRequests", b."Status", b."TotalAmount" AS "TotalAmount0", b."UpdatedAt" AS "UpdatedAt0", b."UserId", u."Id" AS "Id1", u."CreatedAt" AS "CreatedAt1", u."Email", u."FullName", u."IsActive", u."PasswordHash", u."RoleId", u."UpdatedAt" AS "UpdatedAt1", r."Id" AS "Id2", r."Amenities", r."BedCount", r."CreatedAt" AS "CreatedAt2", r."FloorNumber", r."PricePerNight", r."RoomNumber", r."Status" AS "Status0", r."Type", r."UpdatedAt" AS "UpdatedAt2"
    FROM "Invoices" AS i
    INNER JOIN "Bookings" AS b ON i."BookingId" = b."Id"
    INNER JOIN "Users" AS u ON b."UserId" = u."Id"
    INNER JOIN "Rooms" AS r ON b."RoomId" = r."Id"
    WHERE i."Id" = @__booking_Invoice_Id_0
    LIMIT 1
) AS s
LEFT JOIN "RoomCharges" AS r0 ON s."Id0" = r0."BookingId"
ORDER BY s."Id", s."Id0", s."Id1", s."Id2"
2026-04-23 14:53:17.462 +02:00 [INF] Executing OkObjectResult, writing value of type 'HotelBooking.API.Common.ApiResponse'.
2026-04-23 14:53:17.465 +02:00 [INF] Executed DbCommand (1ms) [Parameters=[@__userId_0='?' (DbType = Guid), @__p_2='?' (DbType = Int32), @__p_1='?' (DbType = Int32)], CommandType='"Text"', CommandTimeout='30']
SELECT n."Id", n."Title", n."Message", CASE n."Type"
    WHEN 1 THEN 'BookingCreated'
    WHEN 2 THEN 'BookingCancelled'
    WHEN 3 THEN 'CheckInCompleted'
    WHEN 4 THEN 'CheckOutCompleted'
    WHEN 5 THEN 'PaymentCompleted'
    WHEN 6 THEN 'HousekeepingUpdated'
    WHEN 7 THEN 'MaintenanceAlert'
    ELSE n."Type"::text
END, n."IsRead", n."CreatedAt"
FROM "Notifications" AS n
WHERE n."UserId" = @__userId_0
ORDER BY n."CreatedAt" DESC
LIMIT @__p_2 OFFSET @__p_1
2026-04-23 14:53:17.467 +02:00 [INF] Executing OkObjectResult, writing value of type 'HotelBooking.API.Common.ApiResponse'.
2026-04-23 14:53:17.468 +02:00 [INF] Executed action HotelBooking.API.Controllers.BookingsController.GetBookings (HotelBooking.API) in 18.9919ms
2026-04-23 14:53:17.470 +02:00 [INF] Executing OkObjectResult, writing value of type 'HotelBooking.API.Common.ApiResponse'.
2026-04-23 14:53:17.472 +02:00 [INF] Executed action HotelBooking.API.Controllers.InvoicesController.GetInvoice (HotelBooking.API) in 18.651ms
2026-04-23 14:53:17.473 +02:00 [INF] Executed endpoint 'HotelBooking.API.Controllers.BookingsController.GetBookings (HotelBooking.API)'
2026-04-23 14:53:17.474 +02:00 [INF] Executed action HotelBooking.API.Controllers.NotificationsController.GetNotifications (HotelBooking.API) in 23.1216ms
2026-04-23 14:53:17.476 +02:00 [INF] Executed endpoint 'HotelBooking.API.Controllers.InvoicesController.GetInvoice (HotelBooking.API)'
2026-04-23 14:53:17.477 +02:00 [INF] HTTP GET /api/bookings responded 200 in 41.0736 ms
2026-04-23 14:53:17.478 +02:00 [INF] Executed endpoint 'HotelBooking.API.Controllers.NotificationsController.GetNotifications (HotelBooking.API)'
2026-04-23 14:53:17.479 +02:00 [INF] HTTP GET /api/invoices/4a5453c4-2fec-4158-9b94-25b58b28080c responded 200 in 37.1830 ms
2026-04-23 14:53:17.481 +02:00 [INF] Request finished HTTP/1.1 GET http://localhost:5259/api/bookings?page=1&pageSize=100 - 200 null application/json; charset=utf-8 56.9013ms
2026-04-23 14:53:17.482 +02:00 [INF] HTTP GET /api/notifications responded 200 in 43.4987 ms
2026-04-23 14:53:17.484 +02:00 [INF] Request finished HTTP/1.1 GET http://localhost:5259/api/invoices/4a5453c4-2fec-4158-9b94-25b58b28080c - 200 null application/json; charset=utf-8 51.7395ms
2026-04-23 14:53:17.490 +02:00 [INF] Request finished HTTP/1.1 GET http://localhost:5259/api/notifications?pageNumber=1&pageSize=8 - 200 null application/json; charset=utf-8 60.3892ms
2026-04-23 14:53:22.744 +02:00 [INF] Request starting HTTP/1.1 OPTIONS http://localhost:5259/api/invoices/4a5453c4-2fec-4158-9b94-25b58b28080c/pdf - null null
2026-04-23 14:53:22.747 +02:00 [INF] CORS policy execution successful.
2026-04-23 14:53:22.748 +02:00 [INF] HTTP OPTIONS /api/invoices/4a5453c4-2fec-4158-9b94-25b58b28080c/pdf responded 204 in 0.6683 ms
2026-04-23 14:53:22.750 +02:00 [INF] Request finished HTTP/1.1 OPTIONS http://localhost:5259/api/invoices/4a5453c4-2fec-4158-9b94-25b58b28080c/pdf - 204 null null 6.0086ms
2026-04-23 14:53:22.753 +02:00 [INF] Request starting HTTP/1.1 GET http://localhost:5259/api/invoices/4a5453c4-2fec-4158-9b94-25b58b28080c/pdf - null null
2026-04-23 14:53:22.755 +02:00 [INF] CORS policy execution successful.
2026-04-23 14:53:22.756 +02:00 [INF] Executing endpoint 'HotelBooking.API.Controllers.InvoicesController.GetInvoicePdf (HotelBooking.API)'
2026-04-23 14:53:22.759 +02:00 [INF] Route matched with {action = "GetInvoicePdf", controller = "Invoices"}. Executing controller action with signature System.Threading.Tasks.Task`1[Microsoft.AspNetCore.Mvc.IActionResult] GetInvoicePdf(System.Guid, System.Threading.CancellationToken) on controller HotelBooking.API.Controllers.InvoicesController (HotelBooking.API).
2026-04-23 14:53:22.765 +02:00 [INF] Executed DbCommand (1ms) [Parameters=[@__bookingId_0='?' (DbType = Guid)], CommandType='"Text"', CommandTimeout='30']
SELECT s."Id", s."ActualCheckIn", s."ActualCheckOut", s."BookingCode", s."CheckInDate", s."CheckOutDate", s."CreatedAt", s."GuestCount", s."PaymentMethod", s."RoomId", s."SpecialRequests", s."Status", s."TotalAmount", s."UpdatedAt", s."UserId", s."Id0", s."CreatedAt0", s."Email", s."FullName", s."IsActive", s."PasswordHash", s."RoleId", s."UpdatedAt0", s."Id1", s."Amenities", s."BedCount", s."CreatedAt1", s."FloorNumber", s."PricePerNight", s."RoomNumber", s."Status0", s."Type", s."UpdatedAt1", s."Id2", r0."Id", r0."Amount", r0."BookingId", r0."CreatedAt", r0."Description", r0."UpdatedAt", s."BookingId", s."CreatedAt2", s."InvoiceNumber", s."IssuedAt", s."Subtotal", s."TaxAmount", s."TaxRate", s."TotalAmount0", s."UpdatedAt2"
FROM (
    SELECT b."Id", b."ActualCheckIn", b."ActualCheckOut", b."BookingCode", b."CheckInDate", b."CheckOutDate", b."CreatedAt", b."GuestCount", b."PaymentMethod", b."RoomId", b."SpecialRequests", b."Status", b."TotalAmount", b."UpdatedAt", b."UserId", u."Id" AS "Id0", u."CreatedAt" AS "CreatedAt0", u."Email", u."FullName", u."IsActive", u."PasswordHash", u."RoleId", u."UpdatedAt" AS "UpdatedAt0", r."Id" AS "Id1", r."Amenities", r."BedCount", r."CreatedAt" AS "CreatedAt1", r."FloorNumber", r."PricePerNight", r."RoomNumber", r."Status" AS "Status0", r."Type", r."UpdatedAt" AS "UpdatedAt1", i."Id" AS "Id2", i."BookingId", i."CreatedAt" AS "CreatedAt2", i."InvoiceNumber", i."IssuedAt", i."Subtotal", i."TaxAmount", i."TaxRate", i."TotalAmount" AS "TotalAmount0", i."UpdatedAt" AS "UpdatedAt2"
    FROM "Bookings" AS b
    INNER JOIN "Users" AS u ON b."UserId" = u."Id"
    INNER JOIN "Rooms" AS r ON b."RoomId" = r."Id"
    LEFT JOIN "Invoices" AS i ON b."Id" = i."BookingId"
    WHERE b."Id" = @__bookingId_0
    LIMIT 1
) AS s
LEFT JOIN "RoomCharges" AS r0 ON s."Id" = r0."BookingId"
ORDER BY s."Id", s."Id0", s."Id1", s."Id2"
2026-04-23 14:53:22.769 +02:00 [INF] Executed DbCommand (1ms) [Parameters=[@__booking_Invoice_Id_0='?' (DbType = Guid)], CommandType='"Text"', CommandTimeout='30']
SELECT s."Id", s."BookingId", s."CreatedAt", s."InvoiceNumber", s."IssuedAt", s."Subtotal", s."TaxAmount", s."TaxRate", s."TotalAmount", s."UpdatedAt", s."Id0", s."ActualCheckIn", s."ActualCheckOut", s."BookingCode", s."CheckInDate", s."CheckOutDate", s."CreatedAt0", s."GuestCount", s."PaymentMethod", s."RoomId", s."SpecialRequests", s."Status", s."TotalAmount0", s."UpdatedAt0", s."UserId", s."Id1", s."CreatedAt1", s."Email", s."FullName", s."IsActive", s."PasswordHash", s."RoleId", s."UpdatedAt1", s."Id2", s."Amenities", s."BedCount", s."CreatedAt2", s."FloorNumber", s."PricePerNight", s."RoomNumber", s."Status0", s."Type", s."UpdatedAt2", r0."Id", r0."Amount", r0."BookingId", r0."CreatedAt", r0."Description", r0."UpdatedAt"
FROM (
    SELECT i."Id", i."BookingId", i."CreatedAt", i."InvoiceNumber", i."IssuedAt", i."Subtotal", i."TaxAmount", i."TaxRate", i."TotalAmount", i."UpdatedAt", b."Id" AS "Id0", b."ActualCheckIn", b."ActualCheckOut", b."BookingCode", b."CheckInDate", b."CheckOutDate", b."CreatedAt" AS "CreatedAt0", b."GuestCount", b."PaymentMethod", b."RoomId", b."SpecialRequests", b."Status", b."TotalAmount" AS "TotalAmount0", b."UpdatedAt" AS "UpdatedAt0", b."UserId", u."Id" AS "Id1", u."CreatedAt" AS "CreatedAt1", u."Email", u."FullName", u."IsActive", u."PasswordHash", u."RoleId", u."UpdatedAt" AS "UpdatedAt1", r."Id" AS "Id2", r."Amenities", r."BedCount", r."CreatedAt" AS "CreatedAt2", r."FloorNumber", r."PricePerNight", r."RoomNumber", r."Status" AS "Status0", r."Type", r."UpdatedAt" AS "UpdatedAt2"
    FROM "Invoices" AS i
    INNER JOIN "Bookings" AS b ON i."BookingId" = b."Id"
    INNER JOIN "Users" AS u ON b."UserId" = u."Id"
    INNER JOIN "Rooms" AS r ON b."RoomId" = r."Id"
    WHERE i."Id" = @__booking_Invoice_Id_0
    LIMIT 1
) AS s
LEFT JOIN "RoomCharges" AS r0 ON s."Id0" = r0."BookingId"
ORDER BY s."Id", s."Id0", s."Id1", s."Id2"
2026-04-23 14:53:22.773 +02:00 [INF] Executed DbCommand (1ms) [Parameters=[@__bookingId_0='?' (DbType = Guid)], CommandType='"Text"', CommandTimeout='30']
SELECT s."Id", s."ActualCheckIn", s."ActualCheckOut", s."BookingCode", s."CheckInDate", s."CheckOutDate", s."CreatedAt", s."GuestCount", s."PaymentMethod", s."RoomId", s."SpecialRequests", s."Status", s."TotalAmount", s."UpdatedAt", s."UserId", s."Id0", s."CreatedAt0", s."Email", s."FullName", s."IsActive", s."PasswordHash", s."RoleId", s."UpdatedAt0", s."Id1", s."Amenities", s."BedCount", s."CreatedAt1", s."FloorNumber", s."PricePerNight", s."RoomNumber", s."Status0", s."Type", s."UpdatedAt1", s."Id2", r0."Id", r0."Amount", r0."BookingId", r0."CreatedAt", r0."Description", r0."UpdatedAt", s."BookingId", s."CreatedAt2", s."InvoiceNumber", s."IssuedAt", s."Subtotal", s."TaxAmount", s."TaxRate", s."TotalAmount0", s."UpdatedAt2"
FROM (
    SELECT b."Id", b."ActualCheckIn", b."ActualCheckOut", b."BookingCode", b."CheckInDate", b."CheckOutDate", b."CreatedAt", b."GuestCount", b."PaymentMethod", b."RoomId", b."SpecialRequests", b."Status", b."TotalAmount", b."UpdatedAt", b."UserId", u."Id" AS "Id0", u."CreatedAt" AS "CreatedAt0", u."Email", u."FullName", u."IsActive", u."PasswordHash", u."RoleId", u."UpdatedAt" AS "UpdatedAt0", r."Id" AS "Id1", r."Amenities", r."BedCount", r."CreatedAt" AS "CreatedAt1", r."FloorNumber", r."PricePerNight", r."RoomNumber", r."Status" AS "Status0", r."Type", r."UpdatedAt" AS "UpdatedAt1", i."Id" AS "Id2", i."BookingId", i."CreatedAt" AS "CreatedAt2", i."InvoiceNumber", i."IssuedAt", i."Subtotal", i."TaxAmount", i."TaxRate", i."TotalAmount" AS "TotalAmount0", i."UpdatedAt" AS "UpdatedAt2"
    FROM "Bookings" AS b
    INNER JOIN "Users" AS u ON b."UserId" = u."Id"
    INNER JOIN "Rooms" AS r ON b."RoomId" = r."Id"
    LEFT JOIN "Invoices" AS i ON b."Id" = i."BookingId"
    WHERE b."Id" = @__bookingId_0
    LIMIT 1
) AS s
LEFT JOIN "RoomCharges" AS r0 ON s."Id" = r0."BookingId"
ORDER BY s."Id", s."Id0", s."Id1", s."Id2"
2026-04-23 14:53:22.777 +02:00 [INF] Executed DbCommand (1ms) [Parameters=[@__booking_Invoice_Id_0='?' (DbType = Guid)], CommandType='"Text"', CommandTimeout='30']
SELECT s."Id", s."BookingId", s."CreatedAt", s."InvoiceNumber", s."IssuedAt", s."Subtotal", s."TaxAmount", s."TaxRate", s."TotalAmount", s."UpdatedAt", s."Id0", s."ActualCheckIn", s."ActualCheckOut", s."BookingCode", s."CheckInDate", s."CheckOutDate", s."CreatedAt0", s."GuestCount", s."PaymentMethod", s."RoomId", s."SpecialRequests", s."Status", s."TotalAmount0", s."UpdatedAt0", s."UserId", s."Id1", s."CreatedAt1", s."Email", s."FullName", s."IsActive", s."PasswordHash", s."RoleId", s."UpdatedAt1", s."Id2", s."Amenities", s."BedCount", s."CreatedAt2", s."FloorNumber", s."PricePerNight", s."RoomNumber", s."Status0", s."Type", s."UpdatedAt2", r0."Id", r0."Amount", r0."BookingId", r0."CreatedAt", r0."Description", r0."UpdatedAt"
FROM (
    SELECT i."Id", i."BookingId", i."CreatedAt", i."InvoiceNumber", i."IssuedAt", i."Subtotal", i."TaxAmount", i."TaxRate", i."TotalAmount", i."UpdatedAt", b."Id" AS "Id0", b."ActualCheckIn", b."ActualCheckOut", b."BookingCode", b."CheckInDate", b."CheckOutDate", b."CreatedAt" AS "CreatedAt0", b."GuestCount", b."PaymentMethod", b."RoomId", b."SpecialRequests", b."Status", b."TotalAmount" AS "TotalAmount0", b."UpdatedAt" AS "UpdatedAt0", b."UserId", u."Id" AS "Id1", u."CreatedAt" AS "CreatedAt1", u."Email", u."FullName", u."IsActive", u."PasswordHash", u."RoleId", u."UpdatedAt" AS "UpdatedAt1", r."Id" AS "Id2", r."Amenities", r."BedCount", r."CreatedAt" AS "CreatedAt2", r."FloorNumber", r."PricePerNight", r."RoomNumber", r."Status" AS "Status0", r."Type", r."UpdatedAt" AS "UpdatedAt2"
    FROM "Invoices" AS i
    INNER JOIN "Bookings" AS b ON i."BookingId" = b."Id"
    INNER JOIN "Users" AS u ON b."UserId" = u."Id"
    INNER JOIN "Rooms" AS r ON b."RoomId" = r."Id"
    WHERE i."Id" = @__booking_Invoice_Id_0
    LIMIT 1
) AS s
LEFT JOIN "RoomCharges" AS r0 ON s."Id0" = r0."BookingId"
ORDER BY s."Id", s."Id0", s."Id1", s."Id2"
2026-04-23 14:53:23.214 +02:00 [INF] Executed action HotelBooking.API.Controllers.InvoicesController.GetInvoicePdf (HotelBooking.API) in 453.1048ms
2026-04-23 14:53:23.216 +02:00 [INF] Executed endpoint 'HotelBooking.API.Controllers.InvoicesController.GetInvoicePdf (HotelBooking.API)'
2026-04-23 14:53:23.218 +02:00 [ERR] Unhandled exception. TraceId=0HNL16S4U50TT:0000000A StatusCode=500 Method=GET Path=/api/invoices/4a5453c4-2fec-4158-9b94-25b58b28080c/pdf
System.Exception: 



Welcome to QuestPDF! 👋 

QuestPDF is an open-source library committed to long-term sustainability and continuous improvement. 

To maintain high-quality development and support while keeping the library free for most users, we use a fair pricing model where only larger organizations help by providing necessary funding for the project. 

If your organization’s annual gross revenue exceeds $1M USD, a Commercial License is required for production use (you can freely evaluate and test QuestPDF in non-production environments at no cost). In that case, please share this information with your team or management. By purchasing a license, you directly contribute to the ongoing development and reliability of QuestPDF. 

For details on the license types and determining which applies to you, please visit: https://www.questpdf.com/license/ 

We trust our users. To continue, no license key is needed. Instead, simply select and configure the appropriate license in your code. For example, if you qualify for the Community license, add: 

> QuestPDF.Settings.License = LicenseType.Community; 

Thank you for supporting QuestPDF! ❤️ By choosing the right license, you help ensure that our project remains transparent, sustainable, and continuously improving for everyone. 🚀 




   at QuestPDF.Drawing.DocumentGenerator.ValidateLicense()
   at QuestPDF.Drawing.DocumentGenerator.GeneratePdf(SkWriteStream stream, IDocument document)
   at QuestPDF.Fluent.GenerateExtensions.GeneratePdf(IDocument document)
   at HotelBooking.Infrastructure.Services.InvoicePdfService.GeneratePdf(InvoiceResponse invoice) in C:\Users\Flori\Desktop\HBS\backend\src\HotelBooking.Infrastructure\Services\InvoicePdfService.cs:line 13
   at HotelBooking.Application.Features.Payments.InvoiceService.GetPdfByBookingIdAsync(Guid bookingId, CancellationToken cancellationToken) in C:\Users\Flori\Desktop\HBS\backend\src\HotelBooking.Application\Features\Payments\InvoiceService.cs:line 26
   at HotelBooking.API.Controllers.InvoicesController.GetInvoicePdf(Guid bookingId, CancellationToken ct) in C:\Users\Flori\Desktop\HBS\backend\src\HotelBooking.API\Controllers\InvoicesController.cs:line 21
   at Microsoft.AspNetCore.Mvc.Infrastructure.ActionMethodExecutor.TaskOfIActionResultExecutor.Execute(ActionContext actionContext, IActionResultTypeMapper mapper, ObjectMethodExecutor executor, Object controller, Object[] arguments)
   at Microsoft.AspNetCore.Mvc.Infrastructure.ControllerActionInvoker.<InvokeActionMethodAsync>g__Awaited|12_0(ControllerActionInvoker invoker, ValueTask`1 actionResultValueTask)
   at Microsoft.AspNetCore.Mvc.Infrastructure.ControllerActionInvoker.<InvokeNextActionFilterAsync>g__Awaited|10_0(ControllerActionInvoker invoker, Task lastTask, State next, Scope scope, Object state, Boolean isCompleted)
   at Microsoft.AspNetCore.Mvc.Infrastructure.ControllerActionInvoker.Rethrow(ActionExecutedContextSealed context)
   at Microsoft.AspNetCore.Mvc.Infrastructure.ControllerActionInvoker.Next(State& next, Scope& scope, Object& state, Boolean& isCompleted)
   at Microsoft.AspNetCore.Mvc.Infrastructure.ControllerActionInvoker.<InvokeInnerFilterAsync>g__Awaited|13_0(ControllerActionInvoker invoker, Task lastTask, State next, Scope scope, Object state, Boolean isCompleted)
   at Microsoft.AspNetCore.Mvc.Infrastructure.ResourceInvoker.<InvokeFilterPipelineAsync>g__Awaited|20_0(ResourceInvoker invoker, Task lastTask, State next, Scope scope, Object state, Boolean isCompleted)
   at Microsoft.AspNetCore.Mvc.Infrastructure.ResourceInvoker.<InvokeAsync>g__Logged|17_1(ResourceInvoker invoker)
   at Microsoft.AspNetCore.Mvc.Infrastructure.ResourceInvoker.<InvokeAsync>g__Logged|17_1(ResourceInvoker invoker)
   at Microsoft.AspNetCore.Routing.EndpointMiddleware.<Invoke>g__AwaitRequestTask|7_0(Endpoint endpoint, Task requestTask, ILogger logger)
   at Microsoft.AspNetCore.Authorization.AuthorizationMiddleware.Invoke(HttpContext context)
   at Microsoft.AspNetCore.Authentication.AuthenticationMiddleware.Invoke(HttpContext context)
   at HotelBooking.API.Middleware.ExceptionHandlingMiddleware.Invoke(HttpContext context) in C:\Users\Flori\Desktop\HBS\backend\src\HotelBooking.API\Middleware\ExceptionHandlingMiddleware.cs:line 17
2026-04-23 14:53:23.237 +02:00 [ERR] HTTP GET /api/invoices/4a5453c4-2fec-4158-9b94-25b58b28080c/pdf responded 500 in 481.5096 ms
2026-04-23 14:53:23.239 +02:00 [INF] Request finished HTTP/1.1 GET http://localhost:5259/api/invoices/4a5453c4-2fec-4158-9b94-25b58b28080c/pdf - 500 null application/json 486.3196ms
2026-04-23 14:53:26.460 +02:00 [INF] Request starting HTTP/1.1 OPTIONS http://localhost:5259/api/staff?page=1&pageSize=50 - null null
2026-04-23 14:53:26.465 +02:00 [INF] CORS policy execution successful.
2026-04-23 14:53:26.466 +02:00 [INF] HTTP OPTIONS /api/staff responded 204 in 1.1045 ms
2026-04-23 14:53:26.468 +02:00 [INF] Request finished HTTP/1.1 OPTIONS http://localhost:5259/api/staff?page=1&pageSize=50 - 204 null null 8.3243ms
2026-04-23 14:53:26.473 +02:00 [INF] Request starting HTTP/1.1 GET http://localhost:5259/api/staff?page=1&pageSize=50 - null null
2026-04-23 14:53:26.476 +02:00 [INF] CORS policy execution successful.
2026-04-23 14:53:26.477 +02:00 [INF] Executing endpoint 'HotelBooking.API.Controllers.StaffController.GetAll (HotelBooking.API)'
2026-04-23 14:53:26.482 +02:00 [INF] Route matched with {action = "GetAll", controller = "Staff"}. Executing controller action with signature System.Threading.Tasks.Task`1[Microsoft.AspNetCore.Mvc.IActionResult] GetAll(System.String, System.Nullable`1[System.Boolean], System.String, Int32, Int32, System.Threading.CancellationToken) on controller HotelBooking.API.Controllers.StaffController (HotelBooking.API).
2026-04-23 14:53:26.496 +02:00 [INF] Executed DbCommand (1ms) [Parameters=[], CommandType='"Text"', CommandTimeout='30']
SELECT count(*)::int
FROM "Users" AS u
INNER JOIN "Roles" AS r ON u."RoleId" = r."Id"
WHERE r."Name" IN ('Admin', 'Manager', 'Receptionist', 'Housekeeper')
2026-04-23 14:53:26.507 +02:00 [INF] Executed DbCommand (1ms) [Parameters=[@__p_1='?' (DbType = Int32), @__p_0='?' (DbType = Int32)], CommandType='"Text"', CommandTimeout='30']
SELECT u."Id", u."FullName", u."Email", r."Name", u."IsActive", u."CreatedAt"
FROM "Users" AS u
INNER JOIN "Roles" AS r ON u."RoleId" = r."Id"
WHERE r."Name" IN ('Admin', 'Manager', 'Receptionist', 'Housekeeper')
ORDER BY r."Name", u."FullName"
LIMIT @__p_1 OFFSET @__p_0
2026-04-23 14:53:26.509 +02:00 [INF] Executing OkObjectResult, writing value of type 'HotelBooking.API.Common.ApiResponse'.
2026-04-23 14:53:26.513 +02:00 [INF] Executed action HotelBooking.API.Controllers.StaffController.GetAll (HotelBooking.API) in 28.6338ms
2026-04-23 14:53:26.515 +02:00 [INF] Executed endpoint 'HotelBooking.API.Controllers.StaffController.GetAll (HotelBooking.API)'
2026-04-23 14:53:26.515 +02:00 [INF] HTTP GET /api/staff responded 200 in 39.3252 ms
2026-04-23 14:53:26.518 +02:00 [INF] Request finished HTTP/1.1 GET http://localhost:5259/api/staff?page=1&pageSize=50 - 200 null application/json; charset=utf-8 44.7443ms
2026-04-23 14:53:38.188 +02:00 [INF] Request starting HTTP/1.1 OPTIONS http://localhost:5259/api/notifications/read-all - null null
2026-04-23 14:53:38.192 +02:00 [INF] CORS policy execution successful.
2026-04-23 14:53:38.193 +02:00 [INF] HTTP OPTIONS /api/notifications/read-all responded 204 in 1.0374 ms
2026-04-23 14:53:38.196 +02:00 [INF] Request finished HTTP/1.1 OPTIONS http://localhost:5259/api/notifications/read-all - 204 null null 7.5611ms
2026-04-23 14:53:38.200 +02:00 [INF] Request starting HTTP/1.1 PUT http://localhost:5259/api/notifications/read-all - null 0
2026-04-23 14:53:38.203 +02:00 [INF] CORS policy execution successful.
2026-04-23 14:53:38.204 +02:00 [INF] Executing endpoint 'HotelBooking.API.Controllers.NotificationsController.MarkAllAsRead (HotelBooking.API)'
2026-04-23 14:53:38.207 +02:00 [INF] Route matched with {action = "MarkAllAsRead", controller = "Notifications"}. Executing controller action with signature System.Threading.Tasks.Task`1[Microsoft.AspNetCore.Mvc.IActionResult] MarkAllAsRead(System.Threading.CancellationToken) on controller HotelBooking.API.Controllers.NotificationsController (HotelBooking.API).
2026-04-23 14:53:38.226 +02:00 [INF] Executed DbCommand (2ms) [Parameters=[@__userId_0='?' (DbType = Guid)], CommandType='"Text"', CommandTimeout='30']
UPDATE "Notifications" AS n
SET "IsRead" = TRUE
WHERE n."UserId" = @__userId_0 AND NOT (n."IsRead")
2026-04-23 14:53:38.230 +02:00 [INF] Executing StatusCodeResult, setting HTTP status code 204
2026-04-23 14:53:38.231 +02:00 [INF] Executed action HotelBooking.API.Controllers.NotificationsController.MarkAllAsRead (HotelBooking.API) in 21.1334ms
2026-04-23 14:53:38.233 +02:00 [INF] Executed endpoint 'HotelBooking.API.Controllers.NotificationsController.MarkAllAsRead (HotelBooking.API)'
2026-04-23 14:53:38.234 +02:00 [INF] HTTP PUT /api/notifications/read-all responded 204 in 31.0415 ms
2026-04-23 14:53:38.236 +02:00 [INF] Request finished HTTP/1.1 PUT http://localhost:5259/api/notifications/read-all - 204 null null 35.9019ms
2026-04-23 14:53:38.239 +02:00 [INF] Request starting HTTP/1.1 OPTIONS http://localhost:5259/api/notifications?pageNumber=1&pageSize=8 - null null
2026-04-23 14:53:38.242 +02:00 [INF] CORS policy execution successful.
2026-04-23 14:53:38.242 +02:00 [INF] HTTP OPTIONS /api/notifications responded 204 in 0.7095 ms
2026-04-23 14:53:38.245 +02:00 [INF] Request finished HTTP/1.1 OPTIONS http://localhost:5259/api/notifications?pageNumber=1&pageSize=8 - 204 null null 5.1272ms
2026-04-23 14:53:38.248 +02:00 [INF] Request starting HTTP/1.1 GET http://localhost:5259/api/notifications?pageNumber=1&pageSize=8 - null null
2026-04-23 14:53:38.250 +02:00 [INF] CORS policy execution successful.
2026-04-23 14:53:38.251 +02:00 [INF] Executing endpoint 'HotelBooking.API.Controllers.NotificationsController.GetNotifications (HotelBooking.API)'
2026-04-23 14:53:38.253 +02:00 [INF] Route matched with {action = "GetNotifications", controller = "Notifications"}. Executing controller action with signature System.Threading.Tasks.Task`1[Microsoft.AspNetCore.Mvc.IActionResult] GetNotifications(Boolean, Int32, Int32, System.Threading.CancellationToken) on controller HotelBooking.API.Controllers.NotificationsController (HotelBooking.API).
2026-04-23 14:53:38.255 +02:00 [INF] Executed DbCommand (1ms) [Parameters=[@__userId_0='?' (DbType = Guid)], CommandType='"Text"', CommandTimeout='30']
SELECT count(*)::int
FROM "Notifications" AS n
WHERE n."UserId" = @__userId_0 AND NOT (n."IsRead")
2026-04-23 14:53:38.258 +02:00 [INF] Executed DbCommand (0ms) [Parameters=[@__userId_0='?' (DbType = Guid)], CommandType='"Text"', CommandTimeout='30']
SELECT count(*)::int
FROM "Notifications" AS n
WHERE n."UserId" = @__userId_0
2026-04-23 14:53:38.261 +02:00 [INF] Executed DbCommand (0ms) [Parameters=[@__userId_0='?' (DbType = Guid), @__p_2='?' (DbType = Int32), @__p_1='?' (DbType = Int32)], CommandType='"Text"', CommandTimeout='30']
SELECT n."Id", n."Title", n."Message", CASE n."Type"
    WHEN 1 THEN 'BookingCreated'
    WHEN 2 THEN 'BookingCancelled'
    WHEN 3 THEN 'CheckInCompleted'
    WHEN 4 THEN 'CheckOutCompleted'
    WHEN 5 THEN 'PaymentCompleted'
    WHEN 6 THEN 'HousekeepingUpdated'
    WHEN 7 THEN 'MaintenanceAlert'
    ELSE n."Type"::text
END, n."IsRead", n."CreatedAt"
FROM "Notifications" AS n
WHERE n."UserId" = @__userId_0
ORDER BY n."CreatedAt" DESC
LIMIT @__p_2 OFFSET @__p_1
2026-04-23 14:53:38.264 +02:00 [INF] Executing OkObjectResult, writing value of type 'HotelBooking.API.Common.ApiResponse'.
2026-04-23 14:53:38.265 +02:00 [INF] Executed action HotelBooking.API.Controllers.NotificationsController.GetNotifications (HotelBooking.API) in 11.019ms
2026-04-23 14:53:38.267 +02:00 [INF] Executed endpoint 'HotelBooking.API.Controllers.NotificationsController.GetNotifications (HotelBooking.API)'
2026-04-23 14:53:38.268 +02:00 [INF] HTTP GET /api/notifications responded 200 in 17.5925 ms
2026-04-23 14:53:38.270 +02:00 [INF] Request finished HTTP/1.1 GET http://localhost:5259/api/notifications?pageNumber=1&pageSize=8 - 200 null application/json; charset=utf-8 22.1128ms
2026-04-23 14:53:38.880 +02:00 [INF] Request starting HTTP/1.1 OPTIONS http://localhost:5259/api/notifications/read-all - null null
2026-04-23 14:53:38.885 +02:00 [INF] CORS policy execution successful.
2026-04-23 14:53:38.886 +02:00 [INF] HTTP OPTIONS /api/notifications/read-all responded 204 in 0.8071 ms
2026-04-23 14:53:38.888 +02:00 [INF] Request finished HTTP/1.1 OPTIONS http://localhost:5259/api/notifications/read-all - 204 null null 7.4954ms
2026-04-23 14:53:38.891 +02:00 [INF] Request starting HTTP/1.1 PUT http://localhost:5259/api/notifications/read-all - null 0
2026-04-23 14:53:38.894 +02:00 [INF] CORS policy execution successful.
2026-04-23 14:53:38.895 +02:00 [INF] Executing endpoint 'HotelBooking.API.Controllers.NotificationsController.MarkAllAsRead (HotelBooking.API)'
2026-04-23 14:53:38.896 +02:00 [INF] Route matched with {action = "MarkAllAsRead", controller = "Notifications"}. Executing controller action with signature System.Threading.Tasks.Task`1[Microsoft.AspNetCore.Mvc.IActionResult] MarkAllAsRead(System.Threading.CancellationToken) on controller HotelBooking.API.Controllers.NotificationsController (HotelBooking.API).
2026-04-23 14:53:38.899 +02:00 [INF] Executed DbCommand (1ms) [Parameters=[@__userId_0='?' (DbType = Guid)], CommandType='"Text"', CommandTimeout='30']
UPDATE "Notifications" AS n
SET "IsRead" = TRUE
WHERE n."UserId" = @__userId_0 AND NOT (n."IsRead")
2026-04-23 14:53:38.902 +02:00 [INF] Executing StatusCodeResult, setting HTTP status code 204
2026-04-23 14:53:38.903 +02:00 [INF] Executed action HotelBooking.API.Controllers.NotificationsController.MarkAllAsRead (HotelBooking.API) in 5.0929ms
2026-04-23 14:53:38.904 +02:00 [INF] Executed endpoint 'HotelBooking.API.Controllers.NotificationsController.MarkAllAsRead (HotelBooking.API)'
2026-04-23 14:53:38.905 +02:00 [INF] HTTP PUT /api/notifications/read-all responded 204 in 11.2027 ms
2026-04-23 14:53:38.907 +02:00 [INF] Request finished HTTP/1.1 PUT http://localhost:5259/api/notifications/read-all - 204 null null 15.7647ms
2026-04-23 14:53:38.909 +02:00 [INF] Request starting HTTP/1.1 OPTIONS http://localhost:5259/api/notifications?pageNumber=1&pageSize=8 - null null
2026-04-23 14:53:38.912 +02:00 [INF] CORS policy execution successful.
2026-04-23 14:53:38.913 +02:00 [INF] HTTP OPTIONS /api/notifications responded 204 in 0.8384 ms
2026-04-23 14:53:38.914 +02:00 [INF] Request finished HTTP/1.1 OPTIONS http://localhost:5259/api/notifications?pageNumber=1&pageSize=8 - 204 null null 4.9599ms
2026-04-23 14:53:38.918 +02:00 [INF] Request starting HTTP/1.1 GET http://localhost:5259/api/notifications?pageNumber=1&pageSize=8 - null null
2026-04-23 14:53:38.920 +02:00 [INF] CORS policy execution successful.
2026-04-23 14:53:38.921 +02:00 [INF] Executing endpoint 'HotelBooking.API.Controllers.NotificationsController.GetNotifications (HotelBooking.API)'
2026-04-23 14:53:38.922 +02:00 [INF] Route matched with {action = "GetNotifications", controller = "Notifications"}. Executing controller action with signature System.Threading.Tasks.Task`1[Microsoft.AspNetCore.Mvc.IActionResult] GetNotifications(Boolean, Int32, Int32, System.Threading.CancellationToken) on controller HotelBooking.API.Controllers.NotificationsController (HotelBooking.API).
2026-04-23 14:53:38.924 +02:00 [INF] Executed DbCommand (0ms) [Parameters=[@__userId_0='?' (DbType = Guid)], CommandType='"Text"', CommandTimeout='30']
SELECT count(*)::int
FROM "Notifications" AS n
WHERE n."UserId" = @__userId_0 AND NOT (n."IsRead")
2026-04-23 14:53:38.927 +02:00 [INF] Executed DbCommand (0ms) [Parameters=[@__userId_0='?' (DbType = Guid)], CommandType='"Text"', CommandTimeout='30']
SELECT count(*)::int
FROM "Notifications" AS n
WHERE n."UserId" = @__userId_0
2026-04-23 14:53:38.929 +02:00 [INF] Executed DbCommand (1ms) [Parameters=[@__userId_0='?' (DbType = Guid), @__p_2='?' (DbType = Int32), @__p_1='?' (DbType = Int32)], CommandType='"Text"', CommandTimeout='30']
SELECT n."Id", n."Title", n."Message", CASE n."Type"
    WHEN 1 THEN 'BookingCreated'
    WHEN 2 THEN 'BookingCancelled'
    WHEN 3 THEN 'CheckInCompleted'
    WHEN 4 THEN 'CheckOutCompleted'
    WHEN 5 THEN 'PaymentCompleted'
    WHEN 6 THEN 'HousekeepingUpdated'
    WHEN 7 THEN 'MaintenanceAlert'
    ELSE n."Type"::text
END, n."IsRead", n."CreatedAt"
FROM "Notifications" AS n
WHERE n."UserId" = @__userId_0
ORDER BY n."CreatedAt" DESC
LIMIT @__p_2 OFFSET @__p_1
2026-04-23 14:53:38.932 +02:00 [INF] Executing OkObjectResult, writing value of type 'HotelBooking.API.Common.ApiResponse'.
2026-04-23 14:53:38.933 +02:00 [INF] Executed action HotelBooking.API.Controllers.NotificationsController.GetNotifications (HotelBooking.API) in 9.6814ms
2026-04-23 14:53:38.934 +02:00 [INF] Executed endpoint 'HotelBooking.API.Controllers.NotificationsController.GetNotifications (HotelBooking.API)'
2026-04-23 14:53:38.936 +02:00 [INF] HTTP GET /api/notifications responded 200 in 15.7871 ms
2026-04-23 14:53:38.937 +02:00 [INF] Request finished HTTP/1.1 GET http://localhost:5259/api/notifications?pageNumber=1&pageSize=8 - 200 null application/json; charset=utf-8 19.6988ms
2026-04-23 14:53:43.777 +02:00 [INF] Request starting HTTP/1.1 OPTIONS http://localhost:5259/api/dashboard/summary - null null
2026-04-23 14:53:43.778 +02:00 [INF] Request starting HTTP/1.1 OPTIONS http://localhost:5259/api/dashboard/recent-bookings?count=5 - null null
2026-04-23 14:53:43.778 +02:00 [INF] Request starting HTTP/1.1 OPTIONS http://localhost:5259/api/dashboard/occupancy - null null
2026-04-23 14:53:43.778 +02:00 [INF] Request starting HTTP/1.1 OPTIONS http://localhost:5259/api/dashboard/activity-feed?count=6 - null null
2026-04-23 14:53:43.781 +02:00 [INF] CORS policy execution successful.
2026-04-23 14:53:43.784 +02:00 [INF] CORS policy execution successful.
2026-04-23 14:53:43.787 +02:00 [INF] CORS policy execution successful.
2026-04-23 14:53:43.790 +02:00 [INF] CORS policy execution successful.
2026-04-23 14:53:43.791 +02:00 [INF] HTTP OPTIONS /api/dashboard/summary responded 204 in 9.9653 ms
2026-04-23 14:53:43.792 +02:00 [INF] HTTP OPTIONS /api/dashboard/recent-bookings responded 204 in 7.8872 ms
2026-04-23 14:53:43.793 +02:00 [INF] HTTP OPTIONS /api/dashboard/occupancy responded 204 in 6.2850 ms
2026-04-23 14:53:43.794 +02:00 [INF] HTTP OPTIONS /api/dashboard/activity-feed responded 204 in 4.2688 ms
2026-04-23 14:53:43.796 +02:00 [INF] Request finished HTTP/1.1 OPTIONS http://localhost:5259/api/dashboard/summary - 204 null null 19.255ms
2026-04-23 14:53:43.798 +02:00 [INF] Request finished HTTP/1.1 OPTIONS http://localhost:5259/api/dashboard/recent-bookings?count=5 - 204 null null 20.5525ms
2026-04-23 14:53:43.800 +02:00 [INF] Request finished HTTP/1.1 OPTIONS http://localhost:5259/api/dashboard/occupancy - 204 null null 22.0658ms
2026-04-23 14:53:43.802 +02:00 [INF] Request finished HTTP/1.1 OPTIONS http://localhost:5259/api/dashboard/activity-feed?count=6 - 204 null null 24.2106ms
2026-04-23 14:53:43.806 +02:00 [INF] Request starting HTTP/1.1 GET http://localhost:5259/api/dashboard/summary - null null
2026-04-23 14:53:43.809 +02:00 [INF] Request starting HTTP/1.1 GET http://localhost:5259/api/dashboard/recent-bookings?count=5 - null null
2026-04-23 14:53:43.812 +02:00 [INF] Request starting HTTP/1.1 GET http://localhost:5259/api/dashboard/occupancy - null null
2026-04-23 14:53:43.815 +02:00 [INF] Request starting HTTP/1.1 GET http://localhost:5259/api/dashboard/activity-feed?count=6 - null null
2026-04-23 14:53:43.818 +02:00 [INF] CORS policy execution successful.
2026-04-23 14:53:43.820 +02:00 [INF] CORS policy execution successful.
2026-04-23 14:53:43.824 +02:00 [INF] CORS policy execution successful.
2026-04-23 14:53:43.826 +02:00 [INF] CORS policy execution successful.
2026-04-23 14:53:43.827 +02:00 [INF] Executing endpoint 'HotelBooking.API.Controllers.DashboardController.GetSummary (HotelBooking.API)'
2026-04-23 14:53:43.828 +02:00 [INF] Executing endpoint 'HotelBooking.API.Controllers.DashboardController.GetRecentBookings (HotelBooking.API)'
2026-04-23 14:53:43.829 +02:00 [INF] Executing endpoint 'HotelBooking.API.Controllers.DashboardController.GetOccupancy (HotelBooking.API)'
2026-04-23 14:53:43.830 +02:00 [INF] Executing endpoint 'HotelBooking.API.Controllers.DashboardController.GetActivityFeed (HotelBooking.API)'
2026-04-23 14:53:43.831 +02:00 [INF] Route matched with {action = "GetSummary", controller = "Dashboard"}. Executing controller action with signature System.Threading.Tasks.Task`1[Microsoft.AspNetCore.Mvc.IActionResult] GetSummary(System.Threading.CancellationToken) on controller HotelBooking.API.Controllers.DashboardController (HotelBooking.API).
2026-04-23 14:53:43.832 +02:00 [INF] Route matched with {action = "GetRecentBookings", controller = "Dashboard"}. Executing controller action with signature System.Threading.Tasks.Task`1[Microsoft.AspNetCore.Mvc.IActionResult] GetRecentBookings(Int32, System.Threading.CancellationToken) on controller HotelBooking.API.Controllers.DashboardController (HotelBooking.API).
2026-04-23 14:53:43.833 +02:00 [INF] Route matched with {action = "GetOccupancy", controller = "Dashboard"}. Executing controller action with signature System.Threading.Tasks.Task`1[Microsoft.AspNetCore.Mvc.IActionResult] GetOccupancy(System.Threading.CancellationToken) on controller HotelBooking.API.Controllers.DashboardController (HotelBooking.API).
2026-04-23 14:53:43.834 +02:00 [INF] Route matched with {action = "GetActivityFeed", controller = "Dashboard"}. Executing controller action with signature System.Threading.Tasks.Task`1[Microsoft.AspNetCore.Mvc.IActionResult] GetActivityFeed(Int32, System.Threading.CancellationToken) on controller HotelBooking.API.Controllers.DashboardController (HotelBooking.API).
2026-04-23 14:53:43.857 +02:00 [INF] Executed DbCommand (0ms) [Parameters=[], CommandType='"Text"', CommandTimeout='30']
SELECT r."Status", count(*)::int AS "Count"
FROM "Rooms" AS r
GROUP BY r."Status"
2026-04-23 14:53:43.859 +02:00 [INF] Executed DbCommand (1ms) [Parameters=[@__p_0='?' (DbType = Int32)], CommandType='"Text"', CommandTimeout='30']
SELECT b0."Id", b0."BookingCode", b0."UserId", u."FullName", u."Email", b0."RoomId", r."RoomNumber", CASE r."Type"
    WHEN 1 THEN 'Standard'
    WHEN 2 THEN 'Deluxe'
    WHEN 3 THEN 'Family'
    WHEN 4 THEN 'BusinessSuite'
    ELSE r."Type"::text
END, b0."CheckInDate", b0."CheckOutDate", b0."TotalAmount", CASE b0."PaymentMethod"
    WHEN 1 THEN 'Card'
    WHEN 2 THEN 'Cash'
    WHEN 3 THEN 'Check'
    ELSE b0."PaymentMethod"::text
END, CASE b0."Status"
    WHEN 1 THEN 'Confirmed'
    WHEN 2 THEN 'Active'
    WHEN 3 THEN 'CheckedOut'
    WHEN 4 THEN 'Cancelled'
    ELSE b0."Status"::text
END, b0."CheckOutDate" - b0."CheckInDate", b0."CreatedAt"
FROM (
    SELECT b."Id", b."BookingCode", b."CheckInDate", b."CheckOutDate", b."CreatedAt", b."PaymentMethod", b."RoomId", b."Status", b."TotalAmount", b."UserId"
    FROM "Bookings" AS b
    ORDER BY b."CreatedAt" DESC
    LIMIT @__p_0
) AS b0
INNER JOIN "Users" AS u ON b0."UserId" = u."Id"
INNER JOIN "Rooms" AS r ON b0."RoomId" = r."Id"
ORDER BY b0."CreatedAt" DESC
2026-04-23 14:53:43.861 +02:00 [INF] Executed DbCommand (0ms) [Parameters=[], CommandType='"Text"', CommandTimeout='30']
SELECT r."Id", r."Amenities", r."BedCount", r."CreatedAt", r."FloorNumber", r."PricePerNight", r."RoomNumber", r."Status", r."Type", r."UpdatedAt"
FROM "Rooms" AS r
ORDER BY r."FloorNumber", r."RoomNumber"
2026-04-23 14:53:43.863 +02:00 [INF] Executed DbCommand (0ms) [Parameters=[@__p_0='?' (DbType = Int32)], CommandType='"Text"', CommandTimeout='30']
SELECT n."Id", n."Title", n."Message", CASE n."Type"
    WHEN 1 THEN 'BookingCreated'
    WHEN 2 THEN 'BookingCancelled'
    WHEN 3 THEN 'CheckInCompleted'
    WHEN 4 THEN 'CheckOutCompleted'
    WHEN 5 THEN 'PaymentCompleted'
    WHEN 6 THEN 'HousekeepingUpdated'
    WHEN 7 THEN 'MaintenanceAlert'
    ELSE n."Type"::text
END, n."CreatedAt"
FROM "Notifications" AS n
ORDER BY n."CreatedAt" DESC
LIMIT @__p_0
2026-04-23 14:53:43.864 +02:00 [INF] Executed DbCommand (0ms) [Parameters=[], CommandType='"Text"', CommandTimeout='30']
SELECT b."Status", count(*)::int AS "Count"
FROM "Bookings" AS b
GROUP BY b."Status"
2026-04-23 14:53:43.866 +02:00 [INF] Executing OkObjectResult, writing value of type 'HotelBooking.API.Common.ApiResponse'.
2026-04-23 14:53:43.869 +02:00 [INF] Executed DbCommand (1ms) [Parameters=[], CommandType='"Text"', CommandTimeout='30']
SELECT b."RoomId", u."FullName"
FROM "Bookings" AS b
INNER JOIN "Users" AS u ON b."UserId" = u."Id"
WHERE b."Status" IN (2, 1)
2026-04-23 14:53:43.870 +02:00 [INF] Executing OkObjectResult, writing value of type 'HotelBooking.API.Common.ApiResponse'.
2026-04-23 14:53:43.873 +02:00 [INF] Executed DbCommand (1ms) [Parameters=[@__startOfMonth_0='?' (DbType = DateTime)], CommandType='"Text"', CommandTimeout='30']
SELECT COALESCE(sum(p."Amount"), 0.0)
FROM "Payments" AS p
WHERE p."Status" = 2 AND p."PaidAt" >= @__startOfMonth_0
2026-04-23 14:53:43.874 +02:00 [INF] Executed action HotelBooking.API.Controllers.DashboardController.GetRecentBookings (HotelBooking.API) in 16.6561ms
2026-04-23 14:53:43.877 +02:00 [INF] Executed action HotelBooking.API.Controllers.DashboardController.GetOccupancy (HotelBooking.API) in 17.8378ms
2026-04-23 14:53:43.877 +02:00 [INF] Executed action HotelBooking.API.Controllers.DashboardController.GetActivityFeed (HotelBooking.API) in 15.7637ms
2026-04-23 14:53:43.880 +02:00 [INF] Executed DbCommand (0ms) [Parameters=[@__request_CallerId_0='?' (DbType = Guid)], CommandType='"Text"', CommandTimeout='30']
SELECT count(*)::int
FROM "Notifications" AS n
WHERE n."UserId" = @__request_CallerId_0 AND NOT (n."IsRead")
2026-04-23 14:53:43.881 +02:00 [INF] Executed endpoint 'HotelBooking.API.Controllers.DashboardController.GetRecentBookings (HotelBooking.API)'
2026-04-23 14:53:43.882 +02:00 [INF] Executed endpoint 'HotelBooking.API.Controllers.DashboardController.GetOccupancy (HotelBooking.API)'
2026-04-23 14:53:43.883 +02:00 [INF] Executed endpoint 'HotelBooking.API.Controllers.DashboardController.GetActivityFeed (HotelBooking.API)'
2026-04-23 14:53:43.885 +02:00 [INF] Executing OkObjectResult, writing value of type 'HotelBooking.API.Common.ApiResponse'.
2026-04-23 14:53:43.886 +02:00 [INF] HTTP GET /api/dashboard/recent-bookings responded 200 in 65.5266 ms
2026-04-23 14:53:43.887 +02:00 [ERR] Unhandled exception. TraceId=0HNL16S4U50TS:00000018 StatusCode=500 Method=GET Path=/api/dashboard/occupancy
System.ArgumentException: An item with the same key has already been added. Key: 20000000-0000-0000-0000-000000000005
   at System.Collections.Generic.Dictionary`2.TryInsert(TKey key, TValue value, InsertionBehavior behavior)
   at System.Collections.Generic.Dictionary`2.Add(TKey key, TValue value)
   at Microsoft.EntityFrameworkCore.EntityFrameworkQueryableExtensions.ToDictionaryAsync[TSource,TKey,TElement](IQueryable`1 source, Func`2 keySelector, Func`2 elementSelector, IEqualityComparer`1 comparer, CancellationToken cancellationToken)
   at Microsoft.EntityFrameworkCore.EntityFrameworkQueryableExtensions.ToDictionaryAsync[TSource,TKey,TElement](IQueryable`1 source, Func`2 keySelector, Func`2 elementSelector, IEqualityComparer`1 comparer, CancellationToken cancellationToken)
   at HotelBooking.Application.Features.Dashboard.Queries.GetDashboardOccupancy.GetDashboardOccupancyQueryHandler.Handle(GetDashboardOccupancyQuery request, CancellationToken cancellationToken) in C:\Users\Flori\Desktop\HBS\backend\src\HotelBooking.Application\Features\Dashboard\Queries\GetDashboardOccupancy\GetDashboardOccupancyQueryHandler.cs:line 23
   at HotelBooking.Application.Common.Behaviors.ValidationBehavior`2.Handle(TRequest request, RequestHandlerDelegate`1 next, CancellationToken cancellationToken) in C:\Users\Flori\Desktop\HBS\backend\src\HotelBooking.Application\Common\Behaviors\ValidationBehavior.cs:line 16
   at HotelBooking.API.Controllers.DashboardController.GetOccupancy(CancellationToken ct) in C:\Users\Flori\Desktop\HBS\backend\src\HotelBooking.API\Controllers\DashboardController.cs:line 42
   at Microsoft.AspNetCore.Mvc.Infrastructure.ActionMethodExecutor.TaskOfIActionResultExecutor.Execute(ActionContext actionContext, IActionResultTypeMapper mapper, ObjectMethodExecutor executor, Object controller, Object[] arguments)
   at Microsoft.AspNetCore.Mvc.Infrastructure.ControllerActionInvoker.<InvokeActionMethodAsync>g__Awaited|12_0(ControllerActionInvoker invoker, ValueTask`1 actionResultValueTask)
   at Microsoft.AspNetCore.Mvc.Infrastructure.ControllerActionInvoker.<InvokeNextActionFilterAsync>g__Awaited|10_0(ControllerActionInvoker invoker, Task lastTask, State next, Scope scope, Object state, Boolean isCompleted)
   at Microsoft.AspNetCore.Mvc.Infrastructure.ControllerActionInvoker.Rethrow(ActionExecutedContextSealed context)
   at Microsoft.AspNetCore.Mvc.Infrastructure.ControllerActionInvoker.Next(State& next, Scope& scope, Object& state, Boolean& isCompleted)
   at Microsoft.AspNetCore.Mvc.Infrastructure.ControllerActionInvoker.<InvokeInnerFilterAsync>g__Awaited|13_0(ControllerActionInvoker invoker, Task lastTask, State next, Scope scope, Object state, Boolean isCompleted)
   at Microsoft.AspNetCore.Mvc.Infrastructure.ResourceInvoker.<InvokeFilterPipelineAsync>g__Awaited|20_0(ResourceInvoker invoker, Task lastTask, State next, Scope scope, Object state, Boolean isCompleted)
   at Microsoft.AspNetCore.Mvc.Infrastructure.ResourceInvoker.<InvokeAsync>g__Logged|17_1(ResourceInvoker invoker)
   at Microsoft.AspNetCore.Mvc.Infrastructure.ResourceInvoker.<InvokeAsync>g__Logged|17_1(ResourceInvoker invoker)
   at Microsoft.AspNetCore.Routing.EndpointMiddleware.<Invoke>g__AwaitRequestTask|7_0(Endpoint endpoint, Task requestTask, ILogger logger)
   at Microsoft.AspNetCore.Authorization.AuthorizationMiddleware.Invoke(HttpContext context)
   at Microsoft.AspNetCore.Authentication.AuthenticationMiddleware.Invoke(HttpContext context)
   at HotelBooking.API.Middleware.ExceptionHandlingMiddleware.Invoke(HttpContext context) in C:\Users\Flori\Desktop\HBS\backend\src\HotelBooking.API\Middleware\ExceptionHandlingMiddleware.cs:line 17
2026-04-23 14:53:43.888 +02:00 [INF] HTTP GET /api/dashboard/activity-feed responded 200 in 61.5475 ms
2026-04-23 14:53:43.889 +02:00 [INF] Executed action HotelBooking.API.Controllers.DashboardController.GetSummary (HotelBooking.API) in 53.3637ms
2026-04-23 14:53:43.891 +02:00 [INF] Request finished HTTP/1.1 GET http://localhost:5259/api/dashboard/recent-bookings?count=5 - 200 null application/json; charset=utf-8 82.334ms
2026-04-23 14:53:43.899 +02:00 [ERR] HTTP GET /api/dashboard/occupancy responded 500 in 75.6568 ms
2026-04-23 14:53:43.900 +02:00 [INF] Request finished HTTP/1.1 GET http://localhost:5259/api/dashboard/activity-feed?count=6 - 200 null application/json; charset=utf-8 85.0424ms
2026-04-23 14:53:43.902 +02:00 [INF] Executed endpoint 'HotelBooking.API.Controllers.DashboardController.GetSummary (HotelBooking.API)'
2026-04-23 14:53:43.908 +02:00 [INF] Request finished HTTP/1.1 GET http://localhost:5259/api/dashboard/occupancy - 500 null application/json 95.2835ms
2026-04-23 14:53:43.912 +02:00 [INF] HTTP GET /api/dashboard/summary responded 200 in 94.1077 ms
2026-04-23 14:53:43.917 +02:00 [INF] Request finished HTTP/1.1 GET http://localhost:5259/api/dashboard/summary - 200 null application/json; charset=utf-8 110.9379ms
2026-04-23 14:53:44.910 +02:00 [INF] Request starting HTTP/1.1 OPTIONS http://localhost:5259/api/dashboard/summary - null null
2026-04-23 14:53:44.911 +02:00 [INF] Request starting HTTP/1.1 OPTIONS http://localhost:5259/api/dashboard/recent-bookings?count=5 - null null
2026-04-23 14:53:44.911 +02:00 [INF] Request starting HTTP/1.1 OPTIONS http://localhost:5259/api/dashboard/activity-feed?count=6 - null null
2026-04-23 14:53:44.911 +02:00 [INF] Request starting HTTP/1.1 OPTIONS http://localhost:5259/api/dashboard/occupancy - null null
2026-04-23 14:53:44.914 +02:00 [INF] CORS policy execution successful.
2026-04-23 14:53:44.916 +02:00 [INF] CORS policy execution successful.
2026-04-23 14:53:44.919 +02:00 [INF] CORS policy execution successful.
2026-04-23 14:53:44.922 +02:00 [INF] CORS policy execution successful.
2026-04-23 14:53:44.923 +02:00 [INF] HTTP OPTIONS /api/dashboard/summary responded 204 in 9.0739 ms
2026-04-23 14:53:44.923 +02:00 [INF] HTTP OPTIONS /api/dashboard/recent-bookings responded 204 in 7.2210 ms
2026-04-23 14:53:44.924 +02:00 [INF] HTTP OPTIONS /api/dashboard/activity-feed responded 204 in 5.3331 ms
2026-04-23 14:53:44.925 +02:00 [INF] HTTP OPTIONS /api/dashboard/occupancy responded 204 in 3.2240 ms
2026-04-23 14:53:44.927 +02:00 [INF] Request finished HTTP/1.1 OPTIONS http://localhost:5259/api/dashboard/summary - 204 null null 16.8032ms
2026-04-23 14:53:44.929 +02:00 [INF] Request finished HTTP/1.1 OPTIONS http://localhost:5259/api/dashboard/recent-bookings?count=5 - 204 null null 18.2625ms
2026-04-23 14:53:44.931 +02:00 [INF] Request finished HTTP/1.1 OPTIONS http://localhost:5259/api/dashboard/activity-feed?count=6 - 204 null null 20.0356ms
2026-04-23 14:53:44.933 +02:00 [INF] Request finished HTTP/1.1 OPTIONS http://localhost:5259/api/dashboard/occupancy - 204 null null 22.0093ms
2026-04-23 14:53:44.936 +02:00 [INF] Request starting HTTP/1.1 GET http://localhost:5259/api/dashboard/summary - null null
2026-04-23 14:53:44.939 +02:00 [INF] Request starting HTTP/1.1 GET http://localhost:5259/api/dashboard/recent-bookings?count=5 - null null
2026-04-23 14:53:44.943 +02:00 [INF] Request starting HTTP/1.1 GET http://localhost:5259/api/dashboard/activity-feed?count=6 - null null
2026-04-23 14:53:44.946 +02:00 [INF] Request starting HTTP/1.1 GET http://localhost:5259/api/dashboard/occupancy - null null
2026-04-23 14:53:44.948 +02:00 [INF] CORS policy execution successful.
2026-04-23 14:53:44.951 +02:00 [INF] CORS policy execution successful.
2026-04-23 14:53:44.953 +02:00 [INF] CORS policy execution successful.
2026-04-23 14:53:44.956 +02:00 [INF] CORS policy execution successful.
2026-04-23 14:53:44.957 +02:00 [INF] Executing endpoint 'HotelBooking.API.Controllers.DashboardController.GetSummary (HotelBooking.API)'
2026-04-23 14:53:44.958 +02:00 [INF] Executing endpoint 'HotelBooking.API.Controllers.DashboardController.GetRecentBookings (HotelBooking.API)'
2026-04-23 14:53:44.958 +02:00 [INF] Executing endpoint 'HotelBooking.API.Controllers.DashboardController.GetActivityFeed (HotelBooking.API)'
2026-04-23 14:53:44.959 +02:00 [INF] Executing endpoint 'HotelBooking.API.Controllers.DashboardController.GetOccupancy (HotelBooking.API)'
2026-04-23 14:53:44.960 +02:00 [INF] Route matched with {action = "GetSummary", controller = "Dashboard"}. Executing controller action with signature System.Threading.Tasks.Task`1[Microsoft.AspNetCore.Mvc.IActionResult] GetSummary(System.Threading.CancellationToken) on controller HotelBooking.API.Controllers.DashboardController (HotelBooking.API).
2026-04-23 14:53:44.961 +02:00 [INF] Route matched with {action = "GetRecentBookings", controller = "Dashboard"}. Executing controller action with signature System.Threading.Tasks.Task`1[Microsoft.AspNetCore.Mvc.IActionResult] GetRecentBookings(Int32, System.Threading.CancellationToken) on controller HotelBooking.API.Controllers.DashboardController (HotelBooking.API).
2026-04-23 14:53:44.962 +02:00 [INF] Route matched with {action = "GetActivityFeed", controller = "Dashboard"}. Executing controller action with signature System.Threading.Tasks.Task`1[Microsoft.AspNetCore.Mvc.IActionResult] GetActivityFeed(Int32, System.Threading.CancellationToken) on controller HotelBooking.API.Controllers.DashboardController (HotelBooking.API).
2026-04-23 14:53:44.964 +02:00 [INF] Route matched with {action = "GetOccupancy", controller = "Dashboard"}. Executing controller action with signature System.Threading.Tasks.Task`1[Microsoft.AspNetCore.Mvc.IActionResult] GetOccupancy(System.Threading.CancellationToken) on controller HotelBooking.API.Controllers.DashboardController (HotelBooking.API).
2026-04-23 14:53:44.967 +02:00 [INF] Executed DbCommand (0ms) [Parameters=[], CommandType='"Text"', CommandTimeout='30']
SELECT r."Status", count(*)::int AS "Count"
FROM "Rooms" AS r
GROUP BY r."Status"
2026-04-23 14:53:44.968 +02:00 [INF] Executed DbCommand (1ms) [Parameters=[@__p_0='?' (DbType = Int32)], CommandType='"Text"', CommandTimeout='30']
SELECT b0."Id", b0."BookingCode", b0."UserId", u."FullName", u."Email", b0."RoomId", r."RoomNumber", CASE r."Type"
    WHEN 1 THEN 'Standard'
    WHEN 2 THEN 'Deluxe'
    WHEN 3 THEN 'Family'
    WHEN 4 THEN 'BusinessSuite'
    ELSE r."Type"::text
END, b0."CheckInDate", b0."CheckOutDate", b0."TotalAmount", CASE b0."PaymentMethod"
    WHEN 1 THEN 'Card'
    WHEN 2 THEN 'Cash'
    WHEN 3 THEN 'Check'
    ELSE b0."PaymentMethod"::text
END, CASE b0."Status"
    WHEN 1 THEN 'Confirmed'
    WHEN 2 THEN 'Active'
    WHEN 3 THEN 'CheckedOut'
    WHEN 4 THEN 'Cancelled'
    ELSE b0."Status"::text
END, b0."CheckOutDate" - b0."CheckInDate", b0."CreatedAt"
FROM (
    SELECT b."Id", b."BookingCode", b."CheckInDate", b."CheckOutDate", b."CreatedAt", b."PaymentMethod", b."RoomId", b."Status", b."TotalAmount", b."UserId"
    FROM "Bookings" AS b
    ORDER BY b."CreatedAt" DESC
    LIMIT @__p_0
) AS b0
INNER JOIN "Users" AS u ON b0."UserId" = u."Id"
INNER JOIN "Rooms" AS r ON b0."RoomId" = r."Id"
ORDER BY b0."CreatedAt" DESC
2026-04-23 14:53:44.970 +02:00 [INF] Executed DbCommand (0ms) [Parameters=[@__p_0='?' (DbType = Int32)], CommandType='"Text"', CommandTimeout='30']
SELECT n."Id", n."Title", n."Message", CASE n."Type"
    WHEN 1 THEN 'BookingCreated'
    WHEN 2 THEN 'BookingCancelled'
    WHEN 3 THEN 'CheckInCompleted'
    WHEN 4 THEN 'CheckOutCompleted'
    WHEN 5 THEN 'PaymentCompleted'
    WHEN 6 THEN 'HousekeepingUpdated'
    WHEN 7 THEN 'MaintenanceAlert'
    ELSE n."Type"::text
END, n."CreatedAt"
FROM "Notifications" AS n
ORDER BY n."CreatedAt" DESC
LIMIT @__p_0
2026-04-23 14:53:44.972 +02:00 [INF] Executed DbCommand (0ms) [Parameters=[], CommandType='"Text"', CommandTimeout='30']
SELECT r."Id", r."Amenities", r."BedCount", r."CreatedAt", r."FloorNumber", r."PricePerNight", r."RoomNumber", r."Status", r."Type", r."UpdatedAt"
FROM "Rooms" AS r
ORDER BY r."FloorNumber", r."RoomNumber"
2026-04-23 14:53:44.973 +02:00 [INF] Executed DbCommand (0ms) [Parameters=[], CommandType='"Text"', CommandTimeout='30']
SELECT b."Status", count(*)::int AS "Count"
FROM "Bookings" AS b
GROUP BY b."Status"
2026-04-23 14:53:44.975 +02:00 [INF] Executing OkObjectResult, writing value of type 'HotelBooking.API.Common.ApiResponse'.
2026-04-23 14:53:44.978 +02:00 [INF] Executing OkObjectResult, writing value of type 'HotelBooking.API.Common.ApiResponse'.
2026-04-23 14:53:44.981 +02:00 [INF] Executed DbCommand (1ms) [Parameters=[], CommandType='"Text"', CommandTimeout='30']
SELECT b."RoomId", u."FullName"
FROM "Bookings" AS b
INNER JOIN "Users" AS u ON b."UserId" = u."Id"
WHERE b."Status" IN (2, 1)
2026-04-23 14:53:44.983 +02:00 [INF] Executed DbCommand (1ms) [Parameters=[@__startOfMonth_0='?' (DbType = DateTime)], CommandType='"Text"', CommandTimeout='30']
SELECT COALESCE(sum(p."Amount"), 0.0)
FROM "Payments" AS p
WHERE p."Status" = 2 AND p."PaidAt" >= @__startOfMonth_0
2026-04-23 14:53:44.983 +02:00 [INF] Executed action HotelBooking.API.Controllers.DashboardController.GetRecentBookings (HotelBooking.API) in 16.331ms
2026-04-23 14:53:44.985 +02:00 [INF] Executed action HotelBooking.API.Controllers.DashboardController.GetActivityFeed (HotelBooking.API) in 15.7175ms
2026-04-23 14:53:44.987 +02:00 [INF] Executed action HotelBooking.API.Controllers.DashboardController.GetOccupancy (HotelBooking.API) in 16.2593ms
2026-04-23 14:53:44.989 +02:00 [INF] Executed DbCommand (0ms) [Parameters=[@__request_CallerId_0='?' (DbType = Guid)], CommandType='"Text"', CommandTimeout='30']
SELECT count(*)::int
FROM "Notifications" AS n
WHERE n."UserId" = @__request_CallerId_0 AND NOT (n."IsRead")
2026-04-23 14:53:44.990 +02:00 [INF] Executed endpoint 'HotelBooking.API.Controllers.DashboardController.GetRecentBookings (HotelBooking.API)'
2026-04-23 14:53:44.991 +02:00 [INF] Executed endpoint 'HotelBooking.API.Controllers.DashboardController.GetActivityFeed (HotelBooking.API)'
2026-04-23 14:53:44.993 +02:00 [INF] Executed endpoint 'HotelBooking.API.Controllers.DashboardController.GetOccupancy (HotelBooking.API)'
2026-04-23 14:53:44.995 +02:00 [INF] Executing OkObjectResult, writing value of type 'HotelBooking.API.Common.ApiResponse'.
2026-04-23 14:53:44.996 +02:00 [INF] HTTP GET /api/dashboard/recent-bookings responded 200 in 44.9390 ms
2026-04-23 14:53:44.997 +02:00 [INF] HTTP GET /api/dashboard/activity-feed responded 200 in 43.3925 ms
2026-04-23 14:53:44.998 +02:00 [ERR] Unhandled exception. TraceId=0HNL16S4U50TV:00000010 StatusCode=500 Method=GET Path=/api/dashboard/occupancy
System.ArgumentException: An item with the same key has already been added. Key: 20000000-0000-0000-0000-000000000005
   at System.Collections.Generic.Dictionary`2.TryInsert(TKey key, TValue value, InsertionBehavior behavior)
   at System.Collections.Generic.Dictionary`2.Add(TKey key, TValue value)
   at Microsoft.EntityFrameworkCore.EntityFrameworkQueryableExtensions.ToDictionaryAsync[TSource,TKey,TElement](IQueryable`1 source, Func`2 keySelector, Func`2 elementSelector, IEqualityComparer`1 comparer, CancellationToken cancellationToken)
   at Microsoft.EntityFrameworkCore.EntityFrameworkQueryableExtensions.ToDictionaryAsync[TSource,TKey,TElement](IQueryable`1 source, Func`2 keySelector, Func`2 elementSelector, IEqualityComparer`1 comparer, CancellationToken cancellationToken)
   at HotelBooking.Application.Features.Dashboard.Queries.GetDashboardOccupancy.GetDashboardOccupancyQueryHandler.Handle(GetDashboardOccupancyQuery request, CancellationToken cancellationToken) in C:\Users\Flori\Desktop\HBS\backend\src\HotelBooking.Application\Features\Dashboard\Queries\GetDashboardOccupancy\GetDashboardOccupancyQueryHandler.cs:line 23
   at HotelBooking.Application.Common.Behaviors.ValidationBehavior`2.Handle(TRequest request, RequestHandlerDelegate`1 next, CancellationToken cancellationToken) in C:\Users\Flori\Desktop\HBS\backend\src\HotelBooking.Application\Common\Behaviors\ValidationBehavior.cs:line 16
   at HotelBooking.API.Controllers.DashboardController.GetOccupancy(CancellationToken ct) in C:\Users\Flori\Desktop\HBS\backend\src\HotelBooking.API\Controllers\DashboardController.cs:line 42
   at Microsoft.AspNetCore.Mvc.Infrastructure.ActionMethodExecutor.TaskOfIActionResultExecutor.Execute(ActionContext actionContext, IActionResultTypeMapper mapper, ObjectMethodExecutor executor, Object controller, Object[] arguments)
   at Microsoft.AspNetCore.Mvc.Infrastructure.ControllerActionInvoker.<InvokeActionMethodAsync>g__Awaited|12_0(ControllerActionInvoker invoker, ValueTask`1 actionResultValueTask)
   at Microsoft.AspNetCore.Mvc.Infrastructure.ControllerActionInvoker.<InvokeNextActionFilterAsync>g__Awaited|10_0(ControllerActionInvoker invoker, Task lastTask, State next, Scope scope, Object state, Boolean isCompleted)
   at Microsoft.AspNetCore.Mvc.Infrastructure.ControllerActionInvoker.Rethrow(ActionExecutedContextSealed context)
   at Microsoft.AspNetCore.Mvc.Infrastructure.ControllerActionInvoker.Next(State& next, Scope& scope, Object& state, Boolean& isCompleted)
   at Microsoft.AspNetCore.Mvc.Infrastructure.ControllerActionInvoker.<InvokeInnerFilterAsync>g__Awaited|13_0(ControllerActionInvoker invoker, Task lastTask, State next, Scope scope, Object state, Boolean isCompleted)
   at Microsoft.AspNetCore.Mvc.Infrastructure.ResourceInvoker.<InvokeFilterPipelineAsync>g__Awaited|20_0(ResourceInvoker invoker, Task lastTask, State next, Scope scope, Object state, Boolean isCompleted)
   at Microsoft.AspNetCore.Mvc.Infrastructure.ResourceInvoker.<InvokeAsync>g__Logged|17_1(ResourceInvoker invoker)
   at Microsoft.AspNetCore.Mvc.Infrastructure.ResourceInvoker.<InvokeAsync>g__Logged|17_1(ResourceInvoker invoker)
   at Microsoft.AspNetCore.Routing.EndpointMiddleware.<Invoke>g__AwaitRequestTask|7_0(Endpoint endpoint, Task requestTask, ILogger logger)
   at Microsoft.AspNetCore.Authorization.AuthorizationMiddleware.Invoke(HttpContext context)
   at Microsoft.AspNetCore.Authentication.AuthenticationMiddleware.Invoke(HttpContext context)
   at HotelBooking.API.Middleware.ExceptionHandlingMiddleware.Invoke(HttpContext context) in C:\Users\Flori\Desktop\HBS\backend\src\HotelBooking.API\Middleware\ExceptionHandlingMiddleware.cs:line 17
2026-04-23 14:53:44.999 +02:00 [INF] Executed action HotelBooking.API.Controllers.DashboardController.GetSummary (HotelBooking.API) in 33.8745ms
2026-04-23 14:53:45.001 +02:00 [INF] Request finished HTTP/1.1 GET http://localhost:5259/api/dashboard/recent-bookings?count=5 - 200 null application/json; charset=utf-8 61.4601ms
2026-04-23 14:53:45.003 +02:00 [INF] Request finished HTTP/1.1 GET http://localhost:5259/api/dashboard/activity-feed?count=6 - 200 null application/json; charset=utf-8 60.0448ms
2026-04-23 14:53:45.009 +02:00 [ERR] HTTP GET /api/dashboard/occupancy responded 500 in 53.1043 ms
2026-04-23 14:53:45.010 +02:00 [INF] Executed endpoint 'HotelBooking.API.Controllers.DashboardController.GetSummary (HotelBooking.API)'
2026-04-23 14:53:45.018 +02:00 [INF] Request finished HTTP/1.1 GET http://localhost:5259/api/dashboard/occupancy - 500 null application/json 72.6435ms
2026-04-23 14:53:45.020 +02:00 [INF] HTTP GET /api/dashboard/summary responded 200 in 71.4759 ms
2026-04-23 14:53:45.025 +02:00 [INF] Request finished HTTP/1.1 GET http://localhost:5259/api/dashboard/summary - 200 null application/json; charset=utf-8 88.8371ms
2026-04-23 14:53:52.051 +02:00 [INF] Request starting HTTP/1.1 OPTIONS http://localhost:5259/api/dashboard/summary - null null
2026-04-23 14:53:52.051 +02:00 [INF] Request starting HTTP/1.1 OPTIONS http://localhost:5259/api/dashboard/recent-bookings?count=5 - null null
2026-04-23 14:53:52.051 +02:00 [INF] Request starting HTTP/1.1 OPTIONS http://localhost:5259/api/dashboard/activity-feed?count=6 - null null
2026-04-23 14:53:52.051 +02:00 [INF] Request starting HTTP/1.1 OPTIONS http://localhost:5259/api/dashboard/occupancy - null null
2026-04-23 14:53:52.054 +02:00 [INF] CORS policy execution successful.
2026-04-23 14:53:52.056 +02:00 [INF] CORS policy execution successful.
2026-04-23 14:53:52.059 +02:00 [INF] CORS policy execution successful.
2026-04-23 14:53:52.062 +02:00 [INF] CORS policy execution successful.
2026-04-23 14:53:52.063 +02:00 [INF] HTTP OPTIONS /api/dashboard/summary responded 204 in 8.9091 ms
2026-04-23 14:53:52.064 +02:00 [INF] HTTP OPTIONS /api/dashboard/recent-bookings responded 204 in 7.7529 ms
2026-04-23 14:53:52.065 +02:00 [INF] HTTP OPTIONS /api/dashboard/activity-feed responded 204 in 5.6480 ms
2026-04-23 14:53:52.065 +02:00 [INF] HTTP OPTIONS /api/dashboard/occupancy responded 204 in 3.6206 ms
2026-04-23 14:53:52.067 +02:00 [INF] Request finished HTTP/1.1 OPTIONS http://localhost:5259/api/dashboard/summary - 204 null null 16.511ms
2026-04-23 14:53:52.069 +02:00 [INF] Request finished HTTP/1.1 OPTIONS http://localhost:5259/api/dashboard/recent-bookings?count=5 - 204 null null 17.8149ms
2026-04-23 14:53:52.071 +02:00 [INF] Request finished HTTP/1.1 OPTIONS http://localhost:5259/api/dashboard/activity-feed?count=6 - 204 null null 19.6394ms
2026-04-23 14:53:52.073 +02:00 [INF] Request finished HTTP/1.1 OPTIONS http://localhost:5259/api/dashboard/occupancy - 204 null null 21.3801ms
2026-04-23 14:53:52.075 +02:00 [INF] Request starting HTTP/1.1 OPTIONS http://localhost:5259/api/notifications?pageNumber=1&pageSize=8 - null null
2026-04-23 14:53:52.076 +02:00 [INF] Request starting HTTP/1.1 GET http://localhost:5259/api/dashboard/summary - null null
2026-04-23 14:53:52.079 +02:00 [INF] Request starting HTTP/1.1 GET http://localhost:5259/api/dashboard/recent-bookings?count=5 - null null
2026-04-23 14:53:52.083 +02:00 [INF] Request starting HTTP/1.1 GET http://localhost:5259/api/dashboard/activity-feed?count=6 - null null
2026-04-23 14:53:52.086 +02:00 [INF] Request starting HTTP/1.1 GET http://localhost:5259/api/dashboard/occupancy - null null
2026-04-23 14:53:52.088 +02:00 [INF] CORS policy execution successful.
2026-04-23 14:53:52.091 +02:00 [INF] CORS policy execution successful.
2026-04-23 14:53:52.093 +02:00 [INF] CORS policy execution successful.
2026-04-23 14:53:52.095 +02:00 [INF] CORS policy execution successful.
2026-04-23 14:53:52.097 +02:00 [INF] CORS policy execution successful.
2026-04-23 14:53:52.098 +02:00 [INF] HTTP OPTIONS /api/notifications responded 204 in 9.6543 ms
2026-04-23 14:53:52.099 +02:00 [INF] Executing endpoint 'HotelBooking.API.Controllers.DashboardController.GetSummary (HotelBooking.API)'
2026-04-23 14:53:52.100 +02:00 [INF] Executing endpoint 'HotelBooking.API.Controllers.DashboardController.GetRecentBookings (HotelBooking.API)'
2026-04-23 14:53:52.101 +02:00 [INF] Executing endpoint 'HotelBooking.API.Controllers.DashboardController.GetActivityFeed (HotelBooking.API)'
2026-04-23 14:53:52.101 +02:00 [INF] Executing endpoint 'HotelBooking.API.Controllers.DashboardController.GetOccupancy (HotelBooking.API)'
2026-04-23 14:53:52.103 +02:00 [INF] Request finished HTTP/1.1 OPTIONS http://localhost:5259/api/notifications?pageNumber=1&pageSize=8 - 204 null null 28.3291ms
2026-04-23 14:53:52.104 +02:00 [INF] Route matched with {action = "GetSummary", controller = "Dashboard"}. Executing controller action with signature System.Threading.Tasks.Task`1[Microsoft.AspNetCore.Mvc.IActionResult] GetSummary(System.Threading.CancellationToken) on controller HotelBooking.API.Controllers.DashboardController (HotelBooking.API).
2026-04-23 14:53:52.105 +02:00 [INF] Route matched with {action = "GetRecentBookings", controller = "Dashboard"}. Executing controller action with signature System.Threading.Tasks.Task`1[Microsoft.AspNetCore.Mvc.IActionResult] GetRecentBookings(Int32, System.Threading.CancellationToken) on controller HotelBooking.API.Controllers.DashboardController (HotelBooking.API).
2026-04-23 14:53:52.106 +02:00 [INF] Route matched with {action = "GetActivityFeed", controller = "Dashboard"}. Executing controller action with signature System.Threading.Tasks.Task`1[Microsoft.AspNetCore.Mvc.IActionResult] GetActivityFeed(Int32, System.Threading.CancellationToken) on controller HotelBooking.API.Controllers.DashboardController (HotelBooking.API).
2026-04-23 14:53:52.107 +02:00 [INF] Route matched with {action = "GetOccupancy", controller = "Dashboard"}. Executing controller action with signature System.Threading.Tasks.Task`1[Microsoft.AspNetCore.Mvc.IActionResult] GetOccupancy(System.Threading.CancellationToken) on controller HotelBooking.API.Controllers.DashboardController (HotelBooking.API).
2026-04-23 14:53:52.110 +02:00 [INF] Request starting HTTP/1.1 GET http://localhost:5259/api/notifications?pageNumber=1&pageSize=8 - null null
2026-04-23 14:53:52.113 +02:00 [INF] Executed DbCommand (1ms) [Parameters=[], CommandType='"Text"', CommandTimeout='30']
SELECT r."Status", count(*)::int AS "Count"
FROM "Rooms" AS r
GROUP BY r."Status"
2026-04-23 14:53:52.116 +02:00 [INF] Executed DbCommand (1ms) [Parameters=[@__p_0='?' (DbType = Int32)], CommandType='"Text"', CommandTimeout='30']
SELECT b0."Id", b0."BookingCode", b0."UserId", u."FullName", u."Email", b0."RoomId", r."RoomNumber", CASE r."Type"
    WHEN 1 THEN 'Standard'
    WHEN 2 THEN 'Deluxe'
    WHEN 3 THEN 'Family'
    WHEN 4 THEN 'BusinessSuite'
    ELSE r."Type"::text
END, b0."CheckInDate", b0."CheckOutDate", b0."TotalAmount", CASE b0."PaymentMethod"
    WHEN 1 THEN 'Card'
    WHEN 2 THEN 'Cash'
    WHEN 3 THEN 'Check'
    ELSE b0."PaymentMethod"::text
END, CASE b0."Status"
    WHEN 1 THEN 'Confirmed'
    WHEN 2 THEN 'Active'
    WHEN 3 THEN 'CheckedOut'
    WHEN 4 THEN 'Cancelled'
    ELSE b0."Status"::text
END, b0."CheckOutDate" - b0."CheckInDate", b0."CreatedAt"
FROM (
    SELECT b."Id", b."BookingCode", b."CheckInDate", b."CheckOutDate", b."CreatedAt", b."PaymentMethod", b."RoomId", b."Status", b."TotalAmount", b."UserId"
    FROM "Bookings" AS b
    ORDER BY b."CreatedAt" DESC
    LIMIT @__p_0
) AS b0
INNER JOIN "Users" AS u ON b0."UserId" = u."Id"
INNER JOIN "Rooms" AS r ON b0."RoomId" = r."Id"
ORDER BY b0."CreatedAt" DESC
2026-04-23 14:53:52.117 +02:00 [INF] Executed DbCommand (0ms) [Parameters=[@__p_0='?' (DbType = Int32)], CommandType='"Text"', CommandTimeout='30']
SELECT n."Id", n."Title", n."Message", CASE n."Type"
    WHEN 1 THEN 'BookingCreated'
    WHEN 2 THEN 'BookingCancelled'
    WHEN 3 THEN 'CheckInCompleted'
    WHEN 4 THEN 'CheckOutCompleted'
    WHEN 5 THEN 'PaymentCompleted'
    WHEN 6 THEN 'HousekeepingUpdated'
    WHEN 7 THEN 'MaintenanceAlert'
    ELSE n."Type"::text
END, n."CreatedAt"
FROM "Notifications" AS n
ORDER BY n."CreatedAt" DESC
LIMIT @__p_0
2026-04-23 14:53:52.119 +02:00 [INF] Executed DbCommand (1ms) [Parameters=[], CommandType='"Text"', CommandTimeout='30']
SELECT r."Id", r."Amenities", r."BedCount", r."CreatedAt", r."FloorNumber", r."PricePerNight", r."RoomNumber", r."Status", r."Type", r."UpdatedAt"
FROM "Rooms" AS r
ORDER BY r."FloorNumber", r."RoomNumber"
2026-04-23 14:53:52.120 +02:00 [INF] CORS policy execution successful.
2026-04-23 14:53:52.130 +02:00 [INF] Executed DbCommand (1ms) [Parameters=[], CommandType='"Text"', CommandTimeout='30']
SELECT b."RoomId", u."FullName"
FROM "Bookings" AS b
INNER JOIN "Users" AS u ON b."UserId" = u."Id"
WHERE b."Status" IN (2, 1)
2026-04-23 14:53:52.125 +02:00 [INF] Executing OkObjectResult, writing value of type 'HotelBooking.API.Common.ApiResponse'.
2026-04-23 14:53:52.127 +02:00 [INF] Executing OkObjectResult, writing value of type 'HotelBooking.API.Common.ApiResponse'.
2026-04-23 14:53:52.123 +02:00 [INF] Executed DbCommand (0ms) [Parameters=[], CommandType='"Text"', CommandTimeout='30']
SELECT b."Status", count(*)::int AS "Count"
FROM "Bookings" AS b
GROUP BY b."Status"
2026-04-23 14:53:52.130 +02:00 [INF] Executing endpoint 'HotelBooking.API.Controllers.NotificationsController.GetNotifications (HotelBooking.API)'
2026-04-23 14:53:52.132 +02:00 [INF] Executed action HotelBooking.API.Controllers.DashboardController.GetOccupancy (HotelBooking.API) in 14.1971ms
2026-04-23 14:53:52.133 +02:00 [INF] Executed action HotelBooking.API.Controllers.DashboardController.GetRecentBookings (HotelBooking.API) in 18.9008ms
2026-04-23 14:53:52.134 +02:00 [INF] Executed action HotelBooking.API.Controllers.DashboardController.GetActivityFeed (HotelBooking.API) in 18.4691ms
2026-04-23 14:53:52.138 +02:00 [INF] Route matched with {action = "GetNotifications", controller = "Notifications"}. Executing controller action with signature System.Threading.Tasks.Task`1[Microsoft.AspNetCore.Mvc.IActionResult] GetNotifications(Boolean, Int32, Int32, System.Threading.CancellationToken) on controller HotelBooking.API.Controllers.NotificationsController (HotelBooking.API).
2026-04-23 14:53:52.138 +02:00 [INF] Executed DbCommand (1ms) [Parameters=[@__startOfMonth_0='?' (DbType = DateTime)], CommandType='"Text"', CommandTimeout='30']
SELECT COALESCE(sum(p."Amount"), 0.0)
FROM "Payments" AS p
WHERE p."Status" = 2 AND p."PaidAt" >= @__startOfMonth_0
2026-04-23 14:53:52.139 +02:00 [INF] Executed endpoint 'HotelBooking.API.Controllers.DashboardController.GetOccupancy (HotelBooking.API)'
2026-04-23 14:53:52.140 +02:00 [INF] Executed endpoint 'HotelBooking.API.Controllers.DashboardController.GetRecentBookings (HotelBooking.API)'
2026-04-23 14:53:52.141 +02:00 [INF] Executed endpoint 'HotelBooking.API.Controllers.DashboardController.GetActivityFeed (HotelBooking.API)'
2026-04-23 14:53:52.144 +02:00 [INF] Executed DbCommand (0ms) [Parameters=[@__userId_0='?' (DbType = Guid)], CommandType='"Text"', CommandTimeout='30']
SELECT count(*)::int
FROM "Notifications" AS n
WHERE n."UserId" = @__userId_0 AND NOT (n."IsRead")
2026-04-23 14:53:52.146 +02:00 [INF] Executed DbCommand (0ms) [Parameters=[@__request_CallerId_0='?' (DbType = Guid)], CommandType='"Text"', CommandTimeout='30']
SELECT count(*)::int
FROM "Notifications" AS n
WHERE n."UserId" = @__request_CallerId_0 AND NOT (n."IsRead")
2026-04-23 14:53:52.146 +02:00 [ERR] Unhandled exception. TraceId=0HNL16S4U50TS:0000001C StatusCode=500 Method=GET Path=/api/dashboard/occupancy
System.ArgumentException: An item with the same key has already been added. Key: 20000000-0000-0000-0000-000000000005
   at System.Collections.Generic.Dictionary`2.TryInsert(TKey key, TValue value, InsertionBehavior behavior)
   at System.Collections.Generic.Dictionary`2.Add(TKey key, TValue value)
   at Microsoft.EntityFrameworkCore.EntityFrameworkQueryableExtensions.ToDictionaryAsync[TSource,TKey,TElement](IQueryable`1 source, Func`2 keySelector, Func`2 elementSelector, IEqualityComparer`1 comparer, CancellationToken cancellationToken)
   at Microsoft.EntityFrameworkCore.EntityFrameworkQueryableExtensions.ToDictionaryAsync[TSource,TKey,TElement](IQueryable`1 source, Func`2 keySelector, Func`2 elementSelector, IEqualityComparer`1 comparer, CancellationToken cancellationToken)
   at HotelBooking.Application.Features.Dashboard.Queries.GetDashboardOccupancy.GetDashboardOccupancyQueryHandler.Handle(GetDashboardOccupancyQuery request, CancellationToken cancellationToken) in C:\Users\Flori\Desktop\HBS\backend\src\HotelBooking.Application\Features\Dashboard\Queries\GetDashboardOccupancy\GetDashboardOccupancyQueryHandler.cs:line 23
   at HotelBooking.Application.Common.Behaviors.ValidationBehavior`2.Handle(TRequest request, RequestHandlerDelegate`1 next, CancellationToken cancellationToken) in C:\Users\Flori\Desktop\HBS\backend\src\HotelBooking.Application\Common\Behaviors\ValidationBehavior.cs:line 16
   at HotelBooking.API.Controllers.DashboardController.GetOccupancy(CancellationToken ct) in C:\Users\Flori\Desktop\HBS\backend\src\HotelBooking.API\Controllers\DashboardController.cs:line 42
   at Microsoft.AspNetCore.Mvc.Infrastructure.ActionMethodExecutor.TaskOfIActionResultExecutor.Execute(ActionContext actionContext, IActionResultTypeMapper mapper, ObjectMethodExecutor executor, Object controller, Object[] arguments)
   at Microsoft.AspNetCore.Mvc.Infrastructure.ControllerActionInvoker.<InvokeActionMethodAsync>g__Awaited|12_0(ControllerActionInvoker invoker, ValueTask`1 actionResultValueTask)
   at Microsoft.AspNetCore.Mvc.Infrastructure.ControllerActionInvoker.<InvokeNextActionFilterAsync>g__Awaited|10_0(ControllerActionInvoker invoker, Task lastTask, State next, Scope scope, Object state, Boolean isCompleted)
   at Microsoft.AspNetCore.Mvc.Infrastructure.ControllerActionInvoker.Rethrow(ActionExecutedContextSealed context)
   at Microsoft.AspNetCore.Mvc.Infrastructure.ControllerActionInvoker.Next(State& next, Scope& scope, Object& state, Boolean& isCompleted)
   at Microsoft.AspNetCore.Mvc.Infrastructure.ControllerActionInvoker.<InvokeInnerFilterAsync>g__Awaited|13_0(ControllerActionInvoker invoker, Task lastTask, State next, Scope scope, Object state, Boolean isCompleted)
   at Microsoft.AspNetCore.Mvc.Infrastructure.ResourceInvoker.<InvokeFilterPipelineAsync>g__Awaited|20_0(ResourceInvoker invoker, Task lastTask, State next, Scope scope, Object state, Boolean isCompleted)
   at Microsoft.AspNetCore.Mvc.Infrastructure.ResourceInvoker.<InvokeAsync>g__Logged|17_1(ResourceInvoker invoker)
   at Microsoft.AspNetCore.Mvc.Infrastructure.ResourceInvoker.<InvokeAsync>g__Logged|17_1(ResourceInvoker invoker)
   at Microsoft.AspNetCore.Routing.EndpointMiddleware.<Invoke>g__AwaitRequestTask|7_0(Endpoint endpoint, Task requestTask, ILogger logger)
   at Microsoft.AspNetCore.Authorization.AuthorizationMiddleware.Invoke(HttpContext context)
   at Microsoft.AspNetCore.Authentication.AuthenticationMiddleware.Invoke(HttpContext context)
   at HotelBooking.API.Middleware.ExceptionHandlingMiddleware.Invoke(HttpContext context) in C:\Users\Flori\Desktop\HBS\backend\src\HotelBooking.API\Middleware\ExceptionHandlingMiddleware.cs:line 17
2026-04-23 14:53:52.147 +02:00 [INF] HTTP GET /api/dashboard/recent-bookings responded 200 in 54.3939 ms
2026-04-23 14:53:52.148 +02:00 [INF] HTTP GET /api/dashboard/activity-feed responded 200 in 53.1072 ms
2026-04-23 14:53:52.151 +02:00 [INF] Executed DbCommand (1ms) [Parameters=[@__userId_0='?' (DbType = Guid)], CommandType='"Text"', CommandTimeout='30']
SELECT count(*)::int
FROM "Notifications" AS n
WHERE n."UserId" = @__userId_0
2026-04-23 14:53:52.152 +02:00 [INF] Executing OkObjectResult, writing value of type 'HotelBooking.API.Common.ApiResponse'.
2026-04-23 14:53:52.158 +02:00 [ERR] HTTP GET /api/dashboard/occupancy responded 500 in 60.9024 ms
2026-04-23 14:53:52.159 +02:00 [INF] Request finished HTTP/1.1 GET http://localhost:5259/api/dashboard/recent-bookings?count=5 - 200 null application/json; charset=utf-8 80.2524ms
2026-04-23 14:53:52.161 +02:00 [INF] Request finished HTTP/1.1 GET http://localhost:5259/api/dashboard/activity-feed?count=6 - 200 null application/json; charset=utf-8 78.4837ms
2026-04-23 14:53:52.164 +02:00 [INF] Executed DbCommand (0ms) [Parameters=[@__userId_0='?' (DbType = Guid), @__p_2='?' (DbType = Int32), @__p_1='?' (DbType = Int32)], CommandType='"Text"', CommandTimeout='30']
SELECT n."Id", n."Title", n."Message", CASE n."Type"
    WHEN 1 THEN 'BookingCreated'
    WHEN 2 THEN 'BookingCancelled'
    WHEN 3 THEN 'CheckInCompleted'
    WHEN 4 THEN 'CheckOutCompleted'
    WHEN 5 THEN 'PaymentCompleted'
    WHEN 6 THEN 'HousekeepingUpdated'
    WHEN 7 THEN 'MaintenanceAlert'
    ELSE n."Type"::text
END, n."IsRead", n."CreatedAt"
FROM "Notifications" AS n
WHERE n."UserId" = @__userId_0
ORDER BY n."CreatedAt" DESC
LIMIT @__p_2 OFFSET @__p_1
2026-04-23 14:53:52.165 +02:00 [INF] Executed action HotelBooking.API.Controllers.DashboardController.GetSummary (HotelBooking.API) in 52.7073ms
2026-04-23 14:53:52.167 +02:00 [INF] Request finished HTTP/1.1 GET http://localhost:5259/api/dashboard/occupancy - 500 null application/json 80.7923ms
2026-04-23 14:53:52.175 +02:00 [INF] Executing OkObjectResult, writing value of type 'HotelBooking.API.Common.ApiResponse'.
2026-04-23 14:53:52.176 +02:00 [INF] Executed endpoint 'HotelBooking.API.Controllers.DashboardController.GetSummary (HotelBooking.API)'
2026-04-23 14:53:52.180 +02:00 [INF] Executed action HotelBooking.API.Controllers.NotificationsController.GetNotifications (HotelBooking.API) in 36.8316ms
2026-04-23 14:53:52.181 +02:00 [INF] HTTP GET /api/dashboard/summary responded 200 in 90.6287 ms
2026-04-23 14:53:52.182 +02:00 [INF] Executed endpoint 'HotelBooking.API.Controllers.NotificationsController.GetNotifications (HotelBooking.API)'
2026-04-23 14:53:52.184 +02:00 [INF] Request finished HTTP/1.1 GET http://localhost:5259/api/dashboard/summary - 200 null application/json; charset=utf-8 107.8433ms
2026-04-23 14:53:52.185 +02:00 [INF] HTTP GET /api/notifications responded 200 in 65.1059 ms
2026-04-23 14:53:52.190 +02:00 [INF] Request finished HTTP/1.1 GET http://localhost:5259/api/notifications?pageNumber=1&pageSize=8 - 200 null application/json; charset=utf-8 80.4235ms
2026-04-23 14:53:53.173 +02:00 [INF] Request starting HTTP/1.1 OPTIONS http://localhost:5259/api/dashboard/summary - null null
2026-04-23 14:53:53.174 +02:00 [INF] Request starting HTTP/1.1 OPTIONS http://localhost:5259/api/dashboard/recent-bookings?count=5 - null null
2026-04-23 14:53:53.174 +02:00 [INF] Request starting HTTP/1.1 OPTIONS http://localhost:5259/api/dashboard/activity-feed?count=6 - null null
2026-04-23 14:53:53.174 +02:00 [INF] Request starting HTTP/1.1 OPTIONS http://localhost:5259/api/dashboard/occupancy - null null
2026-04-23 14:53:53.176 +02:00 [INF] CORS policy execution successful.
2026-04-23 14:53:53.179 +02:00 [INF] CORS policy execution successful.
2026-04-23 14:53:53.181 +02:00 [INF] CORS policy execution successful.
2026-04-23 14:53:53.186 +02:00 [INF] HTTP OPTIONS /api/dashboard/activity-feed responded 204 in 4.5690 ms
2026-04-23 14:53:53.184 +02:00 [INF] HTTP OPTIONS /api/dashboard/summary responded 204 in 7.4736 ms
2026-04-23 14:53:53.185 +02:00 [INF] HTTP OPTIONS /api/dashboard/recent-bookings responded 204 in 5.9080 ms
2026-04-23 14:53:53.183 +02:00 [INF] CORS policy execution successful.
2026-04-23 14:53:53.187 +02:00 [INF] Request finished HTTP/1.1 OPTIONS http://localhost:5259/api/dashboard/activity-feed?count=6 - 204 null null 13.2947ms
2026-04-23 14:53:53.189 +02:00 [INF] Request finished HTTP/1.1 OPTIONS http://localhost:5259/api/dashboard/summary - 204 null null 15.7222ms
2026-04-23 14:53:53.191 +02:00 [INF] Request finished HTTP/1.1 OPTIONS http://localhost:5259/api/dashboard/recent-bookings?count=5 - 204 null null 17.1949ms
2026-04-23 14:53:53.192 +02:00 [INF] HTTP OPTIONS /api/dashboard/occupancy responded 204 in 8.6966 ms
2026-04-23 14:53:53.195 +02:00 [INF] Request starting HTTP/1.1 GET http://localhost:5259/api/dashboard/activity-feed?count=6 - null null
2026-04-23 14:53:53.198 +02:00 [INF] Request starting HTTP/1.1 GET http://localhost:5259/api/dashboard/summary - null null
2026-04-23 14:53:53.200 +02:00 [INF] Request starting HTTP/1.1 GET http://localhost:5259/api/dashboard/recent-bookings?count=5 - null null
2026-04-23 14:53:53.202 +02:00 [INF] Request finished HTTP/1.1 OPTIONS http://localhost:5259/api/dashboard/occupancy - 204 null null 27.8205ms
2026-04-23 14:53:53.205 +02:00 [INF] CORS policy execution successful.
2026-04-23 14:53:53.207 +02:00 [INF] CORS policy execution successful.
2026-04-23 14:53:53.209 +02:00 [INF] CORS policy execution successful.
2026-04-23 14:53:53.212 +02:00 [INF] Request starting HTTP/1.1 GET http://localhost:5259/api/dashboard/occupancy - null null
2026-04-23 14:53:53.213 +02:00 [INF] Executing endpoint 'HotelBooking.API.Controllers.DashboardController.GetActivityFeed (HotelBooking.API)'
2026-04-23 14:53:53.213 +02:00 [INF] Executing endpoint 'HotelBooking.API.Controllers.DashboardController.GetSummary (HotelBooking.API)'
2026-04-23 14:53:53.214 +02:00 [INF] Executing endpoint 'HotelBooking.API.Controllers.DashboardController.GetRecentBookings (HotelBooking.API)'
2026-04-23 14:53:53.216 +02:00 [INF] CORS policy execution successful.
2026-04-23 14:53:53.217 +02:00 [INF] Route matched with {action = "GetActivityFeed", controller = "Dashboard"}. Executing controller action with signature System.Threading.Tasks.Task`1[Microsoft.AspNetCore.Mvc.IActionResult] GetActivityFeed(Int32, System.Threading.CancellationToken) on controller HotelBooking.API.Controllers.DashboardController (HotelBooking.API).
2026-04-23 14:53:53.218 +02:00 [INF] Route matched with {action = "GetSummary", controller = "Dashboard"}. Executing controller action with signature System.Threading.Tasks.Task`1[Microsoft.AspNetCore.Mvc.IActionResult] GetSummary(System.Threading.CancellationToken) on controller HotelBooking.API.Controllers.DashboardController (HotelBooking.API).
2026-04-23 14:53:53.219 +02:00 [INF] Route matched with {action = "GetRecentBookings", controller = "Dashboard"}. Executing controller action with signature System.Threading.Tasks.Task`1[Microsoft.AspNetCore.Mvc.IActionResult] GetRecentBookings(Int32, System.Threading.CancellationToken) on controller HotelBooking.API.Controllers.DashboardController (HotelBooking.API).
2026-04-23 14:53:53.220 +02:00 [INF] Executing endpoint 'HotelBooking.API.Controllers.DashboardController.GetOccupancy (HotelBooking.API)'
2026-04-23 14:53:53.222 +02:00 [INF] Executed DbCommand (0ms) [Parameters=[@__p_0='?' (DbType = Int32)], CommandType='"Text"', CommandTimeout='30']
SELECT n."Id", n."Title", n."Message", CASE n."Type"
    WHEN 1 THEN 'BookingCreated'
    WHEN 2 THEN 'BookingCancelled'
    WHEN 3 THEN 'CheckInCompleted'
    WHEN 4 THEN 'CheckOutCompleted'
    WHEN 5 THEN 'PaymentCompleted'
    WHEN 6 THEN 'HousekeepingUpdated'
    WHEN 7 THEN 'MaintenanceAlert'
    ELSE n."Type"::text
END, n."CreatedAt"
FROM "Notifications" AS n
ORDER BY n."CreatedAt" DESC
LIMIT @__p_0
2026-04-23 14:53:53.224 +02:00 [INF] Executed DbCommand (0ms) [Parameters=[], CommandType='"Text"', CommandTimeout='30']
SELECT r."Status", count(*)::int AS "Count"
FROM "Rooms" AS r
GROUP BY r."Status"
2026-04-23 14:53:53.226 +02:00 [INF] Route matched with {action = "GetOccupancy", controller = "Dashboard"}. Executing controller action with signature System.Threading.Tasks.Task`1[Microsoft.AspNetCore.Mvc.IActionResult] GetOccupancy(System.Threading.CancellationToken) on controller HotelBooking.API.Controllers.DashboardController (HotelBooking.API).
2026-04-23 14:53:53.226 +02:00 [INF] Executed DbCommand (1ms) [Parameters=[@__p_0='?' (DbType = Int32)], CommandType='"Text"', CommandTimeout='30']
SELECT b0."Id", b0."BookingCode", b0."UserId", u."FullName", u."Email", b0."RoomId", r."RoomNumber", CASE r."Type"
    WHEN 1 THEN 'Standard'
    WHEN 2 THEN 'Deluxe'
    WHEN 3 THEN 'Family'
    WHEN 4 THEN 'BusinessSuite'
    ELSE r."Type"::text
END, b0."CheckInDate", b0."CheckOutDate", b0."TotalAmount", CASE b0."PaymentMethod"
    WHEN 1 THEN 'Card'
    WHEN 2 THEN 'Cash'
    WHEN 3 THEN 'Check'
    ELSE b0."PaymentMethod"::text
END, CASE b0."Status"
    WHEN 1 THEN 'Confirmed'
    WHEN 2 THEN 'Active'
    WHEN 3 THEN 'CheckedOut'
    WHEN 4 THEN 'Cancelled'
    ELSE b0."Status"::text
END, b0."CheckOutDate" - b0."CheckInDate", b0."CreatedAt"
FROM (
    SELECT b."Id", b."BookingCode", b."CheckInDate", b."CheckOutDate", b."CreatedAt", b."PaymentMethod", b."RoomId", b."Status", b."TotalAmount", b."UserId"
    FROM "Bookings" AS b
    ORDER BY b."CreatedAt" DESC
    LIMIT @__p_0
) AS b0
INNER JOIN "Users" AS u ON b0."UserId" = u."Id"
INNER JOIN "Rooms" AS r ON b0."RoomId" = r."Id"
ORDER BY b0."CreatedAt" DESC
2026-04-23 14:53:53.228 +02:00 [INF] Executing OkObjectResult, writing value of type 'HotelBooking.API.Common.ApiResponse'.
2026-04-23 14:53:53.231 +02:00 [INF] Executed DbCommand (1ms) [Parameters=[], CommandType='"Text"', CommandTimeout='30']
SELECT b."Status", count(*)::int AS "Count"
FROM "Bookings" AS b
GROUP BY b."Status"
2026-04-23 14:53:53.237 +02:00 [INF] Executed DbCommand (1ms) [Parameters=[], CommandType='"Text"', CommandTimeout='30']
SELECT r."Id", r."Amenities", r."BedCount", r."CreatedAt", r."FloorNumber", r."PricePerNight", r."RoomNumber", r."Status", r."Type", r."UpdatedAt"
FROM "Rooms" AS r
ORDER BY r."FloorNumber", r."RoomNumber"
2026-04-23 14:53:53.238 +02:00 [INF] Executing OkObjectResult, writing value of type 'HotelBooking.API.Common.ApiResponse'.
2026-04-23 14:53:53.240 +02:00 [INF] Executed action HotelBooking.API.Controllers.DashboardController.GetActivityFeed (HotelBooking.API) in 18.6203ms
2026-04-23 14:53:53.243 +02:00 [INF] Executed DbCommand (1ms) [Parameters=[@__startOfMonth_0='?' (DbType = DateTime)], CommandType='"Text"', CommandTimeout='30']
SELECT COALESCE(sum(p."Amount"), 0.0)
FROM "Payments" AS p
WHERE p."Status" = 2 AND p."PaidAt" >= @__startOfMonth_0
2026-04-23 14:53:53.246 +02:00 [INF] Executed DbCommand (1ms) [Parameters=[], CommandType='"Text"', CommandTimeout='30']
SELECT b."RoomId", u."FullName"
FROM "Bookings" AS b
INNER JOIN "Users" AS u ON b."UserId" = u."Id"
WHERE b."Status" IN (2, 1)
2026-04-23 14:53:53.247 +02:00 [INF] Executed action HotelBooking.API.Controllers.DashboardController.GetRecentBookings (HotelBooking.API) in 22.3321ms
2026-04-23 14:53:53.248 +02:00 [INF] Executed endpoint 'HotelBooking.API.Controllers.DashboardController.GetActivityFeed (HotelBooking.API)'
2026-04-23 14:53:53.252 +02:00 [INF] Executed DbCommand (1ms) [Parameters=[@__request_CallerId_0='?' (DbType = Guid)], CommandType='"Text"', CommandTimeout='30']
SELECT count(*)::int
FROM "Notifications" AS n
WHERE n."UserId" = @__request_CallerId_0 AND NOT (n."IsRead")
2026-04-23 14:53:53.254 +02:00 [INF] Executed action HotelBooking.API.Controllers.DashboardController.GetOccupancy (HotelBooking.API) in 18.7824ms
2026-04-23 14:53:53.255 +02:00 [INF] Executed endpoint 'HotelBooking.API.Controllers.DashboardController.GetRecentBookings (HotelBooking.API)'
2026-04-23 14:53:53.255 +02:00 [INF] HTTP GET /api/dashboard/activity-feed responded 200 in 50.8246 ms
2026-04-23 14:53:53.258 +02:00 [INF] Executing OkObjectResult, writing value of type 'HotelBooking.API.Common.ApiResponse'.
2026-04-23 14:53:53.264 +02:00 [INF] Executed action HotelBooking.API.Controllers.DashboardController.GetSummary (HotelBooking.API) in 41.1864ms
2026-04-23 14:53:53.261 +02:00 [INF] HTTP GET /api/dashboard/recent-bookings responded 200 in 51.6697 ms
2026-04-23 14:53:53.263 +02:00 [INF] Request finished HTTP/1.1 GET http://localhost:5259/api/dashboard/activity-feed?count=6 - 200 null application/json; charset=utf-8 68.1837ms
2026-04-23 14:53:53.260 +02:00 [INF] Executed endpoint 'HotelBooking.API.Controllers.DashboardController.GetOccupancy (HotelBooking.API)'
2026-04-23 14:53:53.266 +02:00 [INF] Executed endpoint 'HotelBooking.API.Controllers.DashboardController.GetSummary (HotelBooking.API)'
2026-04-23 14:53:53.268 +02:00 [INF] Request finished HTTP/1.1 GET http://localhost:5259/api/dashboard/recent-bookings?count=5 - 200 null application/json; charset=utf-8 68.2081ms
2026-04-23 14:53:53.275 +02:00 [ERR] Unhandled exception. TraceId=0HNL16S4U50TQ:00000010 StatusCode=500 Method=GET Path=/api/dashboard/occupancy
System.ArgumentException: An item with the same key has already been added. Key: 20000000-0000-0000-0000-000000000005
   at System.Collections.Generic.Dictionary`2.TryInsert(TKey key, TValue value, InsertionBehavior behavior)
   at System.Collections.Generic.Dictionary`2.Add(TKey key, TValue value)
   at Microsoft.EntityFrameworkCore.EntityFrameworkQueryableExtensions.ToDictionaryAsync[TSource,TKey,TElement](IQueryable`1 source, Func`2 keySelector, Func`2 elementSelector, IEqualityComparer`1 comparer, CancellationToken cancellationToken)
   at Microsoft.EntityFrameworkCore.EntityFrameworkQueryableExtensions.ToDictionaryAsync[TSource,TKey,TElement](IQueryable`1 source, Func`2 keySelector, Func`2 elementSelector, IEqualityComparer`1 comparer, CancellationToken cancellationToken)
   at HotelBooking.Application.Features.Dashboard.Queries.GetDashboardOccupancy.GetDashboardOccupancyQueryHandler.Handle(GetDashboardOccupancyQuery request, CancellationToken cancellationToken) in C:\Users\Flori\Desktop\HBS\backend\src\HotelBooking.Application\Features\Dashboard\Queries\GetDashboardOccupancy\GetDashboardOccupancyQueryHandler.cs:line 23
   at HotelBooking.Application.Common.Behaviors.ValidationBehavior`2.Handle(TRequest request, RequestHandlerDelegate`1 next, CancellationToken cancellationToken) in C:\Users\Flori\Desktop\HBS\backend\src\HotelBooking.Application\Common\Behaviors\ValidationBehavior.cs:line 16
   at HotelBooking.API.Controllers.DashboardController.GetOccupancy(CancellationToken ct) in C:\Users\Flori\Desktop\HBS\backend\src\HotelBooking.API\Controllers\DashboardController.cs:line 42
   at Microsoft.AspNetCore.Mvc.Infrastructure.ActionMethodExecutor.TaskOfIActionResultExecutor.Execute(ActionContext actionContext, IActionResultTypeMapper mapper, ObjectMethodExecutor executor, Object controller, Object[] arguments)
   at Microsoft.AspNetCore.Mvc.Infrastructure.ControllerActionInvoker.<InvokeActionMethodAsync>g__Awaited|12_0(ControllerActionInvoker invoker, ValueTask`1 actionResultValueTask)
   at Microsoft.AspNetCore.Mvc.Infrastructure.ControllerActionInvoker.<InvokeNextActionFilterAsync>g__Awaited|10_0(ControllerActionInvoker invoker, Task lastTask, State next, Scope scope, Object state, Boolean isCompleted)
   at Microsoft.AspNetCore.Mvc.Infrastructure.ControllerActionInvoker.Rethrow(ActionExecutedContextSealed context)
   at Microsoft.AspNetCore.Mvc.Infrastructure.ControllerActionInvoker.Next(State& next, Scope& scope, Object& state, Boolean& isCompleted)
   at Microsoft.AspNetCore.Mvc.Infrastructure.ControllerActionInvoker.<InvokeInnerFilterAsync>g__Awaited|13_0(ControllerActionInvoker invoker, Task lastTask, State next, Scope scope, Object state, Boolean isCompleted)
   at Microsoft.AspNetCore.Mvc.Infrastructure.ResourceInvoker.<InvokeFilterPipelineAsync>g__Awaited|20_0(ResourceInvoker invoker, Task lastTask, State next, Scope scope, Object state, Boolean isCompleted)
   at Microsoft.AspNetCore.Mvc.Infrastructure.ResourceInvoker.<InvokeAsync>g__Logged|17_1(ResourceInvoker invoker)
   at Microsoft.AspNetCore.Mvc.Infrastructure.ResourceInvoker.<InvokeAsync>g__Logged|17_1(ResourceInvoker invoker)
   at Microsoft.AspNetCore.Routing.EndpointMiddleware.<Invoke>g__AwaitRequestTask|7_0(Endpoint endpoint, Task requestTask, ILogger logger)
   at Microsoft.AspNetCore.Authorization.AuthorizationMiddleware.Invoke(HttpContext context)
   at Microsoft.AspNetCore.Authentication.AuthenticationMiddleware.Invoke(HttpContext context)
   at HotelBooking.API.Middleware.ExceptionHandlingMiddleware.Invoke(HttpContext context) in C:\Users\Flori\Desktop\HBS\backend\src\HotelBooking.API\Middleware\ExceptionHandlingMiddleware.cs:line 17
2026-04-23 14:53:53.277 +02:00 [INF] HTTP GET /api/dashboard/summary responded 200 in 70.0812 ms
2026-04-23 14:53:53.289 +02:00 [ERR] HTTP GET /api/dashboard/occupancy responded 500 in 72.1361 ms
2026-04-23 14:53:53.290 +02:00 [INF] Request finished HTTP/1.1 GET http://localhost:5259/api/dashboard/summary - 200 null application/json; charset=utf-8 92.8231ms
2026-04-23 14:53:53.292 +02:00 [INF] Request finished HTTP/1.1 GET http://localhost:5259/api/dashboard/occupancy - 500 null application/json 80.1945ms
2026-04-23 15:00:19.569 +02:00 [INF] Request starting HTTP/1.1 OPTIONS http://localhost:5259/api/dashboard/summary - null null
2026-04-23 15:00:19.571 +02:00 [INF] Request starting HTTP/1.1 OPTIONS http://localhost:5259/api/dashboard/recent-bookings?count=5 - null null
2026-04-23 15:00:19.572 +02:00 [INF] CORS policy execution successful.
2026-04-23 15:00:19.573 +02:00 [INF] Request starting HTTP/1.1 OPTIONS http://localhost:5259/api/dashboard/activity-feed?count=6 - null null
2026-04-23 15:00:19.575 +02:00 [INF] Request starting HTTP/1.1 OPTIONS http://localhost:5259/api/dashboard/occupancy - null null
2026-04-23 15:00:19.575 +02:00 [INF] CORS policy execution successful.
2026-04-23 15:00:19.576 +02:00 [INF] HTTP OPTIONS /api/dashboard/summary responded 204 in 4.5368 ms
2026-04-23 15:00:19.580 +02:00 [INF] CORS policy execution successful.
2026-04-23 15:00:19.583 +02:00 [INF] CORS policy execution successful.
2026-04-23 15:00:19.584 +02:00 [INF] HTTP OPTIONS /api/dashboard/recent-bookings responded 204 in 8.5335 ms
2026-04-23 15:00:19.586 +02:00 [INF] Request finished HTTP/1.1 OPTIONS http://localhost:5259/api/dashboard/summary - 204 null null 17.5707ms
2026-04-23 15:00:19.588 +02:00 [INF] HTTP OPTIONS /api/dashboard/activity-feed responded 204 in 7.8725 ms
2026-04-23 15:00:19.589 +02:00 [INF] HTTP OPTIONS /api/dashboard/occupancy responded 204 in 5.6821 ms
2026-04-23 15:00:19.591 +02:00 [INF] Request finished HTTP/1.1 OPTIONS http://localhost:5259/api/dashboard/recent-bookings?count=5 - 204 null null 19.7343ms
2026-04-23 15:00:19.596 +02:00 [INF] Request starting HTTP/1.1 GET http://localhost:5259/api/dashboard/summary - null null
2026-04-23 15:00:19.599 +02:00 [INF] Request finished HTTP/1.1 OPTIONS http://localhost:5259/api/dashboard/activity-feed?count=6 - 204 null null 26.2903ms
2026-04-23 15:00:19.601 +02:00 [INF] Request finished HTTP/1.1 OPTIONS http://localhost:5259/api/dashboard/occupancy - 204 null null 26.1707ms
2026-04-23 15:00:19.606 +02:00 [INF] Request starting HTTP/1.1 GET http://localhost:5259/api/dashboard/recent-bookings?count=5 - null null
2026-04-23 15:00:19.609 +02:00 [INF] CORS policy execution successful.
2026-04-23 15:00:19.614 +02:00 [INF] Request starting HTTP/1.1 GET http://localhost:5259/api/dashboard/activity-feed?count=6 - null null
2026-04-23 15:00:19.618 +02:00 [INF] Request starting HTTP/1.1 GET http://localhost:5259/api/dashboard/occupancy - null null
2026-04-23 15:00:19.626 +02:00 [INF] Request starting HTTP/1.1 OPTIONS http://localhost:5259/api/notifications?pageNumber=1&pageSize=8 - null null
2026-04-23 15:00:19.626 +02:00 [INF] CORS policy execution successful.
2026-04-23 15:00:19.627 +02:00 [INF] Executing endpoint 'HotelBooking.API.Controllers.DashboardController.GetSummary (HotelBooking.API)'
2026-04-23 15:00:19.631 +02:00 [INF] CORS policy execution successful.
2026-04-23 15:00:19.634 +02:00 [INF] CORS policy execution successful.
2026-04-23 15:00:19.637 +02:00 [INF] CORS policy execution successful.
2026-04-23 15:00:19.638 +02:00 [INF] Executing endpoint 'HotelBooking.API.Controllers.DashboardController.GetRecentBookings (HotelBooking.API)'
2026-04-23 15:00:19.639 +02:00 [INF] Route matched with {action = "GetSummary", controller = "Dashboard"}. Executing controller action with signature System.Threading.Tasks.Task`1[Microsoft.AspNetCore.Mvc.IActionResult] GetSummary(System.Threading.CancellationToken) on controller HotelBooking.API.Controllers.DashboardController (HotelBooking.API).
2026-04-23 15:00:19.641 +02:00 [INF] Executing endpoint 'HotelBooking.API.Controllers.DashboardController.GetActivityFeed (HotelBooking.API)'
2026-04-23 15:00:19.642 +02:00 [INF] Executing endpoint 'HotelBooking.API.Controllers.DashboardController.GetOccupancy (HotelBooking.API)'
2026-04-23 15:00:19.643 +02:00 [INF] HTTP OPTIONS /api/notifications responded 204 in 5.7651 ms
2026-04-23 15:00:19.644 +02:00 [INF] Route matched with {action = "GetRecentBookings", controller = "Dashboard"}. Executing controller action with signature System.Threading.Tasks.Task`1[Microsoft.AspNetCore.Mvc.IActionResult] GetRecentBookings(Int32, System.Threading.CancellationToken) on controller HotelBooking.API.Controllers.DashboardController (HotelBooking.API).
2026-04-23 15:00:19.648 +02:00 [INF] Route matched with {action = "GetActivityFeed", controller = "Dashboard"}. Executing controller action with signature System.Threading.Tasks.Task`1[Microsoft.AspNetCore.Mvc.IActionResult] GetActivityFeed(Int32, System.Threading.CancellationToken) on controller HotelBooking.API.Controllers.DashboardController (HotelBooking.API).
2026-04-23 15:00:19.649 +02:00 [INF] Route matched with {action = "GetOccupancy", controller = "Dashboard"}. Executing controller action with signature System.Threading.Tasks.Task`1[Microsoft.AspNetCore.Mvc.IActionResult] GetOccupancy(System.Threading.CancellationToken) on controller HotelBooking.API.Controllers.DashboardController (HotelBooking.API).
2026-04-23 15:00:19.651 +02:00 [INF] Request finished HTTP/1.1 OPTIONS http://localhost:5259/api/notifications?pageNumber=1&pageSize=8 - 204 null null 25.609ms
2026-04-23 15:00:19.679 +02:00 [INF] Request starting HTTP/1.1 GET http://localhost:5259/api/notifications?pageNumber=1&pageSize=8 - null null
2026-04-23 15:00:19.688 +02:00 [INF] CORS policy execution successful.
2026-04-23 15:00:19.691 +02:00 [INF] Executing endpoint 'HotelBooking.API.Controllers.NotificationsController.GetNotifications (HotelBooking.API)'
2026-04-23 15:00:19.693 +02:00 [INF] Route matched with {action = "GetNotifications", controller = "Notifications"}. Executing controller action with signature System.Threading.Tasks.Task`1[Microsoft.AspNetCore.Mvc.IActionResult] GetNotifications(Boolean, Int32, Int32, System.Threading.CancellationToken) on controller HotelBooking.API.Controllers.NotificationsController (HotelBooking.API).
2026-04-23 15:00:19.730 +02:00 [INF] Executed DbCommand (4ms) [Parameters=[], CommandType='"Text"', CommandTimeout='30']
SELECT r."Status", count(*)::int AS "Count"
FROM "Rooms" AS r
GROUP BY r."Status"
2026-04-23 15:00:19.734 +02:00 [INF] Executed DbCommand (1ms) [Parameters=[], CommandType='"Text"', CommandTimeout='30']
SELECT b."Status", count(*)::int AS "Count"
FROM "Bookings" AS b
GROUP BY b."Status"
2026-04-23 15:00:19.740 +02:00 [INF] Executed DbCommand (2ms) [Parameters=[@__startOfMonth_0='?' (DbType = DateTime)], CommandType='"Text"', CommandTimeout='30']
SELECT COALESCE(sum(p."Amount"), 0.0)
FROM "Payments" AS p
WHERE p."Status" = 2 AND p."PaidAt" >= @__startOfMonth_0
2026-04-23 15:00:19.740 +02:00 [INF] Executed DbCommand (6ms) [Parameters=[@__p_0='?' (DbType = Int32)], CommandType='"Text"', CommandTimeout='30']
SELECT b0."Id", b0."BookingCode", b0."UserId", u."FullName", u."Email", b0."RoomId", r."RoomNumber", CASE r."Type"
    WHEN 1 THEN 'Standard'
    WHEN 2 THEN 'Deluxe'
    WHEN 3 THEN 'Family'
    WHEN 4 THEN 'BusinessSuite'
    ELSE r."Type"::text
END, b0."CheckInDate", b0."CheckOutDate", b0."TotalAmount", CASE b0."PaymentMethod"
    WHEN 1 THEN 'Card'
    WHEN 2 THEN 'Cash'
    WHEN 3 THEN 'Check'
    ELSE b0."PaymentMethod"::text
END, CASE b0."Status"
    WHEN 1 THEN 'Confirmed'
    WHEN 2 THEN 'Active'
    WHEN 3 THEN 'CheckedOut'
    WHEN 4 THEN 'Cancelled'
    ELSE b0."Status"::text
END, b0."CheckOutDate" - b0."CheckInDate", b0."CreatedAt"
FROM (
    SELECT b."Id", b."BookingCode", b."CheckInDate", b."CheckOutDate", b."CreatedAt", b."PaymentMethod", b."RoomId", b."Status", b."TotalAmount", b."UserId"
    FROM "Bookings" AS b
    ORDER BY b."CreatedAt" DESC
    LIMIT @__p_0
) AS b0
INNER JOIN "Users" AS u ON b0."UserId" = u."Id"
INNER JOIN "Rooms" AS r ON b0."RoomId" = r."Id"
ORDER BY b0."CreatedAt" DESC
2026-04-23 15:00:19.748 +02:00 [INF] Executed DbCommand (3ms) [Parameters=[@__p_0='?' (DbType = Int32)], CommandType='"Text"', CommandTimeout='30']
SELECT n."Id", n."Title", n."Message", CASE n."Type"
    WHEN 1 THEN 'BookingCreated'
    WHEN 2 THEN 'BookingCancelled'
    WHEN 3 THEN 'CheckInCompleted'
    WHEN 4 THEN 'CheckOutCompleted'
    WHEN 5 THEN 'PaymentCompleted'
    WHEN 6 THEN 'HousekeepingUpdated'
    WHEN 7 THEN 'MaintenanceAlert'
    ELSE n."Type"::text
END, n."CreatedAt"
FROM "Notifications" AS n
ORDER BY n."CreatedAt" DESC
LIMIT @__p_0
2026-04-23 15:00:19.749 +02:00 [INF] Executed DbCommand (2ms) [Parameters=[@__request_CallerId_0='?' (DbType = Guid)], CommandType='"Text"', CommandTimeout='30']
SELECT count(*)::int
FROM "Notifications" AS n
WHERE n."UserId" = @__request_CallerId_0 AND NOT (n."IsRead")
2026-04-23 15:00:19.751 +02:00 [INF] Executing OkObjectResult, writing value of type 'HotelBooking.API.Common.ApiResponse'.
2026-04-23 15:00:19.753 +02:00 [INF] Executing OkObjectResult, writing value of type 'HotelBooking.API.Common.ApiResponse'.
2026-04-23 15:00:19.757 +02:00 [INF] Executing OkObjectResult, writing value of type 'HotelBooking.API.Common.ApiResponse'.
2026-04-23 15:00:19.758 +02:00 [INF] Executed DbCommand (4ms) [Parameters=[], CommandType='"Text"', CommandTimeout='30']
SELECT r."Id", r."Amenities", r."BedCount", r."CreatedAt", r."FloorNumber", r."PricePerNight", r."RoomNumber", r."Status", r."Type", r."UpdatedAt"
FROM "Rooms" AS r
ORDER BY r."FloorNumber", r."RoomNumber"
2026-04-23 15:00:19.759 +02:00 [INF] Executed action HotelBooking.API.Controllers.DashboardController.GetRecentBookings (HotelBooking.API) in 98.5635ms
2026-04-23 15:00:19.760 +02:00 [INF] Executed action HotelBooking.API.Controllers.DashboardController.GetActivityFeed (HotelBooking.API) in 97.0018ms
2026-04-23 15:00:19.762 +02:00 [INF] Executed action HotelBooking.API.Controllers.DashboardController.GetSummary (HotelBooking.API) in 115.831ms
2026-04-23 15:00:19.766 +02:00 [INF] Executed DbCommand (1ms) [Parameters=[], CommandType='"Text"', CommandTimeout='30']
SELECT b."RoomId", u."FullName"
FROM "Bookings" AS b
INNER JOIN "Users" AS u ON b."UserId" = u."Id"
WHERE b."Status" IN (2, 1)
2026-04-23 15:00:19.767 +02:00 [INF] Executed endpoint 'HotelBooking.API.Controllers.DashboardController.GetRecentBookings (HotelBooking.API)'
2026-04-23 15:00:19.769 +02:00 [INF] Executed endpoint 'HotelBooking.API.Controllers.DashboardController.GetActivityFeed (HotelBooking.API)'
2026-04-23 15:00:19.770 +02:00 [INF] Executed DbCommand (3ms) [Parameters=[@__userId_0='?' (DbType = Guid)], CommandType='"Text"', CommandTimeout='30']
SELECT count(*)::int
FROM "Notifications" AS n
WHERE n."UserId" = @__userId_0 AND NOT (n."IsRead")
2026-04-23 15:00:19.771 +02:00 [INF] Executed endpoint 'HotelBooking.API.Controllers.DashboardController.GetSummary (HotelBooking.API)'
2026-04-23 15:00:19.779 +02:00 [INF] Executed DbCommand (1ms) [Parameters=[@__userId_0='?' (DbType = Guid)], CommandType='"Text"', CommandTimeout='30']
SELECT count(*)::int
FROM "Notifications" AS n
WHERE n."UserId" = @__userId_0
2026-04-23 15:00:19.774 +02:00 [INF] HTTP GET /api/dashboard/recent-bookings responded 200 in 148.4318 ms
2026-04-23 15:00:19.776 +02:00 [INF] HTTP GET /api/dashboard/activity-feed responded 200 in 145.0892 ms
2026-04-23 15:00:19.774 +02:00 [INF] Executed action HotelBooking.API.Controllers.DashboardController.GetOccupancy (HotelBooking.API) in 106.9079ms
2026-04-23 15:00:19.779 +02:00 [INF] HTTP GET /api/dashboard/summary responded 200 in 170.4193 ms
2026-04-23 15:00:19.783 +02:00 [INF] Executed DbCommand (1ms) [Parameters=[@__userId_0='?' (DbType = Guid), @__p_2='?' (DbType = Int32), @__p_1='?' (DbType = Int32)], CommandType='"Text"', CommandTimeout='30']
SELECT n."Id", n."Title", n."Message", CASE n."Type"
    WHEN 1 THEN 'BookingCreated'
    WHEN 2 THEN 'BookingCancelled'
    WHEN 3 THEN 'CheckInCompleted'
    WHEN 4 THEN 'CheckOutCompleted'
    WHEN 5 THEN 'PaymentCompleted'
    WHEN 6 THEN 'HousekeepingUpdated'
    WHEN 7 THEN 'MaintenanceAlert'
    ELSE n."Type"::text
END, n."IsRead", n."CreatedAt"
FROM "Notifications" AS n
WHERE n."UserId" = @__userId_0
ORDER BY n."CreatedAt" DESC
LIMIT @__p_2 OFFSET @__p_1
2026-04-23 15:00:19.784 +02:00 [INF] Request finished HTTP/1.1 GET http://localhost:5259/api/dashboard/recent-bookings?count=5 - 200 null application/json; charset=utf-8 177.9106ms
2026-04-23 15:00:19.786 +02:00 [INF] Request finished HTTP/1.1 GET http://localhost:5259/api/dashboard/activity-feed?count=6 - 200 null application/json; charset=utf-8 172.1925ms
2026-04-23 15:00:19.787 +02:00 [INF] Executed endpoint 'HotelBooking.API.Controllers.DashboardController.GetOccupancy (HotelBooking.API)'
2026-04-23 15:00:19.789 +02:00 [INF] Request finished HTTP/1.1 GET http://localhost:5259/api/dashboard/summary - 200 null application/json; charset=utf-8 193.0072ms
2026-04-23 15:00:19.792 +02:00 [INF] Executing OkObjectResult, writing value of type 'HotelBooking.API.Common.ApiResponse'.
2026-04-23 15:00:19.800 +02:00 [ERR] Unhandled exception. TraceId=0HNL16S4U50U3:00000002 StatusCode=500 Method=GET Path=/api/dashboard/occupancy
System.ArgumentException: An item with the same key has already been added. Key: 20000000-0000-0000-0000-000000000005
   at System.Collections.Generic.Dictionary`2.TryInsert(TKey key, TValue value, InsertionBehavior behavior)
   at System.Collections.Generic.Dictionary`2.Add(TKey key, TValue value)
   at Microsoft.EntityFrameworkCore.EntityFrameworkQueryableExtensions.ToDictionaryAsync[TSource,TKey,TElement](IQueryable`1 source, Func`2 keySelector, Func`2 elementSelector, IEqualityComparer`1 comparer, CancellationToken cancellationToken)
   at Microsoft.EntityFrameworkCore.EntityFrameworkQueryableExtensions.ToDictionaryAsync[TSource,TKey,TElement](IQueryable`1 source, Func`2 keySelector, Func`2 elementSelector, IEqualityComparer`1 comparer, CancellationToken cancellationToken)
   at HotelBooking.Application.Features.Dashboard.Queries.GetDashboardOccupancy.GetDashboardOccupancyQueryHandler.Handle(GetDashboardOccupancyQuery request, CancellationToken cancellationToken) in C:\Users\Flori\Desktop\HBS\backend\src\HotelBooking.Application\Features\Dashboard\Queries\GetDashboardOccupancy\GetDashboardOccupancyQueryHandler.cs:line 23
   at HotelBooking.Application.Common.Behaviors.ValidationBehavior`2.Handle(TRequest request, RequestHandlerDelegate`1 next, CancellationToken cancellationToken) in C:\Users\Flori\Desktop\HBS\backend\src\HotelBooking.Application\Common\Behaviors\ValidationBehavior.cs:line 16
   at HotelBooking.API.Controllers.DashboardController.GetOccupancy(CancellationToken ct) in C:\Users\Flori\Desktop\HBS\backend\src\HotelBooking.API\Controllers\DashboardController.cs:line 42
   at Microsoft.AspNetCore.Mvc.Infrastructure.ActionMethodExecutor.TaskOfIActionResultExecutor.Execute(ActionContext actionContext, IActionResultTypeMapper mapper, ObjectMethodExecutor executor, Object controller, Object[] arguments)
   at Microsoft.AspNetCore.Mvc.Infrastructure.ControllerActionInvoker.<InvokeActionMethodAsync>g__Awaited|12_0(ControllerActionInvoker invoker, ValueTask`1 actionResultValueTask)
   at Microsoft.AspNetCore.Mvc.Infrastructure.ControllerActionInvoker.<InvokeNextActionFilterAsync>g__Awaited|10_0(ControllerActionInvoker invoker, Task lastTask, State next, Scope scope, Object state, Boolean isCompleted)
   at Microsoft.AspNetCore.Mvc.Infrastructure.ControllerActionInvoker.Rethrow(ActionExecutedContextSealed context)
   at Microsoft.AspNetCore.Mvc.Infrastructure.ControllerActionInvoker.Next(State& next, Scope& scope, Object& state, Boolean& isCompleted)
   at Microsoft.AspNetCore.Mvc.Infrastructure.ControllerActionInvoker.<InvokeInnerFilterAsync>g__Awaited|13_0(ControllerActionInvoker invoker, Task lastTask, State next, Scope scope, Object state, Boolean isCompleted)
   at Microsoft.AspNetCore.Mvc.Infrastructure.ResourceInvoker.<InvokeFilterPipelineAsync>g__Awaited|20_0(ResourceInvoker invoker, Task lastTask, State next, Scope scope, Object state, Boolean isCompleted)
   at Microsoft.AspNetCore.Mvc.Infrastructure.ResourceInvoker.<InvokeAsync>g__Logged|17_1(ResourceInvoker invoker)
   at Microsoft.AspNetCore.Mvc.Infrastructure.ResourceInvoker.<InvokeAsync>g__Logged|17_1(ResourceInvoker invoker)
   at Microsoft.AspNetCore.Routing.EndpointMiddleware.<Invoke>g__AwaitRequestTask|7_0(Endpoint endpoint, Task requestTask, ILogger logger)
   at Microsoft.AspNetCore.Authorization.AuthorizationMiddleware.Invoke(HttpContext context)
   at Microsoft.AspNetCore.Authentication.AuthenticationMiddleware.Invoke(HttpContext context)
   at HotelBooking.API.Middleware.ExceptionHandlingMiddleware.Invoke(HttpContext context) in C:\Users\Flori\Desktop\HBS\backend\src\HotelBooking.API\Middleware\ExceptionHandlingMiddleware.cs:line 17
2026-04-23 15:00:19.805 +02:00 [INF] Executed action HotelBooking.API.Controllers.NotificationsController.GetNotifications (HotelBooking.API) in 104.8826ms
2026-04-23 15:00:19.813 +02:00 [ERR] HTTP GET /api/dashboard/occupancy responded 500 in 178.8855 ms
2026-04-23 15:00:19.813 +02:00 [INF] Executed endpoint 'HotelBooking.API.Controllers.NotificationsController.GetNotifications (HotelBooking.API)'
2026-04-23 15:00:19.816 +02:00 [INF] Request finished HTTP/1.1 GET http://localhost:5259/api/dashboard/occupancy - 500 null application/json 197.7137ms
2026-04-23 15:00:19.817 +02:00 [INF] HTTP GET /api/notifications responded 200 in 128.7296 ms
2026-04-23 15:00:19.823 +02:00 [INF] Request finished HTTP/1.1 GET http://localhost:5259/api/notifications?pageNumber=1&pageSize=8 - 200 null application/json; charset=utf-8 143.382ms
2026-04-23 15:00:20.824 +02:00 [INF] Request starting HTTP/1.1 OPTIONS http://localhost:5259/api/dashboard/summary - null null
2026-04-23 15:00:20.825 +02:00 [INF] Request starting HTTP/1.1 OPTIONS http://localhost:5259/api/dashboard/recent-bookings?count=5 - null null
2026-04-23 15:00:20.825 +02:00 [INF] Request starting HTTP/1.1 OPTIONS http://localhost:5259/api/dashboard/activity-feed?count=6 - null null
2026-04-23 15:00:20.826 +02:00 [INF] Request starting HTTP/1.1 OPTIONS http://localhost:5259/api/dashboard/occupancy - null null
2026-04-23 15:00:20.829 +02:00 [INF] CORS policy execution successful.
2026-04-23 15:00:20.831 +02:00 [INF] CORS policy execution successful.
2026-04-23 15:00:20.833 +02:00 [INF] CORS policy execution successful.
2026-04-23 15:00:20.836 +02:00 [INF] CORS policy execution successful.
2026-04-23 15:00:20.837 +02:00 [INF] HTTP OPTIONS /api/dashboard/summary responded 204 in 8.2466 ms
2026-04-23 15:00:20.838 +02:00 [INF] HTTP OPTIONS /api/dashboard/recent-bookings responded 204 in 6.3754 ms
2026-04-23 15:00:20.839 +02:00 [INF] HTTP OPTIONS /api/dashboard/activity-feed responded 204 in 5.2389 ms
2026-04-23 15:00:20.839 +02:00 [INF] HTTP OPTIONS /api/dashboard/occupancy responded 204 in 3.4481 ms
2026-04-23 15:00:20.841 +02:00 [INF] Request finished HTTP/1.1 OPTIONS http://localhost:5259/api/dashboard/summary - 204 null null 16.8622ms
2026-04-23 15:00:20.843 +02:00 [INF] Request finished HTTP/1.1 OPTIONS http://localhost:5259/api/dashboard/recent-bookings?count=5 - 204 null null 18.4751ms
2026-04-23 15:00:20.845 +02:00 [INF] Request finished HTTP/1.1 OPTIONS http://localhost:5259/api/dashboard/activity-feed?count=6 - 204 null null 19.7969ms
2026-04-23 15:00:20.847 +02:00 [INF] Request finished HTTP/1.1 OPTIONS http://localhost:5259/api/dashboard/occupancy - 204 null null 21.7245ms
2026-04-23 15:00:20.850 +02:00 [INF] Request starting HTTP/1.1 GET http://localhost:5259/api/dashboard/summary - null null
2026-04-23 15:00:20.853 +02:00 [INF] Request starting HTTP/1.1 GET http://localhost:5259/api/dashboard/recent-bookings?count=5 - null null
2026-04-23 15:00:20.856 +02:00 [INF] Request starting HTTP/1.1 GET http://localhost:5259/api/dashboard/activity-feed?count=6 - null null
2026-04-23 15:00:20.860 +02:00 [INF] Request starting HTTP/1.1 GET http://localhost:5259/api/dashboard/occupancy - null null
2026-04-23 15:00:20.863 +02:00 [INF] CORS policy execution successful.
2026-04-23 15:00:20.865 +02:00 [INF] CORS policy execution successful.
2026-04-23 15:00:20.867 +02:00 [INF] CORS policy execution successful.
2026-04-23 15:00:20.870 +02:00 [INF] CORS policy execution successful.
2026-04-23 15:00:20.870 +02:00 [INF] Executing endpoint 'HotelBooking.API.Controllers.DashboardController.GetSummary (HotelBooking.API)'
2026-04-23 15:00:20.871 +02:00 [INF] Executing endpoint 'HotelBooking.API.Controllers.DashboardController.GetRecentBookings (HotelBooking.API)'
2026-04-23 15:00:20.872 +02:00 [INF] Executing endpoint 'HotelBooking.API.Controllers.DashboardController.GetActivityFeed (HotelBooking.API)'
2026-04-23 15:00:20.873 +02:00 [INF] Executing endpoint 'HotelBooking.API.Controllers.DashboardController.GetOccupancy (HotelBooking.API)'
2026-04-23 15:00:20.874 +02:00 [INF] Route matched with {action = "GetSummary", controller = "Dashboard"}. Executing controller action with signature System.Threading.Tasks.Task`1[Microsoft.AspNetCore.Mvc.IActionResult] GetSummary(System.Threading.CancellationToken) on controller HotelBooking.API.Controllers.DashboardController (HotelBooking.API).
2026-04-23 15:00:20.875 +02:00 [INF] Route matched with {action = "GetRecentBookings", controller = "Dashboard"}. Executing controller action with signature System.Threading.Tasks.Task`1[Microsoft.AspNetCore.Mvc.IActionResult] GetRecentBookings(Int32, System.Threading.CancellationToken) on controller HotelBooking.API.Controllers.DashboardController (HotelBooking.API).
2026-04-23 15:00:20.876 +02:00 [INF] Route matched with {action = "GetActivityFeed", controller = "Dashboard"}. Executing controller action with signature System.Threading.Tasks.Task`1[Microsoft.AspNetCore.Mvc.IActionResult] GetActivityFeed(Int32, System.Threading.CancellationToken) on controller HotelBooking.API.Controllers.DashboardController (HotelBooking.API).
2026-04-23 15:00:20.877 +02:00 [INF] Route matched with {action = "GetOccupancy", controller = "Dashboard"}. Executing controller action with signature System.Threading.Tasks.Task`1[Microsoft.AspNetCore.Mvc.IActionResult] GetOccupancy(System.Threading.CancellationToken) on controller HotelBooking.API.Controllers.DashboardController (HotelBooking.API).
2026-04-23 15:00:20.881 +02:00 [INF] Executed DbCommand (1ms) [Parameters=[], CommandType='"Text"', CommandTimeout='30']
SELECT r."Status", count(*)::int AS "Count"
FROM "Rooms" AS r
GROUP BY r."Status"
2026-04-23 15:00:20.884 +02:00 [INF] Executed DbCommand (2ms) [Parameters=[@__p_0='?' (DbType = Int32)], CommandType='"Text"', CommandTimeout='30']
SELECT b0."Id", b0."BookingCode", b0."UserId", u."FullName", u."Email", b0."RoomId", r."RoomNumber", CASE r."Type"
    WHEN 1 THEN 'Standard'
    WHEN 2 THEN 'Deluxe'
    WHEN 3 THEN 'Family'
    WHEN 4 THEN 'BusinessSuite'
    ELSE r."Type"::text
END, b0."CheckInDate", b0."CheckOutDate", b0."TotalAmount", CASE b0."PaymentMethod"
    WHEN 1 THEN 'Card'
    WHEN 2 THEN 'Cash'
    WHEN 3 THEN 'Check'
    ELSE b0."PaymentMethod"::text
END, CASE b0."Status"
    WHEN 1 THEN 'Confirmed'
    WHEN 2 THEN 'Active'
    WHEN 3 THEN 'CheckedOut'
    WHEN 4 THEN 'Cancelled'
    ELSE b0."Status"::text
END, b0."CheckOutDate" - b0."CheckInDate", b0."CreatedAt"
FROM (
    SELECT b."Id", b."BookingCode", b."CheckInDate", b."CheckOutDate", b."CreatedAt", b."PaymentMethod", b."RoomId", b."Status", b."TotalAmount", b."UserId"
    FROM "Bookings" AS b
    ORDER BY b."CreatedAt" DESC
    LIMIT @__p_0
) AS b0
INNER JOIN "Users" AS u ON b0."UserId" = u."Id"
INNER JOIN "Rooms" AS r ON b0."RoomId" = r."Id"
ORDER BY b0."CreatedAt" DESC
2026-04-23 15:00:20.885 +02:00 [INF] Executed DbCommand (1ms) [Parameters=[@__p_0='?' (DbType = Int32)], CommandType='"Text"', CommandTimeout='30']
SELECT n."Id", n."Title", n."Message", CASE n."Type"
    WHEN 1 THEN 'BookingCreated'
    WHEN 2 THEN 'BookingCancelled'
    WHEN 3 THEN 'CheckInCompleted'
    WHEN 4 THEN 'CheckOutCompleted'
    WHEN 5 THEN 'PaymentCompleted'
    WHEN 6 THEN 'HousekeepingUpdated'
    WHEN 7 THEN 'MaintenanceAlert'
    ELSE n."Type"::text
END, n."CreatedAt"
FROM "Notifications" AS n
ORDER BY n."CreatedAt" DESC
LIMIT @__p_0
2026-04-23 15:00:20.887 +02:00 [INF] Executed DbCommand (2ms) [Parameters=[], CommandType='"Text"', CommandTimeout='30']
SELECT r."Id", r."Amenities", r."BedCount", r."CreatedAt", r."FloorNumber", r."PricePerNight", r."RoomNumber", r."Status", r."Type", r."UpdatedAt"
FROM "Rooms" AS r
ORDER BY r."FloorNumber", r."RoomNumber"
2026-04-23 15:00:20.888 +02:00 [INF] Executed DbCommand (1ms) [Parameters=[], CommandType='"Text"', CommandTimeout='30']
SELECT b."Status", count(*)::int AS "Count"
FROM "Bookings" AS b
GROUP BY b."Status"
2026-04-23 15:00:20.890 +02:00 [INF] Executing OkObjectResult, writing value of type 'HotelBooking.API.Common.ApiResponse'.
2026-04-23 15:00:20.892 +02:00 [INF] Executing OkObjectResult, writing value of type 'HotelBooking.API.Common.ApiResponse'.
2026-04-23 15:00:20.899 +02:00 [INF] Executed DbCommand (3ms) [Parameters=[], CommandType='"Text"', CommandTimeout='30']
SELECT b."RoomId", u."FullName"
FROM "Bookings" AS b
INNER JOIN "Users" AS u ON b."UserId" = u."Id"
WHERE b."Status" IN (2, 1)
2026-04-23 15:00:20.899 +02:00 [INF] Executed action HotelBooking.API.Controllers.DashboardController.GetRecentBookings (HotelBooking.API) in 17.5007ms
2026-04-23 15:00:20.899 +02:00 [INF] Executed DbCommand (1ms) [Parameters=[@__startOfMonth_0='?' (DbType = DateTime)], CommandType='"Text"', CommandTimeout='30']
SELECT COALESCE(sum(p."Amount"), 0.0)
FROM "Payments" AS p
WHERE p."Status" = 2 AND p."PaidAt" >= @__startOfMonth_0
2026-04-23 15:00:20.900 +02:00 [INF] Executed action HotelBooking.API.Controllers.DashboardController.GetActivityFeed (HotelBooking.API) in 16.8573ms
2026-04-23 15:00:20.903 +02:00 [INF] Executed action HotelBooking.API.Controllers.DashboardController.GetOccupancy (HotelBooking.API) in 17.817ms
2026-04-23 15:00:20.905 +02:00 [INF] Executed endpoint 'HotelBooking.API.Controllers.DashboardController.GetRecentBookings (HotelBooking.API)'
2026-04-23 15:00:20.908 +02:00 [INF] Executed DbCommand (1ms) [Parameters=[@__request_CallerId_0='?' (DbType = Guid)], CommandType='"Text"', CommandTimeout='30']
SELECT count(*)::int
FROM "Notifications" AS n
WHERE n."UserId" = @__request_CallerId_0 AND NOT (n."IsRead")
2026-04-23 15:00:20.909 +02:00 [INF] Executed endpoint 'HotelBooking.API.Controllers.DashboardController.GetActivityFeed (HotelBooking.API)'
2026-04-23 15:00:20.910 +02:00 [INF] Executed endpoint 'HotelBooking.API.Controllers.DashboardController.GetOccupancy (HotelBooking.API)'
2026-04-23 15:00:20.917 +02:00 [ERR] Unhandled exception. TraceId=0HNL16S4U50U2:00000004 StatusCode=500 Method=GET Path=/api/dashboard/occupancy
System.ArgumentException: An item with the same key has already been added. Key: 20000000-0000-0000-0000-000000000005
   at System.Collections.Generic.Dictionary`2.TryInsert(TKey key, TValue value, InsertionBehavior behavior)
   at System.Collections.Generic.Dictionary`2.Add(TKey key, TValue value)
   at Microsoft.EntityFrameworkCore.EntityFrameworkQueryableExtensions.ToDictionaryAsync[TSource,TKey,TElement](IQueryable`1 source, Func`2 keySelector, Func`2 elementSelector, IEqualityComparer`1 comparer, CancellationToken cancellationToken)
   at Microsoft.EntityFrameworkCore.EntityFrameworkQueryableExtensions.ToDictionaryAsync[TSource,TKey,TElement](IQueryable`1 source, Func`2 keySelector, Func`2 elementSelector, IEqualityComparer`1 comparer, CancellationToken cancellationToken)
   at HotelBooking.Application.Features.Dashboard.Queries.GetDashboardOccupancy.GetDashboardOccupancyQueryHandler.Handle(GetDashboardOccupancyQuery request, CancellationToken cancellationToken) in C:\Users\Flori\Desktop\HBS\backend\src\HotelBooking.Application\Features\Dashboard\Queries\GetDashboardOccupancy\GetDashboardOccupancyQueryHandler.cs:line 23
   at HotelBooking.Application.Common.Behaviors.ValidationBehavior`2.Handle(TRequest request, RequestHandlerDelegate`1 next, CancellationToken cancellationToken) in C:\Users\Flori\Desktop\HBS\backend\src\HotelBooking.Application\Common\Behaviors\ValidationBehavior.cs:line 16
   at HotelBooking.API.Controllers.DashboardController.GetOccupancy(CancellationToken ct) in C:\Users\Flori\Desktop\HBS\backend\src\HotelBooking.API\Controllers\DashboardController.cs:line 42
   at Microsoft.AspNetCore.Mvc.Infrastructure.ActionMethodExecutor.TaskOfIActionResultExecutor.Execute(ActionContext actionContext, IActionResultTypeMapper mapper, ObjectMethodExecutor executor, Object controller, Object[] arguments)
   at Microsoft.AspNetCore.Mvc.Infrastructure.ControllerActionInvoker.<InvokeActionMethodAsync>g__Awaited|12_0(ControllerActionInvoker invoker, ValueTask`1 actionResultValueTask)
   at Microsoft.AspNetCore.Mvc.Infrastructure.ControllerActionInvoker.<InvokeNextActionFilterAsync>g__Awaited|10_0(ControllerActionInvoker invoker, Task lastTask, State next, Scope scope, Object state, Boolean isCompleted)
   at Microsoft.AspNetCore.Mvc.Infrastructure.ControllerActionInvoker.Rethrow(ActionExecutedContextSealed context)
   at Microsoft.AspNetCore.Mvc.Infrastructure.ControllerActionInvoker.Next(State& next, Scope& scope, Object& state, Boolean& isCompleted)
   at Microsoft.AspNetCore.Mvc.Infrastructure.ControllerActionInvoker.<InvokeInnerFilterAsync>g__Awaited|13_0(ControllerActionInvoker invoker, Task lastTask, State next, Scope scope, Object state, Boolean isCompleted)
   at Microsoft.AspNetCore.Mvc.Infrastructure.ResourceInvoker.<InvokeFilterPipelineAsync>g__Awaited|20_0(ResourceInvoker invoker, Task lastTask, State next, Scope scope, Object state, Boolean isCompleted)
   at Microsoft.AspNetCore.Mvc.Infrastructure.ResourceInvoker.<InvokeAsync>g__Logged|17_1(ResourceInvoker invoker)
   at Microsoft.AspNetCore.Mvc.Infrastructure.ResourceInvoker.<InvokeAsync>g__Logged|17_1(ResourceInvoker invoker)
   at Microsoft.AspNetCore.Routing.EndpointMiddleware.<Invoke>g__AwaitRequestTask|7_0(Endpoint endpoint, Task requestTask, ILogger logger)
   at Microsoft.AspNetCore.Authorization.AuthorizationMiddleware.Invoke(HttpContext context)
   at Microsoft.AspNetCore.Authentication.AuthenticationMiddleware.Invoke(HttpContext context)
   at HotelBooking.API.Middleware.ExceptionHandlingMiddleware.Invoke(HttpContext context) in C:\Users\Flori\Desktop\HBS\backend\src\HotelBooking.API\Middleware\ExceptionHandlingMiddleware.cs:line 17
2026-04-23 15:00:20.913 +02:00 [INF] Executing OkObjectResult, writing value of type 'HotelBooking.API.Common.ApiResponse'.
2026-04-23 15:00:20.915 +02:00 [INF] HTTP GET /api/dashboard/activity-feed responded 200 in 47.2444 ms
2026-04-23 15:00:20.911 +02:00 [INF] HTTP GET /api/dashboard/recent-bookings responded 200 in 45.7552 ms
2026-04-23 15:00:20.958 +02:00 [INF] Request finished HTTP/1.1 GET http://localhost:5259/api/dashboard/recent-bookings?count=5 - 200 null application/json; charset=utf-8 104.2241ms
2026-04-23 15:00:20.951 +02:00 [INF] Executed action HotelBooking.API.Controllers.DashboardController.GetSummary (HotelBooking.API) in 72.0911ms
2026-04-23 15:00:20.953 +02:00 [INF] Request finished HTTP/1.1 GET http://localhost:5259/api/dashboard/activity-feed?count=6 - 200 null application/json; charset=utf-8 96.8121ms
2026-04-23 15:00:20.950 +02:00 [ERR] HTTP GET /api/dashboard/occupancy responded 500 in 80.8138 ms
2026-04-23 15:00:20.970 +02:00 [INF] Executed endpoint 'HotelBooking.API.Controllers.DashboardController.GetSummary (HotelBooking.API)'
2026-04-23 15:00:20.976 +02:00 [INF] Request finished HTTP/1.1 GET http://localhost:5259/api/dashboard/occupancy - 500 null application/json 116.2645ms
2026-04-23 15:00:20.978 +02:00 [INF] HTTP GET /api/dashboard/summary responded 200 in 114.8931 ms
2026-04-23 15:00:20.984 +02:00 [INF] Request finished HTTP/1.1 GET http://localhost:5259/api/dashboard/summary - 200 null application/json; charset=utf-8 133.7162ms
2026-04-23 15:00:31.914 +02:00 [INF] Application is shutting down...
